========================================
Experiment: PI Controller + Spring Mass Damper
========================================

Simulation Parameters
---------------------
Target Position : 10.0 m
Simulation Time : 50.0 s
Time Step (dt) : 0.01 s

Controller
----------
Kp : 2.0
Ki : 1.0

Plant
-----
Mass : 1.0 kg
Spring Constant : 2.0
Damping Coefficient : 1.0

Observed Results
----------------
- Position converges to the target.
- The steps become shorter and shorter
- Maximum observed position: 9.99999
- PI control is stabe for spring mass damper

Logs
----
time,position,velocity,controller_output
0, 0, 0, 20.1
0.01, 0.00201, 0.201, 20.196
0.02, 0.00601909, 0.400909, 20.2879
0.03, 0.0120157, 0.599659, 20.3758
0.04, 0.0199875, 0.79718, 20.4596
0.05, 0.0299215, 0.993404, 20.5395
0.06, 0.0418042, 1.18827, 20.6153
0.07, 0.0556212, 1.3817, 20.6871
0.08, 0.0713576, 1.57364, 20.7549
0.09, 0.0889979, 1.76403, 20.8187
0.1, 0.108526, 1.95279, 20.8786
0.11, 0.129925, 2.13988, 20.9345
0.12, 0.153177, 2.32523, 20.9865
0.13, 0.178265, 2.50878, 21.0345
0.14, 0.205169, 2.69047, 21.0786
0.15, 0.233872, 2.87025, 21.1189
0.16, 0.264352, 3.04806, 21.1553
0.17, 0.296591, 3.22384, 21.1878
0.18, 0.330566, 3.39755, 21.2166
0.19, 0.366258, 3.56913, 21.2415
0.2, 0.403643, 3.73853, 21.2627
0.21, 0.4427, 3.9057, 21.2802
0.22, 0.483406, 4.07059, 21.2939
0.23, 0.525737, 4.23315, 21.304
0.24, 0.569671, 4.39335, 21.3105
0.25, 0.615182, 4.55113, 21.3133
0.26, 0.662247, 4.70644, 21.3125
0.27, 0.710839, 4.85926, 21.3082
0.28, 0.760934, 5.00953, 21.3004
0.29, 0.812507, 5.15722, 21.2892
0.3, 0.86553, 5.30229, 21.2745
0.31, 0.919977, 5.4447, 21.2564
0.32, 0.975821, 5.58442, 21.2349
0.33, 1.03303, 5.72141, 21.2102
0.34, 1.09159, 5.85564, 21.1821
0.35, 1.15146, 5.98707, 21.1509
0.36, 1.21262, 6.11568, 21.1164
0.37, 1.27503, 6.24143, 21.0789
0.38, 1.33868, 6.36431, 21.0382
0.39, 1.40352, 6.48427, 20.9945
0.4, 1.46953, 6.6013, 20.9478
0.41, 1.53669, 6.71538, 20.8981
0.42, 1.60495, 6.82647, 20.8455
0.43, 1.6743, 6.93456, 20.7901
0.44, 1.74469, 7.03963, 20.7318
0.45, 1.81611, 7.14166, 20.6708
0.46, 1.88852, 7.24063, 20.6071
0.47, 1.96188, 7.33652, 20.5408
0.48, 2.03617, 7.42933, 20.4718
0.49, 2.11136, 7.51903, 20.4003
0.5, 2.18742, 7.60562, 20.3264
0.51, 2.26431, 7.68908, 20.2499
0.52, 2.34201, 7.7694, 20.1711
0.53, 2.42047, 7.84658, 20.09
0.54, 2.49968, 7.9206, 20.0066
0.55, 2.57959, 7.99147, 19.921
0.56, 2.66018, 8.05917, 19.8332
0.57, 2.74142, 8.12371, 19.7433
0.58, 2.82327, 8.18507, 19.6513
0.59, 2.9057, 8.24327, 19.5574
0.6, 2.98869, 8.2983, 19.4616
0.61, 3.07219, 8.35016, 19.3638
0.62, 3.15618, 8.39885, 19.2643
0.63, 3.24062, 8.44438, 19.163
0.64, 3.32549, 8.48676, 19.06
0.65, 3.41075, 8.52598, 18.9554
0.66, 3.49637, 8.56206, 18.8492
0.67, 3.58232, 8.595, 18.7415
0.68, 3.66857, 8.62482, 18.6323
0.69, 3.75508, 8.65152, 18.5217
0.7, 3.84183, 8.67512, 18.4098
0.71, 3.92879, 8.69563, 18.2966
0.72, 4.01592, 8.71307, 18.1822
0.73, 4.10319, 8.72744, 18.0666
0.74, 4.19058, 8.73877, 17.9499
0.75, 4.27805, 8.74707, 17.8322
0.76, 4.36558, 8.75236, 17.7135
0.77, 4.45312, 8.75466, 17.5939
0.78, 4.54066, 8.75399, 17.4734
0.79, 4.62817, 8.75037, 17.3521
0.8, 4.7156, 8.74382, 17.23
0.81, 4.80295, 8.73437, 17.1073
0.82, 4.89017, 8.72204, 16.984
0.83, 4.97724, 8.70686, 16.8601
0.84, 5.06413, 8.68884, 16.7357
0.85, 5.15081, 8.66803, 16.6108
0.86, 5.23725, 8.64444, 16.4855
0.87, 5.32343, 8.61811, 16.3599
0.88, 5.40932, 8.58906, 16.2341
0.89, 5.4949, 8.55732, 16.108
0.9, 5.58012, 8.52293, 15.9817
0.91, 5.66498, 8.48591, 15.8553
0.92, 5.74945, 8.44631, 15.7289
0.93, 5.83349, 8.40415, 15.6025
0.94, 5.91708, 8.35946, 15.4761
0.95, 6.00021, 8.31228, 15.3499
0.96, 6.08283, 8.26266, 15.2238
0.97, 6.16494, 8.21061, 15.0979
0.98, 6.2465, 8.15619, 14.9724
0.99, 6.32749, 8.09942, 14.8471
1, 6.4079, 8.04034, 14.7222
1.01, 6.48769, 7.97901, 14.5977
1.02, 6.56684, 7.91544, 14.4738
1.03, 6.64534, 7.84969, 14.3503
1.04, 6.72316, 7.78178, 14.2275
1.05, 6.80028, 7.71178, 14.1052
1.06, 6.87667, 7.63971, 13.9837
1.07, 6.95233, 7.56561, 13.8628
1.08, 7.02722, 7.48954, 13.7428
1.09, 7.10134, 7.41153, 13.6235
1.1, 7.17466, 7.33162, 13.5051
1.11, 7.24715, 7.24986, 13.3877
1.12, 7.31882, 7.1663, 13.2712
1.13, 7.38963, 7.08097, 13.1556
1.14, 7.45957, 6.99392, 13.0412
1.15, 7.52862, 6.9052, 12.9278
1.16, 7.59677, 6.81486, 12.8155
1.17, 7.664, 6.72293, 12.7044
1.18, 7.73029, 6.62946, 12.5945
1.19, 7.79564, 6.53451, 12.4859
1.2, 7.86002, 6.43811, 12.3785
1.21, 7.92342, 6.34031, 12.2725
1.22, 7.98583, 6.24117, 12.1678
1.23, 8.04724, 6.14072, 12.0645
1.24, 8.10763, 6.03901, 11.9626
1.25, 8.16699, 5.93609, 11.8623
1.26, 8.22531, 5.83201, 11.7634
1.27, 8.28258, 5.72682, 11.666
1.28, 8.33878, 5.62056, 11.5702
1.29, 8.39392, 5.51328, 11.476
1.3, 8.44797, 5.40503, 11.3834
1.31, 8.50093, 5.29586, 11.2925
1.32, 8.55278, 5.1858, 11.2032
1.33, 8.60353, 5.07492, 11.1157
1.34, 8.65316, 4.96326, 11.0299
1.35, 8.70167, 4.85086, 10.9459
1.36, 8.74905, 4.73778, 10.8636
1.37, 8.79529, 4.62406, 10.7832
1.38, 8.84039, 4.50974, 10.7046
1.39, 8.88434, 4.39488, 10.6279
1.4, 8.92713, 4.27953, 10.553
1.41, 8.96877, 4.16372, 10.48
1.42, 9.00925, 4.04751, 10.409
1.43, 9.04856, 3.93094, 10.3399
1.44, 9.0867, 3.81405, 10.2727
1.45, 9.12366, 3.69691, 10.2076
1.46, 9.15946, 3.57954, 10.1444
1.47, 9.19408, 3.462, 10.0832
1.48, 9.22752, 3.34433, 10.024
1.49, 9.25979, 3.22658, 9.96691
1.5, 9.29088, 3.10878, 9.91182
1.51, 9.32079, 2.991, 9.85879
1.52, 9.34952, 2.87326, 9.80783
1.53, 9.37708, 2.75562, 9.75895
1.54, 9.40346, 2.63811, 9.71215
1.55, 9.42866, 2.52078, 9.66745
1.56, 9.4527, 2.40367, 9.62485
1.57, 9.47557, 2.28683, 9.58436
1.58, 9.49727, 2.17029, 9.54598
1.59, 9.51781, 2.0541, 9.50972
1.6, 9.5372, 1.9383, 9.47558
1.61, 9.55543, 1.82293, 9.44357
1.62, 9.57251, 1.70803, 9.41368
1.63, 9.58844, 1.59364, 9.38593
1.64, 9.60324, 1.47979, 9.3603
1.65, 9.61691, 1.36653, 9.3368
1.66, 9.62944, 1.2539, 9.31543
1.67, 9.64086, 1.14192, 9.29618
1.68, 9.65117, 1.03065, 9.27905
1.69, 9.66037, 0.920109, 9.26405
1.7, 9.66848, 0.810341, 9.25116
1.71, 9.67549, 0.70138, 9.24037
1.72, 9.68142, 0.59326, 9.2317
1.73, 9.68628, 0.486016, 9.22511
1.74, 9.69008, 0.379681, 9.22062
1.75, 9.69282, 0.274289, 9.2182
1.76, 9.69452, 0.169872, 9.21786
1.77, 9.69518, 0.066461, 9.21958
1.78, 9.69483, -0.0359115, 9.22335
1.79, 9.69345, -0.137215, 9.22916
1.8, 9.69108, -0.237421, 9.237
1.81, 9.68771, -0.336498, 9.24685
1.82, 9.68337, -0.434419, 9.25871
1.83, 9.67806, -0.531155, 9.27255
1.84, 9.67179, -0.626679, 9.28836
1.85, 9.66458, -0.720965, 9.30614
1.86, 9.65644, -0.813985, 9.32585
1.87, 9.64738, -0.905716, 9.34749
1.88, 9.63742, -0.996131, 9.37104
1.89, 9.62657, -1.08521, 9.39648
1.9, 9.61484, -1.17292, 9.42379
1.91, 9.60225, -1.25925, 9.45295
1.92, 9.58881, -1.34418, 9.48395
1.93, 9.57453, -1.42767, 9.51676
1.94, 9.55943, -1.50972, 9.55136
1.95, 9.54353, -1.59029, 9.58773
1.96, 9.52684, -1.66938, 9.62585
1.97, 9.50937, -1.74697, 9.66569
1.98, 9.49114, -1.82303, 9.70724
1.99, 9.47216, -1.89755, 9.75047
2, 9.45246, -1.97051, 9.79536
2.01, 9.43204, -2.0419, 9.84187
2.02, 9.41092, -2.11171, 9.89
2.03, 9.38912, -2.17991, 9.9397
2.04, 9.36666, -2.24649, 9.99097
2.05, 9.34354, -2.31145, 10.0438
2.06, 9.31979, -2.37477, 10.0981
2.07, 9.29543, -2.43644, 10.1538
2.08, 9.27047, -2.49645, 10.2111
2.09, 9.24492, -2.55478, 10.2697
2.1, 9.2188, -2.61143, 10.3297
2.11, 9.19214, -2.6664, 10.3912
2.12, 9.16494, -2.71966, 10.4539
2.13, 9.13723, -2.77123, 10.5179
2.14, 9.10902, -2.82108, 10.5833
2.15, 9.08033, -2.86922, 10.6499
2.16, 9.05117, -2.91563, 10.7177
2.17, 9.02157, -2.96032, 10.7867
2.18, 8.99154, -3.00329, 10.8568
2.19, 8.96109, -3.04452, 10.9281
2.2, 8.93025, -3.08401, 11.0005
2.21, 8.89903, -3.12177, 11.0739
2.22, 8.86745, -3.1578, 11.1484
2.23, 8.83553, -3.19208, 11.2239
2.24, 8.80329, -3.22463, 11.3003
2.25, 8.77073, -3.25545, 11.3777
2.26, 8.73789, -3.28453, 11.456
2.27, 8.70477, -3.31188, 11.5352
2.28, 8.67139, -3.33751, 11.6153
2.29, 8.63778, -3.36141, 11.6961
2.3, 8.60394, -3.38359, 11.7778
2.31, 8.5699, -3.40405, 11.8601
2.32, 8.53567, -3.42281, 11.9432
2.33, 8.50128, -3.43986, 12.027
2.34, 8.46672, -3.45522, 12.1115
2.35, 8.43203, -3.46889, 12.1965
2.36, 8.39723, -3.48087, 12.2822
2.37, 8.36231, -3.49119, 12.3684
2.38, 8.32732, -3.49984, 12.4551
2.39, 8.29225, -3.50684, 12.5423
2.4, 8.25713, -3.51219, 12.63
2.41, 8.22197, -3.51591, 12.7181
2.42, 8.18679, -3.51801, 12.8066
2.43, 8.1516, -3.5185, 12.8954
2.44, 8.11643, -3.51739, 12.9846
2.45, 8.08128, -3.5147, 13.0741
2.46, 8.04618, -3.51044, 13.1638
2.47, 8.01113, -3.50462, 13.2538
2.48, 7.97616, -3.49726, 13.344
2.49, 7.94127, -3.48837, 13.4343
2.5, 7.90649, -3.47797, 13.5248
2.51, 7.87183, -3.46607, 13.6154
2.52, 7.83731, -3.45269, 13.7061
2.53, 7.80293, -3.43785, 13.7969
2.54, 7.76871, -3.42156, 13.8876
2.55, 7.73467, -3.40384, 13.9783
2.56, 7.70083, -3.38472, 14.069
2.57, 7.66718, -3.36419, 14.1596
2.58, 7.63376, -3.3423, 14.2501
2.59, 7.60057, -3.31905, 14.3405
2.6, 7.56763, -3.29447, 14.4307
2.61, 7.53494, -3.26857, 14.5207
2.62, 7.50253, -3.24137, 14.6105
2.63, 7.4704, -3.2129, 14.7001
2.64, 7.43857, -3.18318, 14.7894
2.65, 7.40704, -3.15223, 14.8784
2.66, 7.37584, -3.12006, 14.967
2.67, 7.34498, -3.08671, 15.0553
2.68, 7.31445, -3.05219, 15.1432
2.69, 7.28429, -3.01652, 15.2307
2.7, 7.25449, -2.97974, 15.3177
2.71, 7.22507, -2.94185, 15.4043
2.72, 7.19604, -2.90289, 15.4904
2.73, 7.16742, -2.86288, 15.576
2.74, 7.1392, -2.82184, 15.661
2.75, 7.1114, -2.7798, 15.7455
2.76, 7.08403, -2.73677, 15.8294
2.77, 7.0571, -2.69279, 15.9127
2.78, 7.03062, -2.64788, 15.9953
2.79, 7.0046, -2.60206, 16.0773
2.8, 6.97905, -2.55536, 16.1587
2.81, 6.95397, -2.5078, 16.2393
2.82, 6.92938, -2.45941, 16.3192
2.83, 6.90528, -2.41021, 16.3983
2.84, 6.88167, -2.36023, 16.4767
2.85, 6.85858, -2.30949, 16.5543
2.86, 6.836, -2.25803, 16.6311
2.87, 6.81394, -2.20585, 16.7071
2.88, 6.79241, -2.153, 16.7822
2.89, 6.77142, -2.0995, 16.8565
2.9, 6.75096, -2.04537, 16.9299
2.91, 6.73106, -1.99063, 17.0024
2.92, 6.7117, -1.93533, 17.074
2.93, 6.69291, -1.87947, 17.1446
2.94, 6.67468, -1.82308, 17.2144
2.95, 6.65701, -1.7662, 17.2831
2.96, 6.63993, -1.70885, 17.3509
2.97, 6.62342, -1.65105, 17.4177
2.98, 6.60749, -1.59283, 17.4835
2.99, 6.59215, -1.53422, 17.5482
3, 6.57739, -1.47524, 17.612
3.01, 6.56323, -1.41591, 17.6746
3.02, 6.54967, -1.35627, 17.7363
3.03, 6.53671, -1.29634, 17.7968
3.04, 6.52435, -1.23614, 17.8563
3.05, 6.51259, -1.1757, 17.9147
3.06, 6.50144, -1.11505, 17.972
3.07, 6.4909, -1.05421, 18.0282
3.08, 6.48096, -0.993205, 18.0832
3.09, 6.47164, -0.93206, 18.1371
3.1, 6.46294, -0.870801, 18.1899
3.11, 6.45484, -0.809452, 18.2416
3.12, 6.44736, -0.748039, 18.2921
3.13, 6.4405, -0.686585, 18.3414
3.14, 6.43424, -0.625116, 18.3895
3.15, 6.42861, -0.563654, 18.4365
3.16, 6.42359, -0.502224, 18.4823
3.17, 6.41918, -0.44085, 18.527
3.18, 6.41538, -0.379556, 18.5704
3.19, 6.4122, -0.318364, 18.6126
3.2, 6.40962, -0.257298, 18.6537
3.21, 6.40766, -0.19638, 18.6935
3.22, 6.4063, -0.135634, 18.7322
3.23, 6.40555, -0.0750821, 18.7696
3.24, 6.40541, -0.014746, 18.8059
3.25, 6.40586, 0.0453522, 18.8409
3.26, 6.40691, 0.105191, 18.8747
3.27, 6.40856, 0.164748, 18.9074
3.28, 6.4108, 0.224003, 18.9388
3.29, 6.41363, 0.282935, 18.969
3.3, 6.41704, 0.341522, 18.998
3.31, 6.42104, 0.399746, 19.0258
3.32, 6.42562, 0.457586, 19.0524
3.33, 6.43077, 0.515021, 19.0778
3.34, 6.43649, 0.572033, 19.102
3.35, 6.44277, 0.628602, 19.125
3.36, 6.44962, 0.684711, 19.1468
3.37, 6.45702, 0.740339, 19.1674
3.38, 6.46498, 0.795469, 19.1868
3.39, 6.47348, 0.850083, 19.2051
3.4, 6.48252, 0.904163, 19.2222
3.41, 6.4921, 0.957693, 19.2381
3.42, 6.5022, 1.01065, 19.2529
3.43, 6.51283, 1.06303, 19.2665
3.44, 6.52398, 1.11481, 19.2789
3.45, 6.53564, 1.16597, 19.2903
3.46, 6.54781, 1.2165, 19.3005
3.47, 6.56047, 1.26639, 19.3095
3.48, 6.57363, 1.31561, 19.3175
3.49, 6.58727, 1.36415, 19.3243
3.5, 6.60139, 1.41201, 19.3301
3.51, 6.61598, 1.45916, 19.3347
3.52, 6.63104, 1.5056, 19.3383
3.53, 6.64655, 1.55131, 19.3408
3.54, 6.66251, 1.59627, 19.3423
3.55, 6.67892, 1.64048, 19.3427
3.56, 6.69576, 1.68392, 19.342
3.57, 6.71302, 1.72659, 19.3404
3.58, 6.73071, 1.76847, 19.3377
3.59, 6.7488, 1.80954, 19.334
3.6, 6.7673, 1.84981, 19.3293
3.61, 6.78619, 1.88926, 19.3237
3.62, 6.80547, 1.92788, 19.3171
3.63, 6.82513, 1.96566, 19.3095
3.64, 6.84515, 2.0026, 19.301
3.65, 6.86554, 2.03868, 19.2916
3.66, 6.88628, 2.0739, 19.2812
3.67, 6.90736, 2.10825, 19.27
3.68, 6.92878, 2.14172, 19.2579
3.69, 6.95052, 2.1743, 19.2449
3.7, 6.97258, 2.206, 19.231
3.71, 6.99495, 2.2368, 19.2164
3.72, 7.01762, 2.2667, 19.2008
3.73, 7.04058, 2.29568, 19.1845
3.74, 7.06381, 2.32376, 19.1674
3.75, 7.08732, 2.35092, 19.1495
3.76, 7.11109, 2.37716, 19.1309
3.77, 7.13512, 2.40248, 19.1115
3.78, 7.15939, 2.42686, 19.0913
3.79, 7.18389, 2.45032, 19.0705
3.8, 7.20862, 2.47284, 19.049
3.81, 7.23356, 2.49443, 19.0267
3.82, 7.25871, 2.51509, 19.0038
3.83, 7.28406, 2.5348, 18.9803
3.84, 7.3096, 2.55357, 18.9561
3.85, 7.33531, 2.57141, 18.9314
3.86, 7.36119, 2.5883, 18.906
3.87, 7.38724, 2.60425, 18.88
3.88, 7.41343, 2.61926, 18.8535
3.89, 7.43976, 2.63334, 18.8264
3.9, 7.46623, 2.64647, 18.7988
3.91, 7.49281, 2.65867, 18.7707
3.92, 7.51951, 2.66994, 18.7421
3.93, 7.54632, 2.68027, 18.7131
3.94, 7.57321, 2.68967, 18.6836
3.95, 7.60019, 2.69815, 18.6536
3.96, 7.62725, 2.7057, 18.6232
3.97, 7.65438, 2.71233, 18.5924
3.98, 7.68156, 2.71804, 18.5612
3.99, 7.70878, 2.72284, 18.5297
4, 7.73605, 2.72673, 18.4978
4.01, 7.76335, 2.72972, 18.4656
4.02, 7.79067, 2.73181, 18.433
4.03, 7.818, 2.73301, 18.4002
4.04, 7.84533, 2.73332, 18.3671
4.05, 7.87266, 2.73276, 18.3337
4.06, 7.89997, 2.73131, 18.3001
4.07, 7.92726, 2.729, 18.2662
4.08, 7.95452, 2.72583, 18.2321
4.09, 7.98174, 2.7218, 18.1979
4.1, 8.00891, 2.71693, 18.1635
4.11, 8.03602, 2.71121, 18.1289
4.12, 8.06307, 2.70467, 18.0942
4.13, 8.09004, 2.6973, 18.0593
4.14, 8.11693, 2.68912, 18.0244
4.15, 8.14373, 2.68014, 17.9893
4.16, 8.17043, 2.67035, 17.9542
4.17, 8.19703, 2.65978, 17.919
4.18, 8.22352, 2.64843, 17.8838
4.19, 8.24988, 2.63632, 17.8486
4.2, 8.27611, 2.62344, 17.8134
4.21, 8.30221, 2.60982, 17.7782
4.22, 8.32817, 2.59546, 17.743
4.23, 8.35397, 2.58037, 17.7078
4.24, 8.37962, 2.56457, 17.6727
4.25, 8.4051, 2.54806, 17.6377
4.26, 8.43041, 2.53085, 17.6028
4.27, 8.45553, 2.51296, 17.568
4.28, 8.48048, 2.4944, 17.5333
4.29, 8.50523, 2.47518, 17.4987
4.3, 8.52978, 2.45531, 17.4643
4.31, 8.55413, 2.43481, 17.4301
4.32, 8.57827, 2.41368, 17.396
4.33, 8.60219, 2.39193, 17.3622
4.34, 8.62588, 2.36959, 17.3285
4.35, 8.64935, 2.34667, 17.2951
4.36, 8.67258, 2.32316, 17.2619
4.37, 8.69557, 2.2991, 17.229
4.38, 8.71832, 2.27449, 17.1963
4.39, 8.74081, 2.24934, 17.1639
4.4, 8.76305, 2.22367, 17.1318
4.41, 8.78502, 2.19749, 17.1
4.42, 8.80673, 2.17081, 17.0685
4.43, 8.82817, 2.14365, 17.0374
4.44, 8.84933, 2.11603, 17.0066
4.45, 8.87021, 2.08795, 16.9761
4.46, 8.8908, 2.05942, 16.946
4.47, 8.91111, 2.03047, 16.9163
4.48, 8.93112, 2.00111, 16.8869
4.49, 8.95083, 1.97135, 16.858
4.5, 8.97024, 1.9412, 16.8295
4.51, 8.98935, 1.91067, 16.8014
4.52, 9.00815, 1.87979, 16.7737
4.53, 9.02663, 1.84857, 16.7465
4.54, 9.0448, 1.81702, 16.7197
4.55, 9.06265, 1.78515, 16.6933
4.56, 9.08018, 1.75297, 16.6675
4.57, 9.09739, 1.72052, 16.6421
4.58, 9.11427, 1.68778, 16.6172
4.59, 9.13082, 1.65479, 16.5928
4.6, 9.14703, 1.62156, 16.5689
4.61, 9.16291, 1.58809, 16.5455
4.62, 9.17846, 1.55441, 16.5226
4.63, 9.19366, 1.52052, 16.5003
4.64, 9.20853, 1.48644, 16.4785
4.65, 9.22305, 1.45219, 16.4572
4.66, 9.23723, 1.41778, 16.4365
4.67, 9.25106, 1.38322, 16.4163
4.68, 9.26454, 1.34853, 16.3967
4.69, 9.27768, 1.31372, 16.3776
4.7, 9.29047, 1.27881, 16.3591
4.71, 9.30291, 1.2438, 16.3412
4.72, 9.31499, 1.20872, 16.3239
4.73, 9.32673, 1.17357, 16.3072
4.74, 9.33811, 1.13837, 16.291
4.75, 9.34914, 1.10314, 16.2755
4.76, 9.35982, 1.06788, 16.2605
4.77, 9.37015, 1.03261, 16.2462
4.78, 9.38012, 0.99734, 16.2324
4.79, 9.38974, 0.962088, 16.2193
4.8, 9.39901, 0.926865, 16.2067
4.81, 9.40793, 0.891683, 16.1948
4.82, 9.41649, 0.856556, 16.1835
4.83, 9.42471, 0.821496, 16.1729
4.84, 9.43257, 0.786516, 16.1628
4.85, 9.44009, 0.751627, 16.1534
4.86, 9.44726, 0.716842, 16.1446
4.87, 9.45408, 0.682174, 16.1364
4.88, 9.46056, 0.647635, 16.1288
4.89, 9.46669, 0.613235, 16.1219
4.9, 9.47248, 0.578988, 16.1156
4.91, 9.47793, 0.544905, 16.1099
4.92, 9.48304, 0.510996, 16.1049
4.93, 9.48781, 0.477274, 16.1004
4.94, 9.49225, 0.443749, 16.0966
4.95, 9.49635, 0.410433, 16.0935
4.96, 9.50013, 0.377336, 16.0909
4.97, 9.50357, 0.344469, 16.089
4.98, 9.50669, 0.311843, 16.0877
4.99, 9.50948, 0.279468, 16.087
5, 9.51196, 0.247353, 16.0869
5.01, 9.51411, 0.21551, 16.0875
5.02, 9.51595, 0.183947, 16.0886
5.03, 9.51748, 0.152675, 16.0904
5.04, 9.5187, 0.121703, 16.0928
5.05, 9.51961, 0.0910399, 16.0958
5.06, 9.52021, 0.0606951, 16.0994
5.07, 9.52052, 0.0306775, 16.1035
5.08, 9.52053, 0.000995733, 16.1083
5.09, 9.52025, -0.0283417, 16.1137
5.1, 9.51967, -0.0573264, 16.1196
5.11, 9.51881, -0.0859503, 16.1262
5.12, 9.51767, -0.114206, 16.1333
5.13, 9.51625, -0.142084, 16.1409
5.14, 9.51456, -0.169579, 16.1492
5.15, 9.51259, -0.196682, 16.158
5.16, 9.51035, -0.223387, 16.1674
5.17, 9.50786, -0.249687, 16.1773
5.18, 9.5051, -0.275574, 16.1877
5.19, 9.50209, -0.301043, 16.1987
5.2, 9.49883, -0.326087, 16.2103
5.21, 9.49532, -0.3507, 16.2223
5.22, 9.49157, -0.374876, 16.2349
5.23, 9.48759, -0.39861, 16.248
5.24, 9.48337, -0.421896, 16.2616
5.25, 9.47892, -0.444728, 16.2757
5.26, 9.47425, -0.467102, 16.2903
5.27, 9.46936, -0.489013, 16.3054
5.28, 9.46426, -0.510456, 16.321
5.29, 9.45894, -0.531426, 16.337
5.3, 9.45342, -0.551921, 16.3535
5.31, 9.4477, -0.571935, 16.3705
5.32, 9.44179, -0.591465, 16.3879
5.33, 9.43568, -0.610507, 16.4057
5.34, 9.42939, -0.629058, 16.424
5.35, 9.42292, -0.647115, 16.4427
5.36, 9.41628, -0.664675, 16.4619
5.37, 9.40946, -0.681735, 16.4814
5.38, 9.40248, -0.698293, 16.5014
5.39, 9.39533, -0.714346, 16.5217
5.4, 9.38803, -0.729892, 16.5424
5.41, 9.38058, -0.74493, 16.5635
5.42, 9.37299, -0.759457, 16.585
5.43, 9.36525, -0.773473, 16.6068
5.44, 9.35738, -0.786975, 16.6289
5.45, 9.34939, -0.799964, 16.6514
5.46, 9.34126, -0.812437, 16.6743
5.47, 9.33302, -0.824395, 16.6974
5.48, 9.32466, -0.835837, 16.7209
5.49, 9.31619, -0.846763, 16.7447
5.5, 9.30762, -0.857172, 16.7688
5.51, 9.29895, -0.867066, 16.7931
5.52, 9.29018, -0.876443, 16.8177
5.53, 9.28133, -0.885305, 16.8426
5.54, 9.27239, -0.893652, 16.8678
5.55, 9.26338, -0.901486, 16.8932
5.56, 9.25429, -0.908807, 16.9188
5.57, 9.24514, -0.915617, 16.9447
5.58, 9.23592, -0.921917, 16.9707
5.59, 9.22664, -0.927708, 16.997
5.6, 9.21731, -0.932994, 17.0235
5.61, 9.20793, -0.937775, 17.0502
5.62, 9.19851, -0.942054, 17.077
5.63, 9.18905, -0.945833, 17.1041
5.64, 9.17956, -0.949115, 17.1313
5.65, 9.17004, -0.951902, 17.1586
5.66, 9.1605, -0.954198, 17.1861
5.67, 9.15094, -0.956005, 17.2137
5.68, 9.14137, -0.957327, 17.2414
5.69, 9.13179, -0.958167, 17.2693
5.7, 9.1222, -0.958528, 17.2972
5.71, 9.11262, -0.958415, 17.3253
5.72, 9.10304, -0.957831, 17.3534
5.73, 9.09347, -0.956779, 17.3816
5.74, 9.08392, -0.955265, 17.4099
5.75, 9.07438, -0.953292, 17.4382
5.76, 9.06488, -0.950865, 17.4665
5.77, 9.0554, -0.947989, 17.4949
5.78, 9.04595, -0.944667, 17.5234
5.79, 9.03654, -0.940906, 17.5518
5.8, 9.02717, -0.936709, 17.5803
5.81, 9.01785, -0.932083, 17.6088
5.82, 9.00858, -0.927031, 17.6372
5.83, 8.99937, -0.92156, 17.6657
5.84, 8.99021, -0.915676, 17.6941
5.85, 8.98112, -0.909382, 17.7224
5.86, 8.97209, -0.902686, 17.7508
5.87, 8.96313, -0.895594, 17.7791
5.88, 8.95425, -0.88811, 17.8073
5.89, 8.94545, -0.880241, 17.8354
5.9, 8.93673, -0.871993, 17.8635
5.91, 8.9281, -0.863373, 17.8915
5.92, 8.91955, -0.854386, 17.9194
5.93, 8.9111, -0.84504, 17.9472
5.94, 8.90275, -0.83534, 17.9748
5.95, 8.8945, -0.825293, 18.0024
5.96, 8.88635, -0.814906, 18.0298
5.97, 8.8783, -0.804185, 18.0571
5.98, 8.87037, -0.793138, 18.0843
5.99, 8.86256, -0.781771, 18.1113
6, 8.85485, -0.770092, 18.1382
6.01, 8.84727, -0.758106, 18.1649
6.02, 8.83981, -0.745822, 18.1914
6.03, 8.83248, -0.733246, 18.2177
6.04, 8.82528, -0.720386, 18.2439
6.05, 8.81821, -0.707249, 18.2698
6.06, 8.81127, -0.693843, 18.2956
6.07, 8.80447, -0.680174, 18.3212
6.08, 8.7978, -0.66625, 18.3465
6.09, 8.79128, -0.652079, 18.3716
6.1, 8.78491, -0.637667, 18.3965
6.11, 8.77868, -0.623023, 18.4212
6.12, 8.77259, -0.608154, 18.4456
6.13, 8.76666, -0.593068, 18.4698
6.14, 8.76089, -0.577773, 18.4938
6.15, 8.75526, -0.562275, 18.5175
6.16, 8.7498, -0.546583, 18.5409
6.17, 8.74449, -0.530704, 18.5641
6.18, 8.73934, -0.514646, 18.587
6.19, 8.73436, -0.498416, 18.6096
6.2, 8.72954, -0.482023, 18.6319
6.21, 8.72488, -0.465474, 18.654
6.22, 8.7204, -0.448777, 18.6758
6.23, 8.71608, -0.431939, 18.6973
6.24, 8.71193, -0.414969, 18.7184
6.25, 8.70795, -0.397874, 18.7393
6.26, 8.70414, -0.380661, 18.7599
6.27, 8.70051, -0.363338, 18.7801
6.28, 8.69705, -0.345913, 18.8001
6.29, 8.69377, -0.328394, 18.8197
6.3, 8.69066, -0.310788, 18.839
6.31, 8.68773, -0.293103, 18.858
6.32, 8.68497, -0.275346, 18.8767
6.33, 8.6824, -0.257526, 18.895
6.34, 8.68, -0.239648, 18.913
6.35, 8.67778, -0.221722, 18.9307
6.36, 8.67575, -0.203754, 18.948
6.37, 8.67389, -0.185752, 18.9649
6.38, 8.67221, -0.167722, 18.9816
6.39, 8.67072, -0.149674, 18.9979
6.4, 8.6694, -0.131612, 19.0138
6.41, 8.66826, -0.113546, 19.0294
6.42, 8.66731, -0.0954821, 19.0446
6.43, 8.66653, -0.0774272, 19.0595
6.44, 8.66594, -0.0593885, 19.074
6.45, 8.66553, -0.041373, 19.0882
6.46, 8.66529, -0.0233877, 19.102
6.47, 8.66524, -0.00543935, 19.1155
6.48, 8.66536, 0.0124651, 19.1286
6.49, 8.66567, 0.030319, 19.1413
6.5, 8.66615, 0.0481157, 19.1537
6.51, 8.66681, 0.0658485, 19.1657
6.52, 8.66764, 0.083511, 19.1774
6.53, 8.66865, 0.101097, 19.1887
6.54, 8.66984, 0.118599, 19.1996
6.55, 8.6712, 0.136012, 19.2102
6.56, 8.67273, 0.15333, 19.2204
6.57, 8.67444, 0.170545, 19.2302
6.58, 8.67631, 0.187653, 19.2397
6.59, 8.67836, 0.204647, 19.2488
6.6, 8.68058, 0.221522, 19.2576
6.61, 8.68296, 0.238271, 19.266
6.62, 8.68551, 0.254889, 19.274
6.63, 8.68822, 0.27137, 19.2817
6.64, 8.6911, 0.287709, 19.2891
6.65, 8.69414, 0.3039, 19.296
6.66, 8.69734, 0.319939, 19.3027
6.67, 8.70069, 0.33582, 19.3089
6.68, 8.70421, 0.351537, 19.3149
6.69, 8.70788, 0.367086, 19.3204
6.7, 8.71171, 0.382462, 19.3257
6.71, 8.71568, 0.39766, 19.3306
6.72, 8.71981, 0.412675, 19.3351
6.73, 8.72408, 0.427504, 19.3393
6.74, 8.72851, 0.44214, 19.3432
6.75, 8.73307, 0.456581, 19.3467
6.76, 8.73778, 0.470821, 19.3499
6.77, 8.74263, 0.484856, 19.3528
6.78, 8.74761, 0.498683, 19.3554
6.79, 8.75274, 0.512298, 19.3576
6.8, 8.75799, 0.525696, 19.3595
6.81, 8.76338, 0.538874, 19.3611
6.82, 8.7689, 0.551829, 19.3624
6.83, 8.77455, 0.564556, 19.3633
6.84, 8.78032, 0.577053, 19.364
6.85, 8.78621, 0.589316, 19.3643
6.86, 8.79222, 0.601342, 19.3644
6.87, 8.79836, 0.613128, 19.3641
6.88, 8.8046, 0.624671, 19.3636
6.89, 8.81096, 0.635968, 19.3628
6.9, 8.81743, 0.647017, 19.3617
6.91, 8.82401, 0.657814, 19.3603
6.92, 8.83069, 0.668359, 19.3586
6.93, 8.83748, 0.678647, 19.3566
6.94, 8.84437, 0.688677, 19.3544
6.95, 8.85135, 0.698447, 19.3519
6.96, 8.85843, 0.707955, 19.3492
6.97, 8.8656, 0.717199, 19.3462
6.98, 8.87286, 0.726177, 19.3429
6.99, 8.88021, 0.734887, 19.3394
7, 8.88765, 0.743329, 19.3357
7.01, 8.89516, 0.751499, 19.3317
7.02, 8.90276, 0.759398, 19.3275
7.03, 8.91043, 0.767024, 19.3231
7.04, 8.91817, 0.774376, 19.3184
7.05, 8.92598, 0.781453, 19.3135
7.06, 8.93387, 0.788254, 19.3084
7.07, 8.94181, 0.794778, 19.3031
7.08, 8.94983, 0.801024, 19.2976
7.09, 8.9579, 0.806993, 19.2918
7.1, 8.96602, 0.812684, 19.2859
7.11, 8.9742, 0.818096, 19.2798
7.12, 8.98244, 0.823229, 19.2735
7.13, 8.99072, 0.828084, 19.2671
7.14, 8.99904, 0.832659, 19.2604
7.15, 9.00741, 0.836956, 19.2536
7.16, 9.01582, 0.840974, 19.2466
7.17, 9.02427, 0.844714, 19.2395
7.18, 9.03275, 0.848177, 19.2322
7.19, 9.04126, 0.851362, 19.2248
7.2, 9.04981, 0.854271, 19.2172
7.21, 9.05838, 0.856904, 19.2095
7.22, 9.06697, 0.859262, 19.2016
7.23, 9.07558, 0.861346, 19.1936
7.24, 9.08421, 0.863157, 19.1855
7.25, 9.09286, 0.864696, 19.1773
7.26, 9.10152, 0.865965, 19.169
7.27, 9.11019, 0.866965, 19.1605
7.28, 9.11887, 0.867696, 19.152
7.29, 9.12755, 0.868162, 19.1433
7.3, 9.13623, 0.868363, 19.1346
7.31, 9.14492, 0.868301, 19.1258
7.32, 9.1536, 0.867977, 19.1169
7.33, 9.16227, 0.867394, 19.1079
7.34, 9.17093, 0.866554, 19.0989
7.35, 9.17959, 0.865459, 19.0898
7.36, 9.18823, 0.86411, 19.0806
7.37, 9.19686, 0.862511, 19.0714
7.38, 9.20546, 0.860663, 19.0621
7.39, 9.21405, 0.858568, 19.0528
7.4, 9.22261, 0.85623, 19.0435
7.41, 9.23115, 0.85365, 19.0341
7.42, 9.23965, 0.850831, 19.0247
7.43, 9.24813, 0.847777, 19.0152
7.44, 9.25658, 0.844489, 19.0058
7.45, 9.26499, 0.84097, 18.9963
7.46, 9.27336, 0.837224, 18.9868
7.47, 9.28169, 0.833252, 18.9773
7.48, 9.28998, 0.82906, 18.9679
7.49, 9.29823, 0.824648, 18.9584
7.5, 9.30643, 0.820021, 18.9489
7.51, 9.31458, 0.815181, 18.9395
7.52, 9.32268, 0.810133, 18.93
7.53, 9.33073, 0.804878, 18.9206
7.54, 9.33873, 0.799421, 18.9113
7.55, 9.34666, 0.793765, 18.9019
7.56, 9.35454, 0.787914, 18.8926
7.57, 9.36236, 0.78187, 18.8834
7.58, 9.37012, 0.775638, 18.8741
7.59, 9.37781, 0.76922, 18.865
7.6, 9.38544, 0.762622, 18.8559
7.61, 9.39299, 0.755846, 18.8468
7.62, 9.40048, 0.748896, 18.8378
7.63, 9.4079, 0.741776, 18.8289
7.64, 9.41525, 0.734489, 18.8201
7.65, 9.42252, 0.72704, 18.8113
7.66, 9.42971, 0.719433, 18.8026
7.67, 9.43683, 0.711671, 18.794
7.68, 9.44386, 0.703758, 18.7855
7.69, 9.45082, 0.695698, 18.7771
7.7, 9.4577, 0.687496, 18.7688
7.71, 9.46449, 0.679155, 18.7605
7.72, 9.47119, 0.670679, 18.7524
7.73, 9.47782, 0.662072, 18.7444
7.74, 9.48435, 0.653339, 18.7365
7.75, 9.49079, 0.644484, 18.7287
7.76, 9.49715, 0.63551, 18.721
7.77, 9.50341, 0.626422, 18.7135
7.78, 9.50959, 0.617224, 18.706
7.79, 9.51566, 0.60792, 18.6987
7.8, 9.52165, 0.598515, 18.6915
7.81, 9.52754, 0.589012, 18.6845
7.82, 9.53333, 0.579415, 18.6775
7.83, 9.53903, 0.56973, 18.6707
7.84, 9.54463, 0.559959, 18.6641
7.85, 9.55013, 0.550108, 18.6576
7.86, 9.55553, 0.54018, 18.6512
7.87, 9.56084, 0.53018, 18.645
7.88, 9.56604, 0.520112, 18.639
7.89, 9.57114, 0.50998, 18.6331
7.9, 9.57613, 0.499788, 18.6273
7.91, 9.58103, 0.48954, 18.6217
7.92, 9.58582, 0.479241, 18.6163
7.93, 9.59051, 0.468895, 18.611
7.94, 9.5951, 0.458505, 18.6058
7.95, 9.59958, 0.448077, 18.6009
7.96, 9.60395, 0.437613, 18.5961
7.97, 9.60822, 0.427119, 18.5915
7.98, 9.61239, 0.416598, 18.587
7.99, 9.61645, 0.406055, 18.5827
8, 9.62041, 0.395492, 18.5786
8.01, 9.62426, 0.384916, 18.5747
8.02, 9.628, 0.374328, 18.5709
8.03, 9.63164, 0.363734, 18.5673
8.04, 9.63517, 0.353137, 18.5639
8.05, 9.63859, 0.342542, 18.5607
8.06, 9.64191, 0.331951, 18.5576
8.07, 9.64513, 0.321369, 18.5547
8.08, 9.64823, 0.3108, 18.552
8.09, 9.65124, 0.300248, 18.5495
8.1, 9.65413, 0.289716, 18.5472
8.11, 9.65693, 0.279208, 18.545
8.12, 9.65961, 0.268728, 18.5431
8.13, 9.6622, 0.258279, 18.5413
8.14, 9.66467, 0.247865, 18.5397
8.15, 9.66705, 0.237489, 18.5382
8.16, 9.66932, 0.227156, 18.537
8.17, 9.67149, 0.216868, 18.536
8.18, 9.67356, 0.206629, 18.5351
8.19, 9.67552, 0.196443, 18.5344
8.2, 9.67738, 0.186312, 18.5339
8.21, 9.67915, 0.17624, 18.5336
8.22, 9.68081, 0.166231, 18.5335
8.23, 9.68237, 0.156287, 18.5335
8.24, 9.68383, 0.146411, 18.5337
8.25, 9.6852, 0.136608, 18.5342
8.26, 9.68647, 0.12688, 18.5348
8.27, 9.68764, 0.117229, 18.5355
8.28, 9.68872, 0.107659, 18.5365
8.29, 9.6897, 0.098173, 18.5376
8.3, 9.69059, 0.0887736, 18.5389
8.31, 9.69138, 0.0794636, 18.5404
8.32, 9.69209, 0.0702458, 18.5421
8.33, 9.6927, 0.0611228, 18.544
8.34, 9.69322, 0.0520974, 18.546
8.35, 9.69365, 0.043172, 18.5482
8.36, 9.69399, 0.0343493, 18.5506
8.37, 9.69425, 0.0256317, 18.5531
8.38, 9.69442, 0.0170215, 18.5558
8.39, 9.6945, 0.00852122, 18.5587
8.4, 9.69451, 0.000133079, 18.5618
8.41, 9.69442, -0.00814069, 18.565
8.42, 9.69426, -0.0162979, 18.5684
8.43, 9.69402, -0.0243365, 18.5719
8.44, 9.6937, -0.0322543, 18.5756
8.45, 9.69329, -0.0400494, 18.5795
8.46, 9.69282, -0.0477199, 18.5835
8.47, 9.69226, -0.0552639, 18.5877
8.48, 9.69164, -0.0626795, 18.592
8.49, 9.69094, -0.0699651, 18.5965
8.5, 9.69017, -0.0771189, 18.6012
8.51, 9.68933, -0.0841394, 18.606
8.52, 9.68842, -0.0910249, 18.6109
8.53, 9.68744, -0.0977741, 18.616
8.54, 9.68639, -0.104385, 18.6212
8.55, 9.68529, -0.110857, 18.6266
8.56, 9.68411, -0.117189, 18.6321
8.57, 9.68288, -0.123379, 18.6377
8.58, 9.68159, -0.129425, 18.6435
8.59, 9.68023, -0.135328, 18.6494
8.6, 9.67882, -0.141086, 18.6554
8.61, 9.67735, -0.146697, 18.6616
8.62, 9.67583, -0.152161, 18.6679
8.63, 9.67426, -0.157478, 18.6743
8.64, 9.67263, -0.162645, 18.6808
8.65, 9.67095, -0.167664, 18.6874
8.66, 9.66923, -0.172532, 18.6942
8.67, 9.66746, -0.177249, 18.7011
8.68, 9.66564, -0.181815, 18.708
8.69, 9.66378, -0.186229, 18.7151
8.7, 9.66187, -0.190491, 18.7223
8.71, 9.65993, -0.1946, 18.7296
8.72, 9.65794, -0.198557, 18.737
8.73, 9.65592, -0.20236, 18.7445
8.74, 9.65386, -0.20601, 18.7521
8.75, 9.65176, -0.209506, 18.7598
8.76, 9.64963, -0.212849, 18.7675
8.77, 9.64747, -0.216038, 18.7754
8.78, 9.64528, -0.219073, 18.7833
8.79, 9.64306, -0.221955, 18.7913
8.8, 9.64082, -0.224684, 18.7994
8.81, 9.63854, -0.22726, 18.8075
8.82, 9.63625, -0.229682, 18.8158
8.83, 9.63393, -0.231953, 18.8241
8.84, 9.63159, -0.234071, 18.8324
8.85, 9.62923, -0.236038, 18.8409
8.86, 9.62685, -0.237853, 18.8494
8.87, 9.62445, -0.239518, 18.8579
8.88, 9.62204, -0.241033, 18.8665
8.89, 9.61962, -0.242398, 18.8752
8.9, 9.61718, -0.243615, 18.8839
8.91, 9.61473, -0.244684, 18.8926
8.92, 9.61228, -0.245606, 18.9014
8.93, 9.60981, -0.246382, 18.9102
8.94, 9.60734, -0.247012, 18.9191
8.95, 9.60487, -0.247498, 18.928
8.96, 9.60239, -0.24784, 18.9369
8.97, 9.59991, -0.248041, 18.9459
8.98, 9.59743, -0.2481, 18.9549
8.99, 9.59495, -0.248019, 18.9639
9, 9.59247, -0.247799, 18.9729
9.01, 9.59, -0.247441, 18.982
9.02, 9.58753, -0.246947, 18.991
9.03, 9.58506, -0.246318, 19.0001
9.04, 9.58261, -0.245555, 19.0092
9.05, 9.58016, -0.24466, 19.0183
9.06, 9.57773, -0.243634, 19.0274
9.07, 9.5753, -0.242478, 19.0365
9.08, 9.57289, -0.241195, 19.0456
9.09, 9.57049, -0.239785, 19.0547
9.1, 9.56811, -0.23825, 19.0637
9.11, 9.56574, -0.236593, 19.0728
9.12, 9.56339, -0.234813, 19.0819
9.13, 9.56107, -0.232914, 19.0909
9.14, 9.55876, -0.230897, 19.1
9.15, 9.55647, -0.228764, 19.109
9.16, 9.5542, -0.226516, 19.118
9.17, 9.55196, -0.224156, 19.1269
9.18, 9.54975, -0.221684, 19.1358
9.19, 9.54755, -0.219104, 19.1448
9.2, 9.54539, -0.216416, 19.1536
9.21, 9.54325, -0.213624, 19.1625
9.22, 9.54115, -0.210728, 19.1713
9.23, 9.53907, -0.207731, 19.18
9.24, 9.53702, -0.204634, 19.1888
9.25, 9.53501, -0.201441, 19.1974
9.26, 9.53303, -0.198152, 19.2061
9.27, 9.53108, -0.19477, 19.2147
9.28, 9.52917, -0.191298, 19.2232
9.29, 9.52729, -0.187736, 19.2317
9.3, 9.52545, -0.184088, 19.2401
9.31, 9.52364, -0.180355, 19.2485
9.32, 9.52188, -0.17654, 19.2568
9.33, 9.52015, -0.172644, 19.265
9.34, 9.51847, -0.16867, 19.2732
9.35, 9.51682, -0.164621, 19.2813
9.36, 9.51521, -0.160497, 19.2894
9.37, 9.51365, -0.156303, 19.2974
9.38, 9.51213, -0.152039, 19.3053
9.39, 9.51065, -0.147708, 19.3132
9.4, 9.50922, -0.143312, 19.3209
9.41, 9.50783, -0.138854, 19.3286
9.42, 9.50649, -0.134336, 19.3363
9.43, 9.50519, -0.12976, 19.3438
9.44, 9.50394, -0.125128, 19.3513
9.45, 9.50274, -0.120443, 19.3586
9.46, 9.50158, -0.115707, 19.3659
9.47, 9.50047, -0.110922, 19.3732
9.48, 9.49941, -0.106091, 19.3803
9.49, 9.4984, -0.101215, 19.3873
9.5, 9.49743, -0.0962976, 19.3943
9.51, 9.49652, -0.0913405, 19.4011
9.52, 9.49566, -0.0863462, 19.4079
9.53, 9.49484, -0.0813168, 19.4146
9.54, 9.49408, -0.0762546, 19.4212
9.55, 9.49337, -0.071162, 19.4277
9.56, 9.49271, -0.0660412, 19.4341
9.57, 9.4921, -0.0608944, 19.4403
9.58, 9.49154, -0.055724, 19.4465
9.59, 9.49104, -0.0505321, 19.4526
9.6, 9.49058, -0.0453211, 19.4586
9.61, 9.49018, -0.0400931, 19.4645
9.62, 9.48984, -0.0348503, 19.4703
9.63, 9.48954, -0.029595, 19.476
9.64, 9.4893, -0.0243294, 19.4816
9.65, 9.48911, -0.0190556, 19.4871
9.66, 9.48897, -0.0137759, 19.4925
9.67, 9.48888, -0.00849234, 19.4978
9.68, 9.48885, -0.00320712, 19.503
9.69, 9.48887, 0.00207766, 19.508
9.7, 9.48894, 0.00735986, 19.513
9.71, 9.48907, 0.0126374, 19.5179
9.72, 9.48925, 0.0179082, 19.5226
9.73, 9.48948, 0.0231702, 19.5273
9.74, 9.48977, 0.0284214, 19.5318
9.75, 9.4901, 0.0336597, 19.5362
9.76, 9.49049, 0.0388832, 19.5405
9.77, 9.49093, 0.0440898, 19.5447
9.78, 9.49143, 0.0492776, 19.5488
9.79, 9.49197, 0.0544447, 19.5528
9.8, 9.49257, 0.0595892, 19.5567
9.81, 9.49321, 0.0647091, 19.5605
9.82, 9.49391, 0.0698026, 19.5642
9.83, 9.49466, 0.0748679, 19.5677
9.84, 9.49546, 0.0799031, 19.5712
9.85, 9.49631, 0.0849064, 19.5745
9.86, 9.49721, 0.0898761, 19.5777
9.87, 9.49815, 0.0948104, 19.5808
9.88, 9.49915, 0.0997077, 19.5839
9.89, 9.5002, 0.104566, 19.5868
9.9, 9.50129, 0.109384, 19.5896
9.91, 9.50243, 0.11416, 19.5923
9.92, 9.50362, 0.118893, 19.5948
9.93, 9.50486, 0.12358, 19.5973
9.94, 9.50614, 0.12822, 19.5997
9.95, 9.50747, 0.132812, 19.602
9.96, 9.50884, 0.137354, 19.6041
9.97, 9.51026, 0.141845, 19.6062
9.98, 9.51172, 0.146283, 19.6081
9.99, 9.51323, 0.150668, 19.61
10, 9.51478, 0.154996, 19.6118
10.01, 9.51637, 0.159268, 19.6134
10.02, 9.51801, 0.163482, 19.615
10.03, 9.51968, 0.167637, 19.6164
10.04, 9.5214, 0.171731, 19.6178
10.05, 9.52316, 0.175763, 19.619
10.06, 9.52496, 0.179733, 19.6202
10.07, 9.52679, 0.183638, 19.6212
10.08, 9.52867, 0.187478, 19.6222
10.09, 9.53058, 0.191252, 19.6231
10.1, 9.53253, 0.194958, 19.6238
10.11, 9.53451, 0.198596, 19.6245
10.12, 9.53654, 0.202165, 19.6251
10.13, 9.53859, 0.205664, 19.6256
10.14, 9.54068, 0.209092, 19.626
10.15, 9.54281, 0.212447, 19.6263
10.16, 9.54497, 0.21573, 19.6266
10.17, 9.54715, 0.218939, 19.6267
10.18, 9.54938, 0.222074, 19.6268
10.19, 9.55163, 0.225134, 19.6268
10.2, 9.55391, 0.228118, 19.6267
10.21, 9.55622, 0.231025, 19.6265
10.22, 9.55856, 0.233855, 19.6262
10.23, 9.56092, 0.236608, 19.6259
10.24, 9.56332, 0.239282, 19.6255
10.25, 9.56573, 0.241878, 19.625
10.26, 9.56818, 0.244394, 19.6244
10.27, 9.57065, 0.246831, 19.6238
10.28, 9.57314, 0.249187, 19.623
10.29, 9.57565, 0.251463, 19.6223
10.3, 9.57819, 0.253658, 19.6214
10.31, 9.58075, 0.255772, 19.6205
10.32, 9.58333, 0.257804, 19.6195
10.33, 9.58592, 0.259754, 19.6184
10.34, 9.58854, 0.261622, 19.6173
10.35, 9.59117, 0.263409, 19.6161
10.36, 9.59382, 0.265113, 19.6149
10.37, 9.59649, 0.266734, 19.6136
10.38, 9.59917, 0.268273, 19.6122
10.39, 9.60187, 0.269729, 19.6108
10.4, 9.60458, 0.271103, 19.6094
10.41, 9.60731, 0.272393, 19.6078
10.42, 9.61004, 0.273602, 19.6063
10.43, 9.61279, 0.274728, 19.6046
10.44, 9.61555, 0.275771, 19.603
10.45, 9.61832, 0.276732, 19.6013
10.46, 9.62109, 0.277611, 19.5995
10.47, 9.62388, 0.278408, 19.5977
10.48, 9.62667, 0.279123, 19.5958
10.49, 9.62946, 0.279757, 19.5939
10.5, 9.63227, 0.28031, 19.592
10.51, 9.63508, 0.280782, 19.5901
10.52, 9.63789, 0.281173, 19.5881
10.53, 9.6407, 0.281484, 19.586
10.54, 9.64352, 0.281715, 19.5839
10.55, 9.64634, 0.281867, 19.5818
10.56, 9.64916, 0.28194, 19.5797
10.57, 9.65198, 0.281935, 19.5776
10.58, 9.65479, 0.281851, 19.5754
10.59, 9.65761, 0.281691, 19.5732
10.6, 9.66043, 0.281453, 19.5709
10.61, 9.66324, 0.281139, 19.5687
10.62, 9.66605, 0.28075, 19.5664
10.63, 9.66885, 0.280286, 19.5641
10.64, 9.67165, 0.279747, 19.5618
10.65, 9.67444, 0.279134, 19.5595
10.66, 9.67722, 0.278449, 19.5571
10.67, 9.68, 0.277691, 19.5548
10.68, 9.68277, 0.276862, 19.5524
10.69, 9.68553, 0.275962, 19.55
10.7, 9.68828, 0.274992, 19.5476
10.71, 9.69102, 0.273953, 19.5453
10.72, 9.69374, 0.272846, 19.5429
10.73, 9.69646, 0.271671, 19.5405
10.74, 9.69917, 0.27043, 19.5381
10.75, 9.70186, 0.269123, 19.5357
10.76, 9.70453, 0.267751, 19.5333
10.77, 9.7072, 0.266316, 19.5309
10.78, 9.70985, 0.264817, 19.5285
10.79, 9.71248, 0.263257, 19.5261
10.8, 9.71509, 0.261636, 19.5237
10.81, 9.71769, 0.259954, 19.5213
10.82, 9.72028, 0.258214, 19.519
10.83, 9.72284, 0.256416, 19.5166
10.84, 9.72539, 0.254561, 19.5143
10.85, 9.72791, 0.25265, 19.5119
10.86, 9.73042, 0.250685, 19.5096
10.87, 9.73291, 0.248665, 19.5073
10.88, 9.73537, 0.246594, 19.505
10.89, 9.73782, 0.244471, 19.5027
10.9, 9.74024, 0.242297, 19.5005
10.91, 9.74264, 0.240074, 19.4983
10.92, 9.74502, 0.237803, 19.4961
10.93, 9.74737, 0.235486, 19.4939
10.94, 9.7497, 0.233122, 19.4917
10.95, 9.75201, 0.230714, 19.4896
10.96, 9.75429, 0.228262, 19.4875
10.97, 9.75655, 0.225769, 19.4854
10.98, 9.75878, 0.223234, 19.4833
10.99, 9.76099, 0.220659, 19.4813
11, 9.76317, 0.218046, 19.4793
11.01, 9.76533, 0.215396, 19.4774
11.02, 9.76745, 0.212709, 19.4754
11.03, 9.76955, 0.209987, 19.4735
11.04, 9.77162, 0.207232, 19.4717
11.05, 9.77367, 0.204444, 19.4699
11.06, 9.77569, 0.201625, 19.4681
11.07, 9.77767, 0.198775, 19.4663
11.08, 9.77963, 0.195897, 19.4646
11.09, 9.78156, 0.192992, 19.4629
11.1, 9.78346, 0.19006, 19.4613
11.11, 9.78533, 0.187103, 19.4597
11.12, 9.78717, 0.184122, 19.4581
11.13, 9.78899, 0.181119, 19.4566
11.14, 9.79077, 0.178094, 19.4552
11.15, 9.79252, 0.17505, 19.4537
11.16, 9.79424, 0.171986, 19.4524
11.17, 9.79593, 0.168905, 19.451
11.18, 9.79758, 0.165807, 19.4497
11.19, 9.79921, 0.162695, 19.4485
11.2, 9.80081, 0.159569, 19.4473
11.21, 9.80237, 0.156429, 19.4461
11.22, 9.8039, 0.153279, 19.445
11.23, 9.80541, 0.150118, 19.444
11.24, 9.80687, 0.146949, 19.443
11.25, 9.80831, 0.143771, 19.442
11.26, 9.80972, 0.140587, 19.4411
11.27, 9.81109, 0.137398, 19.4402
11.28, 9.81243, 0.134204, 19.4394
11.29, 9.81374, 0.131008, 19.4387
11.3, 9.81502, 0.12781, 19.438
11.31, 9.81627, 0.124611, 19.4373
11.32, 9.81748, 0.121412, 19.4367
11.33, 9.81866, 0.118215, 19.4361
11.34, 9.81982, 0.115021, 19.4356
11.35, 9.82093, 0.111831, 19.4352
11.36, 9.82202, 0.108646, 19.4348
11.37, 9.82307, 0.105468, 19.4345
11.38, 9.8241, 0.102296, 19.4342
11.39, 9.82509, 0.0991331, 19.4339
11.4, 9.82605, 0.0959795, 19.4338
11.41, 9.82698, 0.0928365, 19.4336
11.42, 9.82787, 0.089705, 19.4336
11.43, 9.82874, 0.0865862, 19.4336
11.44, 9.82957, 0.083481, 19.4336
11.45, 9.83038, 0.0803906, 19.4337
11.46, 9.83115, 0.0773158, 19.4338
11.47, 9.83189, 0.0742578, 19.434
11.48, 9.83261, 0.0712175, 19.4343
11.49, 9.83329, 0.0681958, 19.4346
11.5, 9.83394, 0.0651937, 19.4349
11.51, 9.83456, 0.0622122, 19.4353
11.52, 9.83516, 0.0592522, 19.4358
11.53, 9.83572, 0.0563145, 19.4363
11.54, 9.83625, 0.0534001, 19.4369
11.55, 9.83676, 0.0505099, 19.4375
11.56, 9.83723, 0.0476447, 19.4382
11.57, 9.83768, 0.0448053, 19.4389
11.58, 9.8381, 0.0419927, 19.4397
11.59, 9.83849, 0.0392076, 19.4405
11.6, 9.83886, 0.0364508, 19.4414
11.61, 9.8392, 0.0337231, 19.4423
11.62, 9.83951, 0.0310253, 19.4433
11.63, 9.83979, 0.0283581, 19.4444
11.64, 9.84005, 0.0257222, 19.4454
11.65, 9.84028, 0.0231184, 19.4466
11.66, 9.84048, 0.0205474, 19.4478
11.67, 9.84066, 0.0180098, 19.449
11.68, 9.84082, 0.0155063, 19.4503
11.69, 9.84095, 0.0130376, 19.4516
11.7, 9.84105, 0.0106042, 19.453
11.71, 9.84114, 0.00820688, 19.4544
11.72, 9.8412, 0.00584609, 19.4559
11.73, 9.84123, 0.00352245, 19.4574
11.74, 9.84124, 0.00123651, 19.459
11.75, 9.84123, -0.00101118, 19.4606
11.76, 9.8412, -0.00322012, 19.4622
11.77, 9.84115, -0.00538979, 19.4639
11.78, 9.84107, -0.00751973, 19.4656
11.79, 9.84098, -0.00960948, 19.4674
11.8, 9.84086, -0.0116586, 19.4693
11.81, 9.84072, -0.0136666, 19.4711
11.82, 9.84057, -0.0156332, 19.473
11.83, 9.84039, -0.0175578, 19.475
11.84, 9.8402, -0.0194403, 19.477
11.85, 9.83998, -0.0212802, 19.479
11.86, 9.83975, -0.0230772, 19.4811
11.87, 9.8395, -0.0248309, 19.4832
11.88, 9.83924, -0.0265411, 19.4853
11.89, 9.83896, -0.0282075, 19.4875
11.9, 9.83866, -0.0298299, 19.4897
11.91, 9.83834, -0.031408, 19.4919
11.92, 9.83801, -0.0329416, 19.4942
11.93, 9.83767, -0.0344304, 19.4965
11.94, 9.83731, -0.0358744, 19.4989
11.95, 9.83694, -0.0372733, 19.5012
11.96, 9.83655, -0.038627, 19.5036
11.97, 9.83615, -0.0399354, 19.5061
11.98, 9.83574, -0.0411983, 19.5085
11.99, 9.83532, -0.0424157, 19.511
12, 9.83488, -0.0435875, 19.5136
12.01, 9.83443, -0.0447137, 19.5161
12.02, 9.83398, -0.0457941, 19.5187
12.03, 9.83351, -0.0468288, 19.5213
12.04, 9.83303, -0.0478177, 19.5239
12.05, 9.83254, -0.048761, 19.5266
12.06, 9.83205, -0.0496586, 19.5292
12.07, 9.83154, -0.0505105, 19.5319
12.08, 9.83103, -0.0513169, 19.5346
12.09, 9.83051, -0.0520778, 19.5374
12.1, 9.82998, -0.0527933, 19.5401
12.11, 9.82944, -0.0534635, 19.5429
12.12, 9.8289, -0.0540886, 19.5457
12.13, 9.82836, -0.0546686, 19.5485
12.14, 9.8278, -0.0552039, 19.5513
12.15, 9.82725, -0.0556945, 19.5542
12.16, 9.82669, -0.0561406, 19.557
12.17, 9.82612, -0.0565425, 19.5599
12.18, 9.82555, -0.0569004, 19.5628
12.19, 9.82498, -0.0572144, 19.5657
12.2, 9.8244, -0.057485, 19.5686
12.21, 9.82383, -0.0577123, 19.5715
12.22, 9.82325, -0.0578966, 19.5744
12.23, 9.82267, -0.0580382, 19.5774
12.24, 9.82209, -0.0581375, 19.5803
12.25, 9.8215, -0.0581947, 19.5833
12.26, 9.82092, -0.0582103, 19.5862
12.27, 9.82034, -0.0581844, 19.5892
12.28, 9.81976, -0.0581177, 19.5921
12.29, 9.81918, -0.0580103, 19.5951
12.3, 9.8186, -0.0578626, 19.5981
12.31, 9.81802, -0.0576752, 19.6011
12.32, 9.81745, -0.0574484, 19.604
12.33, 9.81688, -0.0571826, 19.607
12.34, 9.81631, -0.0568783, 19.61
12.35, 9.81574, -0.0565359, 19.613
12.36, 9.81518, -0.0561559, 19.6159
12.37, 9.81462, -0.0557388, 19.6189
12.38, 9.81407, -0.055285, 19.6219
12.39, 9.81352, -0.054795, 19.6248
12.4, 9.81298, -0.0542694, 19.6278
12.41, 9.81244, -0.0537086, 19.6307
12.42, 9.81191, -0.0531132, 19.6337
12.43, 9.81139, -0.0524836, 19.6366
12.44, 9.81087, -0.0518206, 19.6395
12.45, 9.81036, -0.0511245, 19.6424
12.46, 9.80985, -0.0503959, 19.6454
12.47, 9.80936, -0.0496355, 19.6483
12.48, 9.80887, -0.0488437, 19.6511
12.49, 9.80839, -0.0480213, 19.654
12.5, 9.80792, -0.0471686, 19.6569
12.51, 9.80746, -0.0462864, 19.6597
12.52, 9.807, -0.0453753, 19.6626
12.53, 9.80656, -0.0444359, 19.6654
12.54, 9.80612, -0.0434687, 19.6682
12.55, 9.8057, -0.0424744, 19.671
12.56, 9.80528, -0.0414536, 19.6738
12.57, 9.80488, -0.040407, 19.6765
12.58, 9.80449, -0.0393352, 19.6793
12.59, 9.8041, -0.0382388, 19.682
12.6, 9.80373, -0.0371185, 19.6847
12.61, 9.80337, -0.0359749, 19.6874
12.62, 9.80302, -0.0348087, 19.6901
12.63, 9.80269, -0.0336206, 19.6927
12.64, 9.80236, -0.0324111, 19.6953
12.65, 9.80205, -0.031181, 19.6979
12.66, 9.80175, -0.029931, 19.7005
12.67, 9.80147, -0.0286616, 19.7031
12.68, 9.80119, -0.0273736, 19.7056
12.69, 9.80093, -0.0260677, 19.7081
12.7, 9.80068, -0.0247445, 19.7106
12.71, 9.80045, -0.0234047, 19.7131
12.72, 9.80023, -0.022049, 19.7155
12.73, 9.80002, -0.020678, 19.7179
12.74, 9.79983, -0.0192925, 19.7203
12.75, 9.79965, -0.0178931, 19.7227
12.76, 9.79949, -0.0164805, 19.725
12.77, 9.79934, -0.0150554, 19.7273
12.78, 9.7992, -0.0136185, 19.7296
12.79, 9.79908, -0.0121704, 19.7318
12.8, 9.79897, -0.0107118, 19.7341
12.81, 9.79888, -0.00924342, 19.7363
12.82, 9.7988, -0.0077659, 19.7384
12.83, 9.79874, -0.00627994, 19.7406
12.84, 9.79869, -0.0047862, 19.7427
12.85, 9.79866, -0.00328535, 19.7448
12.86, 9.79864, -0.00177806, 19.7468
12.87, 9.79864, -0.000264997, 19.7488
12.88, 9.79865, 0.00125318, 19.7508
12.89, 9.79868, 0.00277581, 19.7528
12.9, 9.79872, 0.00430223, 19.7547
12.91, 9.79878, 0.0058318, 19.7566
12.92, 9.79885, 0.00736386, 19.7585
12.93, 9.79894, 0.00889776, 19.7603
12.94, 9.79905, 0.0104329, 19.7621
12.95, 9.79917, 0.0119686, 19.7639
12.96, 9.7993, 0.0135042, 19.7656
12.97, 9.79945, 0.0150391, 19.7673
12.98, 9.79962, 0.0165728, 19.769
12.99, 9.7998, 0.0181045, 19.7706
13, 9.79999, 0.0196336, 19.7722
13.01, 9.80021, 0.0211596, 19.7738
13.02, 9.80043, 0.0226819, 19.7753
13.03, 9.80067, 0.0241999, 19.7768
13.04, 9.80093, 0.0257129, 19.7783
13.05, 9.8012, 0.0272204, 19.7798
13.06, 9.80149, 0.0287218, 19.7812
13.07, 9.80179, 0.0302165, 19.7826
13.08, 9.80211, 0.0317041, 19.7839
13.09, 9.80244, 0.0331839, 19.7852
13.1, 9.80279, 0.0346553, 19.7865
13.11, 9.80315, 0.036118, 19.7877
13.12, 9.80353, 0.0375712, 19.789
13.13, 9.80392, 0.0390145, 19.7901
13.14, 9.80432, 0.0404474, 19.7913
13.15, 9.80474, 0.0418693, 19.7924
13.16, 9.80517, 0.0432798, 19.7935
13.17, 9.80562, 0.0446784, 19.7945
13.18, 9.80608, 0.0460645, 19.7955
13.19, 9.80655, 0.0474378, 19.7965
13.2, 9.80704, 0.0487977, 19.7975
13.21, 9.80754, 0.0501437, 19.7984
13.22, 9.80806, 0.0514755, 19.7993
13.23, 9.80859, 0.0527926, 19.8002
13.24, 9.80913, 0.0540945, 19.801
13.25, 9.80968, 0.0553809, 19.8018
13.26, 9.81025, 0.0566513, 19.8025
13.27, 9.81083, 0.0579053, 19.8033
13.28, 9.81142, 0.0591425, 19.804
13.29, 9.81202, 0.0603625, 19.8047
13.3, 9.81264, 0.061565, 19.8053
13.31, 9.81326, 0.0627496, 19.8059
13.32, 9.8139, 0.0639159, 19.8065
13.33, 9.81455, 0.0650636, 19.807
13.34, 9.81522, 0.0661923, 19.8076
13.35, 9.81589, 0.0673017, 19.8081
13.36, 9.81657, 0.0683916, 19.8085
13.37, 9.81727, 0.0694615, 19.809
13.38, 9.81797, 0.0705112, 19.8094
13.39, 9.81869, 0.0715404, 19.8098
13.4, 9.81941, 0.0725488, 19.8101
13.41, 9.82015, 0.0735362, 19.8104
13.42, 9.82089, 0.0745023, 19.8107
13.43, 9.82165, 0.0754469, 19.811
13.44, 9.82241, 0.0763696, 19.8113
13.45, 9.82318, 0.0772703, 19.8115
13.46, 9.82397, 0.0781488, 19.8117
13.47, 9.82476, 0.0790049, 19.8119
13.48, 9.82555, 0.0798383, 19.812
13.49, 9.82636, 0.0806489, 19.8121
13.5, 9.82717, 0.0814365, 19.8122
13.51, 9.828, 0.0822009, 19.8123
13.52, 9.82883, 0.082942, 19.8124
13.53, 9.82966, 0.0836597, 19.8124
13.54, 9.83051, 0.0843537, 19.8124
13.55, 9.83136, 0.085024, 19.8124
13.56, 9.83221, 0.0856704, 19.8123
13.57, 9.83308, 0.0862929, 19.8123
13.58, 9.83395, 0.0868913, 19.8122
13.59, 9.83482, 0.0874656, 19.8121
13.6, 9.8357, 0.0880157, 19.812
13.61, 9.83659, 0.0885416, 19.8119
13.62, 9.83748, 0.089043, 19.8117
13.63, 9.83837, 0.0895201, 19.8115
13.64, 9.83927, 0.0899728, 19.8113
13.65, 9.84017, 0.0904011, 19.8111
13.66, 9.84108, 0.0908048, 19.8109
13.67, 9.84199, 0.0911842, 19.8107
13.68, 9.84291, 0.091539, 19.8104
13.69, 9.84383, 0.0918694, 19.8101
13.7, 9.84475, 0.0921754, 19.8098
13.71, 9.84568, 0.0924569, 19.8095
13.72, 9.8466, 0.0927141, 19.8092
13.73, 9.84753, 0.092947, 19.8089
13.74, 9.84846, 0.0931556, 19.8085
13.75, 9.8494, 0.09334, 19.8082
13.76, 9.85033, 0.0935003, 19.8078
13.77, 9.85127, 0.0936365, 19.8074
13.78, 9.85221, 0.0937489, 19.807
13.79, 9.85314, 0.0938373, 19.8066
13.8, 9.85408, 0.0939021, 19.8062
13.81, 9.85502, 0.0939432, 19.8058
13.82, 9.85596, 0.0939608, 19.8053
13.83, 9.8569, 0.0939551, 19.8049
13.84, 9.85784, 0.0939262, 19.8044
13.85, 9.85878, 0.0938741, 19.8039
13.86, 9.85972, 0.0937992, 19.8035
13.87, 9.86065, 0.0937016, 19.803
13.88, 9.86159, 0.0935814, 19.8025
13.89, 9.86252, 0.0934387, 19.802
13.9, 9.86346, 0.0932739, 19.8015
13.91, 9.86439, 0.0930871, 19.801
13.92, 9.86532, 0.0928785, 19.8005
13.93, 9.86624, 0.0926482, 19.8
13.94, 9.86717, 0.0923966, 19.7995
13.95, 9.86809, 0.0921239, 19.7989
13.96, 9.86901, 0.0918302, 19.7984
13.97, 9.86992, 0.0915158, 19.7979
13.98, 9.87083, 0.0911809, 19.7973
13.99, 9.87174, 0.0908259, 19.7968
14, 9.87265, 0.0904509, 19.7963
14.01, 9.87355, 0.0900562, 19.7957
14.02, 9.87444, 0.089642, 19.7952
14.03, 9.87534, 0.0892087, 19.7947
14.04, 9.87622, 0.0887565, 19.7941
14.05, 9.87711, 0.0882858, 19.7936
14.06, 9.87798, 0.0877967, 19.7931
14.07, 9.87886, 0.0872895, 19.7925
14.08, 9.87972, 0.0867647, 19.792
14.09, 9.88059, 0.0862224, 19.7915
14.1, 9.88144, 0.085663, 19.7909
14.11, 9.88229, 0.0850868, 19.7904
14.12, 9.88314, 0.084494, 19.7899
14.13, 9.88398, 0.0838851, 19.7894
14.14, 9.88481, 0.0832603, 19.7889
14.15, 9.88564, 0.08262, 19.7883
14.16, 9.88646, 0.0819645, 19.7878
14.17, 9.88727, 0.0812941, 19.7873
14.18, 9.88808, 0.0806092, 19.7868
14.19, 9.88887, 0.07991, 19.7864
14.2, 9.88967, 0.079197, 19.7859
14.21, 9.89045, 0.0784705, 19.7854
14.22, 9.89123, 0.0777308, 19.7849
14.23, 9.892, 0.0769783, 19.7845
14.24, 9.89276, 0.0762134, 19.784
14.25, 9.89352, 0.0754363, 19.7836
14.26, 9.89426, 0.0746475, 19.7831
14.27, 9.895, 0.0738472, 19.7827
14.28, 9.89573, 0.073036, 19.7823
14.29, 9.89645, 0.072214, 19.7819
14.3, 9.89717, 0.0713818, 19.7815
14.31, 9.89787, 0.0705396, 19.7811
14.32, 9.89857, 0.0696878, 19.7807
14.33, 9.89926, 0.0688268, 19.7804
14.34, 9.89994, 0.0679569, 19.78
14.35, 9.90061, 0.0670786, 19.7797
14.36, 9.90127, 0.0661922, 19.7793
14.37, 9.90192, 0.065298, 19.779
14.38, 9.90257, 0.0643965, 19.7787
14.39, 9.9032, 0.0634879, 19.7784
14.4, 9.90383, 0.0625728, 19.7781
14.41, 9.90444, 0.0616513, 19.7778
14.42, 9.90505, 0.060724, 19.7775
14.43, 9.90565, 0.0597912, 19.7773
14.44, 9.90624, 0.0588532, 19.777
14.45, 9.90682, 0.0579104, 19.7768
14.46, 9.90739, 0.0569632, 19.7766
14.47, 9.90795, 0.056012, 19.7764
14.48, 9.9085, 0.055057, 19.7762
14.49, 9.90904, 0.0540988, 19.7761
14.5, 9.90957, 0.0531375, 19.7759
14.51, 9.91009, 0.0521737, 19.7757
14.52, 9.9106, 0.0512077, 19.7756
14.53, 9.91111, 0.0502397, 19.7755
14.54, 9.9116, 0.0492703, 19.7754
14.55, 9.91208, 0.0482996, 19.7753
14.56, 9.91255, 0.0473281, 19.7752
14.57, 9.91302, 0.0463562, 19.7752
14.58, 9.91347, 0.0453841, 19.7751
14.59, 9.91392, 0.0444123, 19.7751
14.6, 9.91435, 0.043441, 19.7751
14.61, 9.91477, 0.0424706, 19.7751
14.62, 9.91519, 0.0415015, 19.7751
14.63, 9.9156, 0.0405339, 19.7752
14.64, 9.91599, 0.0395683, 19.7752
14.65, 9.91638, 0.0386048, 19.7753
14.66, 9.91675, 0.037644, 19.7753
14.67, 9.91712, 0.036686, 19.7754
14.68, 9.91748, 0.0357311, 19.7756
14.69, 9.91783, 0.0347798, 19.7757
14.7, 9.91816, 0.0338324, 19.7758
14.71, 9.91849, 0.032889, 19.776
14.72, 9.91881, 0.0319501, 19.7762
14.73, 9.91912, 0.0310159, 19.7763
14.74, 9.91942, 0.0300867, 19.7765
14.75, 9.91971, 0.0291628, 19.7768
14.76, 9.92, 0.0282446, 19.777
14.77, 9.92027, 0.0273322, 19.7773
14.78, 9.92053, 0.026426, 19.7775
14.79, 9.92079, 0.0255262, 19.7778
14.8, 9.92104, 0.0246331, 19.7781
14.81, 9.92127, 0.023747, 19.7784
14.82, 9.9215, 0.0228682, 19.7787
14.83, 9.92172, 0.0219968, 19.7791
14.84, 9.92193, 0.0211332, 19.7794
14.85, 9.92214, 0.0202776, 19.7798
14.86, 9.92233, 0.0194302, 19.7802
14.87, 9.92252, 0.0185912, 19.7806
14.88, 9.92269, 0.017761, 19.781
14.89, 9.92286, 0.0169397, 19.7815
14.9, 9.92302, 0.0161275, 19.7819
14.91, 9.92318, 0.0153247, 19.7824
14.92, 9.92332, 0.0145315, 19.7828
14.93, 9.92346, 0.0137481, 19.7833
14.94, 9.92359, 0.0129747, 19.7838
14.95, 9.92371, 0.0122115, 19.7844
14.96, 9.92383, 0.0114586, 19.7849
14.97, 9.92393, 0.0107163, 19.7854
14.98, 9.92403, 0.00998472, 19.786
14.99, 9.92413, 0.00926408, 19.7866
15, 9.92421, 0.00855452, 19.7871
15.01, 9.92429, 0.00785622, 19.7877
15.02, 9.92436, 0.00716933, 19.7884
15.03, 9.92443, 0.006494, 19.789
15.04, 9.92449, 0.00583039, 19.7896
15.05, 9.92454, 0.00517863, 19.7903
15.06, 9.92458, 0.00453886, 19.7909
15.07, 9.92462, 0.00391122, 19.7916
15.08, 9.92466, 0.00329583, 19.7923
15.09, 9.92468, 0.00269281, 19.793
15.1, 9.9247, 0.00210227, 19.7937
15.11, 9.92472, 0.00152433, 19.7944
15.12, 9.92473, 0.00095908, 19.7952
15.13, 9.92473, 0.000406631, 19.7959
15.14, 9.92473, -0.00013293, 19.7967
15.15, 9.92472, -0.000659515, 19.7974
15.16, 9.92471, -0.00117304, 19.7982
15.17, 9.9247, -0.00167344, 19.799
15.18, 9.92467, -0.00216063, 19.7998
15.19, 9.92465, -0.00263455, 19.8006
15.2, 9.92462, -0.00309514, 19.8014
15.21, 9.92458, -0.00354236, 19.8022
15.22, 9.92454, -0.00397614, 19.8031
15.23, 9.9245, -0.00439644, 19.8039
15.24, 9.92445, -0.00480324, 19.8048
15.25, 9.9244, -0.00519649, 19.8056
15.26, 9.92434, -0.00557617, 19.8065
15.27, 9.92428, -0.00594225, 19.8074
15.28, 9.92422, -0.00629473, 19.8083
15.29, 9.92415, -0.00663359, 19.8092
15.3, 9.92408, -0.00695881, 19.81
15.31, 9.92401, -0.00727042, 19.811
15.32, 9.92394, -0.0075684, 19.8119
15.33, 9.92386, -0.00785276, 19.8128
15.34, 9.92378, -0.00812353, 19.8137
15.35, 9.92369, -0.00838071, 19.8146
15.36, 9.92361, -0.00862434, 19.8156
15.37, 9.92352, -0.00885445, 19.8165
15.38, 9.92343, -0.00907106, 19.8175
15.39, 9.92333, -0.00927423, 19.8184
15.4, 9.92324, -0.00946398, 19.8194
15.41, 9.92314, -0.00964038, 19.8203
15.42, 9.92304, -0.00980347, 19.8213
15.43, 9.92294, -0.00995331, 19.8223
15.44, 9.92284, -0.01009, 19.8232
15.45, 9.92274, -0.0102135, 19.8242
15.46, 9.92264, -0.010324, 19.8252
15.47, 9.92253, -0.0104215, 19.8262
15.48, 9.92243, -0.0105061, 19.8272
15.49, 9.92232, -0.010578, 19.8282
15.5, 9.92222, -0.0106371, 19.8291
15.51, 9.92211, -0.0106836, 19.8301
15.52, 9.922, -0.0107175, 19.8311
15.53, 9.9219, -0.0107391, 19.8321
15.54, 9.92179, -0.0107483, 19.8331
15.55, 9.92168, -0.0107453, 19.8341
15.56, 9.92157, -0.0107302, 19.8351
15.57, 9.92147, -0.0107031, 19.8361
15.58, 9.92136, -0.0106641, 19.8371
15.59, 9.92125, -0.0106134, 19.8381
15.6, 9.92115, -0.0105511, 19.8391
15.61, 9.92104, -0.0104773, 19.8401
15.62, 9.92094, -0.0103922, 19.8411
15.63, 9.92084, -0.0102959, 19.8421
15.64, 9.92073, -0.0101884, 19.8431
15.65, 9.92063, -0.0100701, 19.8441
15.66, 9.92053, -0.00994096, 19.8451
15.67, 9.92044, -0.0098012, 19.8461
15.68, 9.92034, -0.00965096, 19.8471
15.69, 9.92025, -0.0094904, 19.8481
15.7, 9.92015, -0.00931967, 19.8491
15.71, 9.92006, -0.00913894, 19.85
15.72, 9.91997, -0.00894836, 19.851
15.73, 9.91988, -0.00874811, 19.852
15.74, 9.9198, -0.00853835, 19.853
15.75, 9.91972, -0.00831925, 19.8539
15.76, 9.91963, -0.00809099, 19.8549
15.77, 9.91956, -0.00785373, 19.8559
15.78, 9.91948, -0.00760767, 19.8568
15.79, 9.91941, -0.00735296, 19.8578
15.8, 9.91934, -0.00708981, 19.8587
15.81, 9.91927, -0.00681838, 19.8597
15.82, 9.9192, -0.00653887, 19.8606
15.83, 9.91914, -0.00625146, 19.8615
15.84, 9.91908, -0.00595633, 19.8625
15.85, 9.91902, -0.00565368, 19.8634
15.86, 9.91897, -0.0053437, 19.8643
15.87, 9.91892, -0.00502658, 19.8652
15.88, 9.91887, -0.00470251, 19.8661
15.89, 9.91883, -0.00437169, 19.867
15.9, 9.91879, -0.00403431, 19.8679
15.91, 9.91875, -0.00369056, 19.8688
15.92, 9.91872, -0.00334066, 19.8697
15.93, 9.91869, -0.00298479, 19.8706
15.94, 9.91866, -0.00262315, 19.8714
15.95, 9.91864, -0.00225595, 19.8723
15.96, 9.91862, -0.00188338, 19.8731
15.97, 9.91861, -0.00150564, 19.874
15.98, 9.91859, -0.00112294, 19.8748
15.99, 9.91859, -0.000735478, 19.8756
16, 9.91858, -0.000343454, 19.8765
16.01, 9.91858, 5.29284e-05, 19.8773
16.02, 9.91859, 0.000453468, 19.8781
16.03, 9.9186, 0.000857962, 19.8789
16.04, 9.91861, 0.00126621, 19.8797
16.05, 9.91863, 0.001678, 19.8804
16.06, 9.91865, 0.00209315, 19.8812
16.07, 9.91867, 0.00251144, 19.882
16.08, 9.9187, 0.00293267, 19.8827
16.09, 9.91874, 0.00335666, 19.8835
16.1, 9.91877, 0.00378318, 19.8842
16.11, 9.91882, 0.00421205, 19.8849
16.12, 9.91886, 0.00464306, 19.8857
16.13, 9.91891, 0.00507602, 19.8864
16.14, 9.91897, 0.00551073, 19.8871
16.15, 9.91903, 0.00594699, 19.8878
16.16, 9.91909, 0.00638461, 19.8884
16.17, 9.91916, 0.00682339, 19.8891
16.18, 9.91923, 0.00726313, 19.8898
16.19, 9.91931, 0.00770365, 19.8904
16.2, 9.91939, 0.00814475, 19.8911
16.21, 9.91948, 0.00858624, 19.8917
16.22, 9.91957, 0.00902794, 19.8923
16.23, 9.91966, 0.00946965, 19.8929
16.24, 9.91976, 0.00991119, 19.8935
16.25, 9.91986, 0.0103524, 19.8941
16.26, 9.91997, 0.010793, 19.8947
16.27, 9.92008, 0.0112329, 19.8953
16.28, 9.9202, 0.011672, 19.8959
16.29, 9.92032, 0.0121099, 19.8964
16.3, 9.92045, 0.0125466, 19.897
16.31, 9.92058, 0.0129819, 19.8975
16.32, 9.92071, 0.0134155, 19.898
16.33, 9.92085, 0.0138474, 19.8985
16.34, 9.92099, 0.0142773, 19.899
16.35, 9.92114, 0.0147052, 19.8995
16.36, 9.92129, 0.0151307, 19.9
16.37, 9.92145, 0.0155538, 19.9005
16.38, 9.92161, 0.0159744, 19.901
16.39, 9.92177, 0.0163921, 19.9014
16.4, 9.92194, 0.016807, 19.9019
16.41, 9.92211, 0.0172188, 19.9023
16.42, 9.92229, 0.0176273, 19.9027
16.43, 9.92247, 0.0180325, 19.9031
16.44, 9.92265, 0.0184342, 19.9035
16.45, 9.92284, 0.0188323, 19.9039
16.46, 9.92303, 0.0192265, 19.9043
16.47, 9.92323, 0.0196168, 19.9047
16.48, 9.92343, 0.0200031, 19.9051
16.49, 9.92363, 0.0203851, 19.9054
16.5, 9.92384, 0.0207628, 19.9058
16.51, 9.92405, 0.021136, 19.9061
16.52, 9.92427, 0.0215046, 19.9064
16.53, 9.92448, 0.0218686, 19.9067
16.54, 9.92471, 0.0222276, 19.9071
16.55, 9.92493, 0.0225818, 19.9074
16.56, 9.92516, 0.0229308, 19.9076
16.57, 9.92539, 0.0232747, 19.9079
16.58, 9.92563, 0.0236133, 19.9082
16.59, 9.92587, 0.0239465, 19.9085
16.6, 9.92611, 0.0242742, 19.9087
16.61, 9.92636, 0.0245963, 19.909
16.62, 9.92661, 0.0249127, 19.9092
16.63, 9.92686, 0.0252233, 19.9094
16.64, 9.92712, 0.0255281, 19.9096
16.65, 9.92737, 0.0258268, 19.9098
16.66, 9.92764, 0.0261196, 19.91
16.67, 9.9279, 0.0264061, 19.9102
16.68, 9.92817, 0.0266865, 19.9104
16.69, 9.92844, 0.0269605, 19.9106
16.7, 9.92871, 0.0272282, 19.9108
16.71, 9.92898, 0.0274895, 19.9109
16.72, 9.92926, 0.0277442, 19.9111
16.73, 9.92954, 0.0279924, 19.9112
16.74, 9.92982, 0.028234, 19.9114
16.75, 9.93011, 0.0284688, 19.9115
16.76, 9.93039, 0.0286969, 19.9116
16.77, 9.93068, 0.0289182, 19.9117
16.78, 9.93097, 0.0291327, 19.9118
16.79, 9.93127, 0.0293402, 19.9119
16.8, 9.93156, 0.0295409, 19.912
16.81, 9.93186, 0.0297345, 19.9121
16.82, 9.93216, 0.0299211, 19.9122
16.83, 9.93246, 0.0301007, 19.9123
16.84, 9.93276, 0.0302732, 19.9123
16.85, 9.93307, 0.0304386, 19.9124
16.86, 9.93337, 0.0305968, 19.9125
16.87, 9.93368, 0.0307479, 19.9125
16.88, 9.93399, 0.0308918, 19.9125
16.89, 9.9343, 0.0310286, 19.9126
16.9, 9.93461, 0.0311581, 19.9126
16.91, 9.93493, 0.0312804, 19.9126
16.92, 9.93524, 0.0313954, 19.9127
16.93, 9.93555, 0.0315032, 19.9127
16.94, 9.93587, 0.0316038, 19.9127
16.95, 9.93619, 0.0316972, 19.9127
16.96, 9.93651, 0.0317833, 19.9127
16.97, 9.93682, 0.0318622, 19.9127
16.98, 9.93714, 0.0319339, 19.9127
16.99, 9.93746, 0.0319984, 19.9127
17, 9.93778, 0.0320557, 19.9126
17.01, 9.9381, 0.0321058, 19.9126
17.02, 9.93843, 0.0321488, 19.9126
17.03, 9.93875, 0.0321846, 19.9126
17.04, 9.93907, 0.0322133, 19.9125
17.05, 9.93939, 0.032235, 19.9125
17.06, 9.93971, 0.0322496, 19.9124
17.07, 9.94004, 0.0322571, 19.9124
17.08, 9.94036, 0.0322577, 19.9123
17.09, 9.94068, 0.0322514, 19.9123
17.1, 9.941, 0.0322381, 19.9122
17.11, 9.94133, 0.032218, 19.9122
17.12, 9.94165, 0.0321911, 19.9121
17.13, 9.94197, 0.0321574, 19.9121
17.14, 9.94229, 0.0321169, 19.912
17.15, 9.94261, 0.0320698, 19.9119
17.16, 9.94293, 0.0320161, 19.9119
17.17, 9.94325, 0.0319558, 19.9118
17.18, 9.94357, 0.031889, 19.9117
17.19, 9.94389, 0.0318158, 19.9116
17.2, 9.94421, 0.0317362, 19.9116
17.21, 9.94452, 0.0316503, 19.9115
17.22, 9.94484, 0.0315581, 19.9114
17.23, 9.94515, 0.0314597, 19.9113
17.24, 9.94547, 0.0313552, 19.9112
17.25, 9.94578, 0.0312447, 19.9112
17.26, 9.94609, 0.0311282, 19.9111
17.27, 9.9464, 0.0310058, 19.911
17.28, 9.94671, 0.0308775, 19.9109
17.29, 9.94702, 0.0307436, 19.9108
17.3, 9.94732, 0.030604, 19.9107
17.31, 9.94763, 0.0304588, 19.9106
17.32, 9.94793, 0.0303081, 19.9106
17.33, 9.94823, 0.030152, 19.9105
17.34, 9.94853, 0.0299906, 19.9104
17.35, 9.94883, 0.0298239, 19.9103
17.36, 9.94913, 0.0296521, 19.9102
17.37, 9.94942, 0.0294753, 19.9101
17.38, 9.94971, 0.0292934, 19.9101
17.39, 9.95001, 0.0291067, 19.91
17.4, 9.95029, 0.0289153, 19.9099
17.41, 9.95058, 0.0287191, 19.9098
17.42, 9.95087, 0.0285184, 19.9097
17.43, 9.95115, 0.0283132, 19.9097
17.44, 9.95143, 0.0281036, 19.9096
17.45, 9.95171, 0.0278897, 19.9095
17.46, 9.95199, 0.0276716, 19.9094
17.47, 9.95226, 0.0274494, 19.9094
17.48, 9.95253, 0.0272233, 19.9093
17.49, 9.9528, 0.0269932, 19.9092
17.5, 9.95307, 0.0267594, 19.9092
17.51, 9.95334, 0.0265219, 19.9091
17.52, 9.9536, 0.0262809, 19.909
17.53, 9.95386, 0.0260364, 19.909
17.54, 9.95412, 0.0257885, 19.9089
17.55, 9.95437, 0.0255374, 19.9089
17.56, 9.95463, 0.0252831, 19.9088
17.57, 9.95488, 0.0250258, 19.9088
17.58, 9.95512, 0.0247656, 19.9087
17.59, 9.95537, 0.0245026, 19.9087
17.6, 9.95561, 0.0242368, 19.9086
17.61, 9.95585, 0.0239685, 19.9086
17.62, 9.95609, 0.0236976, 19.9086
17.63, 9.95632, 0.0234244, 19.9085
17.64, 9.95655, 0.023149, 19.9085
17.65, 9.95678, 0.0228713, 19.9085
17.66, 9.95701, 0.0225916, 19.9084
17.67, 9.95723, 0.02231, 19.9084
17.68, 9.95745, 0.0220265, 19.9084
17.69, 9.95767, 0.0217414, 19.9084
17.7, 9.95788, 0.0214546, 19.9084
17.71, 9.95809, 0.0211663, 19.9084
17.72, 9.9583, 0.0208766, 19.9084
17.73, 9.95851, 0.0205856, 19.9084
17.74, 9.95871, 0.0202935, 19.9084
17.75, 9.95891, 0.0200002, 19.9084
17.76, 9.95911, 0.0197061, 19.9084
17.77, 9.9593, 0.019411, 19.9084
17.78, 9.95949, 0.0191153, 19.9085
17.79, 9.95968, 0.0188189, 19.9085
17.8, 9.95987, 0.0185219, 19.9085
17.81, 9.96005, 0.0182245, 19.9086
17.82, 9.96023, 0.0179269, 19.9086
17.83, 9.96041, 0.017629, 19.9086
17.84, 9.96058, 0.0173309, 19.9087
17.85, 9.96075, 0.0170329, 19.9087
17.86, 9.96092, 0.016735, 19.9088
17.87, 9.96108, 0.0164372, 19.9089
17.88, 9.96124, 0.0161398, 19.9089
17.89, 9.9614, 0.0158427, 19.909
17.9, 9.96156, 0.0155462, 19.9091
17.91, 9.96171, 0.0152502, 19.9091
17.92, 9.96186, 0.0149549, 19.9092
17.93, 9.96201, 0.0146604, 19.9093
17.94, 9.96215, 0.0143668, 19.9094
17.95, 9.96229, 0.0140742, 19.9095
17.96, 9.96243, 0.0137826, 19.9096
17.97, 9.96256, 0.0134922, 19.9097
17.98, 9.96269, 0.013203, 19.9098
17.99, 9.96282, 0.0129152, 19.9099
18, 9.96295, 0.0126288, 19.91
18.01, 9.96307, 0.0123439, 19.9102
18.02, 9.96319, 0.0120607, 19.9103
18.03, 9.96331, 0.0117791, 19.9104
18.04, 9.96343, 0.0114993, 19.9106
18.05, 9.96354, 0.0112213, 19.9107
18.06, 9.96365, 0.0109453, 19.9108
18.07, 9.96376, 0.0106713, 19.911
18.08, 9.96386, 0.0103994, 19.9111
18.09, 9.96396, 0.0101297, 19.9113
18.1, 9.96406, 0.00986221, 19.9115
18.11, 9.96415, 0.00959706, 19.9116
18.12, 9.96425, 0.0093343, 19.9118
18.13, 9.96434, 0.00907401, 19.912
18.14, 9.96443, 0.00881626, 19.9122
18.15, 9.96451, 0.00856112, 19.9123
18.16, 9.9646, 0.00830865, 19.9125
18.17, 9.96468, 0.00805893, 19.9127
18.18, 9.96475, 0.00781201, 19.9129
18.19, 9.96483, 0.00756796, 19.9131
18.2, 9.9649, 0.00732684, 19.9133
18.21, 9.96497, 0.00708872, 19.9135
18.22, 9.96504, 0.00685364, 19.9137
18.23, 9.96511, 0.00662166, 19.914
18.24, 9.96517, 0.00639285, 19.9142
18.25, 9.96523, 0.00616724, 19.9144
18.26, 9.96529, 0.00594491, 19.9146
18.27, 9.96535, 0.00572589, 19.9149
18.28, 9.96541, 0.00551023, 19.9151
18.29, 9.96546, 0.00529799, 19.9153
18.3, 9.96551, 0.00508921, 19.9156
18.31, 9.96556, 0.00488392, 19.9158
18.32, 9.96561, 0.00468218, 19.9161
18.33, 9.96565, 0.00448402, 19.9163
18.34, 9.96569, 0.00428949, 19.9166
18.35, 9.96573, 0.00409861, 19.9169
18.36, 9.96577, 0.00391143, 19.9171
18.37, 9.96581, 0.00372799, 19.9174
18.38, 9.96585, 0.0035483, 19.9177
18.39, 9.96588, 0.00337241, 19.9179
18.4, 9.96591, 0.00320033, 19.9182
18.41, 9.96594, 0.00303211, 19.9185
18.42, 9.96597, 0.00286776, 19.9188
18.43, 9.966, 0.00270732, 19.9191
18.44, 9.96602, 0.00255079, 19.9193
18.45, 9.96605, 0.00239821, 19.9196
18.46, 9.96607, 0.00224958, 19.9199
18.47, 9.96609, 0.00210494, 19.9202
18.48, 9.96611, 0.00196429, 19.9205
18.49, 9.96613, 0.00182765, 19.9208
18.5, 9.96615, 0.00169504, 19.9211
18.51, 9.96616, 0.00156646, 19.9214
18.52, 9.96618, 0.00144192, 19.9217
18.53, 9.96619, 0.00132143, 19.9221
18.54, 9.9662, 0.001205, 19.9224
18.55, 9.96621, 0.00109263, 19.9227
18.56, 9.96622, 0.000984328, 19.923
18.57, 9.96623, 0.000880092, 19.9233
18.58, 9.96624, 0.000779923, 19.9236
18.59, 9.96625, 0.000683819, 19.924
18.6, 9.96625, 0.000591779, 19.9243
18.61, 9.96626, 0.000503797, 19.9246
18.62, 9.96626, 0.000419868, 19.925
18.63, 9.96626, 0.000339984, 19.9253
18.64, 9.96627, 0.000264137, 19.9256
18.65, 9.96627, 0.000192315, 19.9259
18.66, 9.96627, 0.000124508, 19.9263
18.67, 9.96627, 6.07021e-05, 19.9266
18.68, 9.96627, 8.82905e-07, 19.927
18.69, 9.96627, -5.49656e-05, 19.9273
18.7, 9.96627, -0.000106861, 19.9276
18.71, 9.96627, -0.000154821, 19.928
18.72, 9.96627, -0.000198866, 19.9283
18.73, 9.96626, -0.000239018, 19.9287
18.74, 9.96626, -0.0002753, 19.929
18.75, 9.96626, -0.000307734, 19.9293
18.76, 9.96625, -0.000336347, 19.9297
18.77, 9.96625, -0.000361165, 19.93
18.78, 9.96625, -0.000382215, 19.9304
18.79, 9.96624, -0.000399526, 19.9307
18.8, 9.96624, -0.000413128, 19.9311
18.81, 9.96623, -0.000423054, 19.9314
18.82, 9.96623, -0.000429334, 19.9318
18.83, 9.96623, -0.000432002, 19.9321
18.84, 9.96622, -0.000431094, 19.9325
18.85, 9.96622, -0.000426645, 19.9328
18.86, 9.96621, -0.000418691, 19.9331
18.87, 9.96621, -0.00040727, 19.9335
18.88, 9.96621, -0.000392422, 19.9338
18.89, 9.9662, -0.000374186, 19.9342
18.9, 9.9662, -0.000352602, 19.9345
18.91, 9.96619, -0.000327714, 19.9349
18.92, 9.96619, -0.000299562, 19.9352
18.93, 9.96619, -0.000268191, 19.9356
18.94, 9.96619, -0.000233646, 19.9359
18.95, 9.96618, -0.000195971, 19.9362
18.96, 9.96618, -0.000155213, 19.9366
18.97, 9.96618, -0.000111419, 19.9369
18.98, 9.96618, -6.4636e-05, 19.9373
18.99, 9.96618, -1.49135e-05, 19.9376
19, 9.96618, 3.76997e-05, 19.9379
19.01, 9.96618, 9.31535e-05, 19.9383
19.02, 9.96618, 0.000151397, 19.9386
19.03, 9.96619, 0.00021238, 19.939
19.04, 9.96619, 0.000276049, 19.9393
19.05, 9.96619, 0.000342352, 19.9396
19.06, 9.9662, 0.000411235, 19.9399
19.07, 9.9662, 0.000482646, 19.9403
19.08, 9.96621, 0.00055653, 19.9406
19.09, 9.96621, 0.000632831, 19.9409
19.1, 9.96622, 0.000711495, 19.9412
19.11, 9.96623, 0.000792466, 19.9416
19.12, 9.96624, 0.000875687, 19.9419
19.13, 9.96625, 0.000961102, 19.9422
19.14, 9.96626, 0.00104865, 19.9425
19.15, 9.96627, 0.00113829, 19.9428
19.16, 9.96628, 0.00122994, 19.9432
19.17, 9.96629, 0.00132355, 19.9435
19.18, 9.96631, 0.00141908, 19.9438
19.19, 9.96632, 0.00151644, 19.9441
19.2, 9.96634, 0.0016156, 19.9444
19.21, 9.96636, 0.00171648, 19.9447
19.22, 9.96637, 0.00181903, 19.945
19.23, 9.96639, 0.00192319, 19.9453
19.24, 9.96641, 0.00202891, 19.9456
19.25, 9.96644, 0.00213611, 19.9459
19.26, 9.96646, 0.00224474, 19.9462
19.27, 9.96648, 0.00235474, 19.9464
19.28, 9.96651, 0.00246605, 19.9467
19.29, 9.96653, 0.00257861, 19.947
19.3, 9.96656, 0.00269236, 19.9473
19.31, 9.96659, 0.00280724, 19.9476
19.32, 9.96662, 0.00292319, 19.9479
19.33, 9.96665, 0.00304015, 19.9481
19.34, 9.96668, 0.00315806, 19.9484
19.35, 9.96671, 0.00327686, 19.9487
19.36, 9.96675, 0.00339649, 19.9489
19.37, 9.96678, 0.00351689, 19.9492
19.38, 9.96682, 0.003638, 19.9494
19.39, 9.96685, 0.00375976, 19.9497
19.4, 9.96689, 0.00388212, 19.95
19.41, 9.96693, 0.00400501, 19.9502
19.42, 9.96697, 0.00412837, 19.9505
19.43, 9.96702, 0.00425216, 19.9507
19.44, 9.96706, 0.0043763, 19.9509
19.45, 9.96711, 0.00450075, 19.9512
19.46, 9.96715, 0.00462544, 19.9514
19.47, 9.9672, 0.00475031, 19.9516
19.48, 9.96725, 0.00487532, 19.9519
19.49, 9.9673, 0.00500041, 19.9521
19.5, 9.96735, 0.00512551, 19.9523
19.51, 9.9674, 0.00525058, 19.9526
19.52, 9.96746, 0.00537555, 19.9528
19.53, 9.96751, 0.00550038, 19.953
19.54, 9.96757, 0.00562501, 19.9532
19.55, 9.96762, 0.00574939, 19.9534
19.56, 9.96768, 0.00587346, 19.9536
19.57, 9.96774, 0.00599718, 19.9538
19.58, 9.9678, 0.00612048, 19.954
19.59, 9.96787, 0.00624332, 19.9542
19.6, 9.96793, 0.00636565, 19.9544
19.61, 9.968, 0.00648742, 19.9546
19.62, 9.96806, 0.00660857, 19.9548
19.63, 9.96813, 0.00672906, 19.955
19.64, 9.9682, 0.00684885, 19.9551
19.65, 9.96827, 0.00696787, 19.9553
19.66, 9.96834, 0.0070861, 19.9555
19.67, 9.96841, 0.00720347, 19.9557
19.68, 9.96848, 0.00731994, 19.9558
19.69, 9.96856, 0.00743548, 19.956
19.7, 9.96863, 0.00755003, 19.9562
19.71, 9.96871, 0.00766355, 19.9563
19.72, 9.96879, 0.007776, 19.9565
19.73, 9.96887, 0.00788733, 19.9566
19.74, 9.96895, 0.00799751, 19.9568
19.75, 9.96903, 0.0081065, 19.9569
19.76, 9.96911, 0.00821425, 19.9571
19.77, 9.96919, 0.00832073, 19.9572
19.78, 9.96928, 0.00842589, 19.9574
19.79, 9.96936, 0.0085297, 19.9575
19.8, 9.96945, 0.00863213, 19.9576
19.81, 9.96954, 0.00873314, 19.9578
19.82, 9.96962, 0.00883269, 19.9579
19.83, 9.96971, 0.00893075, 19.958
19.84, 9.9698, 0.00902728, 19.9581
19.85, 9.96989, 0.00912226, 19.9583
19.86, 9.96999, 0.00921565, 19.9584
19.87, 9.97008, 0.00930742, 19.9585
19.88, 9.97017, 0.00939754, 19.9586
19.89, 9.97027, 0.00948598, 19.9587
19.9, 9.97036, 0.00957272, 19.9588
19.91, 9.97046, 0.00965773, 19.9589
19.92, 9.97056, 0.00974097, 19.959
19.93, 9.97066, 0.00982243, 19.9591
19.94, 9.97076, 0.00990209, 19.9592
19.95, 9.97086, 0.00997991, 19.9593
19.96, 9.97096, 0.0100559, 19.9594
19.97, 9.97106, 0.01013, 19.9595
19.98, 9.97116, 0.0102021, 19.9595
19.99, 9.97126, 0.0102724, 19.9596
20, 9.97137, 0.0103407, 19.9597
20.01, 9.97147, 0.0104071, 19.9598
20.02, 9.97157, 0.0104715, 19.9599
20.03, 9.97168, 0.0105339, 19.9599
20.04, 9.97179, 0.0105943, 19.96
20.05, 9.97189, 0.0106527, 19.9601
20.06, 9.972, 0.0107091, 19.9601
20.07, 9.97211, 0.0107634, 19.9602
20.08, 9.97222, 0.0108156, 19.9603
20.09, 9.97232, 0.0108658, 19.9603
20.1, 9.97243, 0.0109139, 19.9604
20.11, 9.97254, 0.0109599, 19.9604
20.12, 9.97265, 0.0110038, 19.9605
20.13, 9.97276, 0.0110456, 19.9605
20.14, 9.97287, 0.0110853, 19.9606
20.15, 9.97299, 0.0111229, 19.9606
20.16, 9.9731, 0.0111583, 19.9607
20.17, 9.97321, 0.0111916, 19.9607
20.18, 9.97332, 0.0112228, 19.9608
20.19, 9.97343, 0.0112519, 19.9608
20.2, 9.97355, 0.0112788, 19.9608
20.21, 9.97366, 0.0113036, 19.9609
20.22, 9.97377, 0.0113262, 19.9609
20.23, 9.97389, 0.0113467, 19.961
20.24, 9.974, 0.0113651, 19.961
20.25, 9.97411, 0.0113814, 19.961
20.26, 9.97423, 0.0113955, 19.9611
20.27, 9.97434, 0.0114075, 19.9611
20.28, 9.97446, 0.0114174, 19.9611
20.29, 9.97457, 0.0114252, 19.9611
20.3, 9.97468, 0.0114308, 19.9612
20.31, 9.9748, 0.0114344, 19.9612
20.32, 9.97491, 0.0114359, 19.9612
20.33, 9.97503, 0.0114353, 19.9612
20.34, 9.97514, 0.0114326, 19.9612
20.35, 9.97526, 0.0114279, 19.9613
20.36, 9.97537, 0.0114211, 19.9613
20.37, 9.97548, 0.0114123, 19.9613
20.38, 9.9756, 0.0114015, 19.9613
20.39, 9.97571, 0.0113886, 19.9613
20.4, 9.97583, 0.0113738, 19.9613
20.41, 9.97594, 0.0113569, 19.9614
20.42, 9.97605, 0.0113381, 19.9614
20.43, 9.97617, 0.0113174, 19.9614
20.44, 9.97628, 0.0112947, 19.9614
20.45, 9.97639, 0.0112701, 19.9614
20.46, 9.9765, 0.0112436, 19.9614
20.47, 9.97662, 0.0112152, 19.9614
20.48, 9.97673, 0.0111849, 19.9614
20.49, 9.97684, 0.0111528, 19.9614
20.5, 9.97695, 0.0111189, 19.9614
20.51, 9.97706, 0.0110832, 19.9615
20.52, 9.97717, 0.0110457, 19.9615
20.53, 9.97728, 0.0110064, 19.9615
20.54, 9.97739, 0.0109654, 19.9615
20.55, 9.9775, 0.0109227, 19.9615
20.56, 9.97761, 0.0108782, 19.9615
20.57, 9.97772, 0.0108322, 19.9615
20.58, 9.97783, 0.0107844, 19.9615
20.59, 9.97793, 0.0107351, 19.9615
20.6, 9.97804, 0.0106841, 19.9615
20.61, 9.97815, 0.0106316, 19.9615
20.62, 9.97825, 0.0105776, 19.9615
20.63, 9.97836, 0.010522, 19.9615
20.64, 9.97846, 0.010465, 19.9615
20.65, 9.97857, 0.0104064, 19.9615
20.66, 9.97867, 0.0103465, 19.9615
20.67, 9.97877, 0.0102851, 19.9616
20.68, 9.97887, 0.0102224, 19.9616
20.69, 9.97898, 0.0101583, 19.9616
20.7, 9.97908, 0.0100929, 19.9616
20.71, 9.97918, 0.0100262, 19.9616
20.72, 9.97928, 0.00995825, 19.9616
20.73, 9.97938, 0.00988906, 19.9616
20.74, 9.97947, 0.00981867, 19.9616
20.75, 9.97957, 0.00974711, 19.9616
20.76, 9.97967, 0.00967441, 19.9616
20.77, 9.97976, 0.0096006, 19.9616
20.78, 9.97986, 0.00952571, 19.9617
20.79, 9.97995, 0.00944978, 19.9617
20.8, 9.98005, 0.00937282, 19.9617
20.81, 9.98014, 0.00929489, 19.9617
20.82, 9.98023, 0.009216, 19.9617
20.83, 9.98032, 0.00913619, 19.9617
20.84, 9.98041, 0.00905549, 19.9617
20.85, 9.9805, 0.00897394, 19.9617
20.86, 9.98059, 0.00889156, 19.9618
20.87, 9.98068, 0.00880838, 19.9618
20.88, 9.98077, 0.00872445, 19.9618
20.89, 9.98086, 0.00863979, 19.9618
20.9, 9.98094, 0.00855444, 19.9618
20.91, 9.98103, 0.00846842, 19.9619
20.92, 9.98111, 0.00838178, 19.9619
20.93, 9.98119, 0.00829453, 19.9619
20.94, 9.98127, 0.00820673, 19.9619
20.95, 9.98136, 0.00811839, 19.9619
20.96, 9.98144, 0.00802955, 19.962
20.97, 9.98152, 0.00794024, 19.962
20.98, 9.98159, 0.0078505, 19.962
20.99, 9.98167, 0.00776036, 19.9621
21, 9.98175, 0.00766984, 19.9621
21.01, 9.98182, 0.00757899, 19.9621
21.02, 9.9819, 0.00748784, 19.9621
21.03, 9.98197, 0.00739641, 19.9622
21.04, 9.98205, 0.00730474, 19.9622
21.05, 9.98212, 0.00721286, 19.9622
21.06, 9.98219, 0.0071208, 19.9623
21.07, 9.98226, 0.00702859, 19.9623
21.08, 9.98233, 0.00693627, 19.9624
21.09, 9.9824, 0.00684387, 19.9624
21.1, 9.98246, 0.00675141, 19.9624
21.11, 9.98253, 0.00665893, 19.9625
21.12, 9.9826, 0.00656646, 19.9625
21.13, 9.98266, 0.00647402, 19.9626
21.14, 9.98273, 0.00638166, 19.9626
21.15, 9.98279, 0.00628939, 19.9627
21.16, 9.98285, 0.00619725, 19.9627
21.17, 9.98291, 0.00610527, 19.9627
21.18, 9.98297, 0.00601348, 19.9628
21.19, 9.98303, 0.0059219, 19.9628
21.2, 9.98309, 0.00583056, 19.9629
21.21, 9.98315, 0.0057395, 19.963
21.22, 9.9832, 0.00564874, 19.963
21.23, 9.98326, 0.0055583, 19.9631
21.24, 9.98331, 0.00546822, 19.9631
21.25, 9.98337, 0.00537853, 19.9632
21.26, 9.98342, 0.00528924, 19.9632
21.27, 9.98347, 0.00520038, 19.9633
21.28, 9.98352, 0.00511199, 19.9634
21.29, 9.98357, 0.00502409, 19.9634
21.3, 9.98362, 0.00493669, 19.9635
21.31, 9.98367, 0.00484984, 19.9636
21.32, 9.98372, 0.00476354, 19.9636
21.33, 9.98377, 0.00467783, 19.9637
21.34, 9.98381, 0.00459273, 19.9638
21.35, 9.98386, 0.00450827, 19.9638
21.36, 9.9839, 0.00442446, 19.9639
21.37, 9.98394, 0.00434132, 19.964
21.38, 9.98399, 0.00425889, 19.9641
21.39, 9.98403, 0.00417718, 19.9641
21.4, 9.98407, 0.00409621, 19.9642
21.41, 9.98411, 0.00401601, 19.9643
21.42, 9.98415, 0.00393659, 19.9644
21.43, 9.98419, 0.00385798, 19.9645
21.44, 9.98423, 0.00378019, 19.9645
21.45, 9.98426, 0.00370325, 19.9646
21.46, 9.9843, 0.00362716, 19.9647
21.47, 9.98433, 0.00355196, 19.9648
21.48, 9.98437, 0.00347765, 19.9649
21.49, 9.9844, 0.00340426, 19.965
21.5, 9.98444, 0.0033318, 19.9651
21.51, 9.98447, 0.00326029, 19.9651
21.52, 9.9845, 0.00318975, 19.9652
21.53, 9.98453, 0.00312018, 19.9653
21.54, 9.98456, 0.00305161, 19.9654
21.55, 9.98459, 0.00298404, 19.9655
21.56, 9.98462, 0.0029175, 19.9656
21.57, 9.98465, 0.002852, 19.9657
21.58, 9.98468, 0.00278754, 19.9658
21.59, 9.98471, 0.00272415, 19.9659
21.6, 9.98473, 0.00266183, 19.966
21.61, 9.98476, 0.00260059, 19.9661
21.62, 9.98478, 0.00254045, 19.9662
21.63, 9.98481, 0.00248142, 19.9663
21.64, 9.98483, 0.00242351, 19.9664
21.65, 9.98486, 0.00236672, 19.9665
21.66, 9.98488, 0.00231107, 19.9666
21.67, 9.9849, 0.00225656, 19.9667
21.68, 9.98492, 0.00220321, 19.9668
21.69, 9.98495, 0.00215101, 19.9669
21.7, 9.98497, 0.00209998, 19.967
21.71, 9.98499, 0.00205013, 19.9672
21.72, 9.98501, 0.00200145, 19.9673
21.73, 9.98503, 0.00195396, 19.9674
21.74, 9.98505, 0.00190766, 19.9675
21.75, 9.98506, 0.00186256, 19.9676
21.76, 9.98508, 0.00181865, 19.9677
21.77, 9.9851, 0.00177595, 19.9678
21.78, 9.98512, 0.00173446, 19.9679
21.79, 9.98513, 0.00169417, 19.9681
21.8, 9.98515, 0.0016551, 19.9682
21.81, 9.98517, 0.00161724, 19.9683
21.82, 9.98518, 0.0015806, 19.9684
21.83, 9.9852, 0.00154517, 19.9685
21.84, 9.98521, 0.00151096, 19.9686
21.85, 9.98523, 0.00147796, 19.9688
21.86, 9.98524, 0.00144618, 19.9689
21.87, 9.98526, 0.00141562, 19.969
21.88, 9.98527, 0.00138627, 19.9691
21.89, 9.98528, 0.00135813, 19.9692
21.9, 9.9853, 0.0013312, 19.9694
21.91, 9.98531, 0.00130548, 19.9695
21.92, 9.98532, 0.00128096, 19.9696
21.93, 9.98534, 0.00125765, 19.9697
21.94, 9.98535, 0.00123552, 19.9698
21.95, 9.98536, 0.0012146, 19.97
21.96, 9.98537, 0.00119486, 19.9701
21.97, 9.98538, 0.0011763, 19.9702
21.98, 9.9854, 0.00115891, 19.9703
21.99, 9.98541, 0.0011427, 19.9705
22, 9.98542, 0.00112766, 19.9706
22.01, 9.98543, 0.00111377, 19.9707
22.02, 9.98544, 0.00110103, 19.9708
22.03, 9.98545, 0.00108943, 19.9709
22.04, 9.98546, 0.00107897, 19.9711
22.05, 9.98547, 0.00106964, 19.9712
22.06, 9.98548, 0.00106142, 19.9713
22.07, 9.98549, 0.00105431, 19.9714
22.08, 9.9855, 0.00104831, 19.9716
22.09, 9.98551, 0.00104339, 19.9717
22.1, 9.98553, 0.00103955, 19.9718
22.11, 9.98554, 0.00103679, 19.9719
22.12, 9.98555, 0.00103508, 19.9721
22.13, 9.98556, 0.00103442, 19.9722
22.14, 9.98557, 0.0010348, 19.9723
22.15, 9.98558, 0.00103621, 19.9724
22.16, 9.98559, 0.00103862, 19.9726
22.17, 9.9856, 0.00104204, 19.9727
22.18, 9.98561, 0.00104645, 19.9728
22.19, 9.98562, 0.00105184, 19.9729
22.2, 9.98563, 0.00105819, 19.973
22.21, 9.98564, 0.00106549, 19.9732
22.22, 9.98565, 0.00107372, 19.9733
22.23, 9.98566, 0.00108288, 19.9734
22.24, 9.98567, 0.00109295, 19.9735
22.25, 9.98568, 0.00110391, 19.9737
22.26, 9.98569, 0.00111576, 19.9738
22.27, 9.98571, 0.00112847, 19.9739
22.28, 9.98572, 0.00114203, 19.974
22.29, 9.98573, 0.00115642, 19.9741
22.3, 9.98574, 0.00117164, 19.9743
22.31, 9.98575, 0.00118766, 19.9744
22.32, 9.98576, 0.00120447, 19.9745
22.33, 9.98578, 0.00122206, 19.9746
22.34, 9.98579, 0.0012404, 19.9747
22.35, 9.9858, 0.00125949, 19.9748
22.36, 9.98581, 0.0012793, 19.975
22.37, 9.98583, 0.00129981, 19.9751
22.38, 9.98584, 0.00132102, 19.9752
22.39, 9.98585, 0.00134291, 19.9753
22.4, 9.98587, 0.00136545, 19.9754
22.41, 9.98588, 0.00138864, 19.9755
22.42, 9.9859, 0.00141245, 19.9756
22.43, 9.98591, 0.00143687, 19.9758
22.44, 9.98592, 0.00146188, 19.9759
22.45, 9.98594, 0.00148746, 19.976
22.46, 9.98595, 0.00151359, 19.9761
22.47, 9.98597, 0.00154027, 19.9762
22.48, 9.98599, 0.00156746, 19.9763
22.49, 9.986, 0.00159515, 19.9764
22.5, 9.98602, 0.00162334, 19.9765
22.51, 9.98603, 0.00165198, 19.9766
22.52, 9.98605, 0.00168108, 19.9767
22.53, 9.98607, 0.00171061, 19.9768
22.54, 9.98609, 0.00174055, 19.9769
22.55, 9.9861, 0.00177089, 19.977
22.56, 9.98612, 0.0018016, 19.9772
22.57, 9.98614, 0.00183268, 19.9773
22.58, 9.98616, 0.0018641, 19.9774
22.59, 9.98618, 0.00189584, 19.9775
22.6, 9.9862, 0.00192789, 19.9776
22.61, 9.98622, 0.00196023, 19.9777
22.62, 9.98624, 0.00199283, 19.9778
22.63, 9.98626, 0.0020257, 19.9778
22.64, 9.98628, 0.00205879, 19.9779
22.65, 9.9863, 0.00209211, 19.978
22.66, 9.98632, 0.00212562, 19.9781
22.67, 9.98634, 0.00215932, 19.9782
22.68, 9.98636, 0.00219318, 19.9783
22.69, 9.98639, 0.00222719, 19.9784
22.7, 9.98641, 0.00226133, 19.9785
22.71, 9.98643, 0.00229559, 19.9786
22.72, 9.98645, 0.00232994, 19.9787
22.73, 9.98648, 0.00236437, 19.9788
22.74, 9.9865, 0.00239886, 19.9789
22.75, 9.98653, 0.0024334, 19.9789
22.76, 9.98655, 0.00246796, 19.979
22.77, 9.98658, 0.00250254, 19.9791
22.78, 9.9866, 0.00253711, 19.9792
22.79, 9.98663, 0.00257166, 19.9793
22.8, 9.98665, 0.00260618, 19.9794
22.81, 9.98668, 0.00264064, 19.9794
22.82, 9.98671, 0.00267504, 19.9795
22.83, 9.98673, 0.00270935, 19.9796
22.84, 9.98676, 0.00274356, 19.9797
22.85, 9.98679, 0.00277765, 19.9798
22.86, 9.98682, 0.00281161, 19.9798
22.87, 9.98685, 0.00284543, 19.9799
22.88, 9.98687, 0.00287909, 19.98
22.89, 9.9869, 0.00291257, 19.98
22.9, 9.98693, 0.00294586, 19.9801
22.91, 9.98696, 0.00297894, 19.9802
22.92, 9.98699, 0.00301181, 19.9803
22.93, 9.98702, 0.00304444, 19.9803
22.94, 9.98705, 0.00307683, 19.9804
22.95, 9.98708, 0.00310896, 19.9805
22.96, 9.98712, 0.00314081, 19.9805
22.97, 9.98715, 0.00317238, 19.9806
22.98, 9.98718, 0.00320365, 19.9807
22.99, 9.98721, 0.00323461, 19.9807
23, 9.98724, 0.00326524, 19.9808
23.01, 9.98728, 0.00329554, 19.9808
23.02, 9.98731, 0.00332548, 19.9809
23.03, 9.98734, 0.00335507, 19.981
23.04, 9.98738, 0.00338428, 19.981
23.05, 9.98741, 0.00341311, 19.9811
23.06, 9.98745, 0.00344155, 19.9811
23.07, 9.98748, 0.00346958, 19.9812
23.08, 9.98752, 0.00349719, 19.9812
23.09, 9.98755, 0.00352437, 19.9813
23.1, 9.98759, 0.00355112, 19.9814
23.11, 9.98762, 0.00357743, 19.9814
23.12, 9.98766, 0.00360327, 19.9815
23.13, 9.9877, 0.00362865, 19.9815
23.14, 9.98773, 0.00365356, 19.9816
23.15, 9.98777, 0.00367798, 19.9816
23.16, 9.98781, 0.00370191, 19.9817
23.17, 9.98784, 0.00372534, 19.9817
23.18, 9.98788, 0.00374826, 19.9817
23.19, 9.98792, 0.00377067, 19.9818
23.2, 9.98796, 0.00379255, 19.9818
23.21, 9.98799, 0.00381389, 19.9819
23.22, 9.98803, 0.0038347, 19.9819
23.23, 9.98807, 0.00385497, 19.982
23.24, 9.98811, 0.00387468, 19.982
23.25, 9.98815, 0.00389384, 19.9821
23.26, 9.98819, 0.00391243, 19.9821
23.27, 9.98823, 0.00393045, 19.9821
23.28, 9.98827, 0.0039479, 19.9822
23.29, 9.98831, 0.00396476, 19.9822
23.3, 9.98835, 0.00398104, 19.9822
23.31, 9.98839, 0.00399673, 19.9823
23.32, 9.98843, 0.00401183, 19.9823
23.33, 9.98847, 0.00402633, 19.9823
23.34, 9.98851, 0.00404022, 19.9824
23.35, 9.98855, 0.00405352, 19.9824
23.36, 9.98859, 0.0040662, 19.9824
23.37, 9.98863, 0.00407827, 19.9825
23.38, 9.98867, 0.00408972, 19.9825
23.39, 9.98871, 0.00410056, 19.9825
23.4, 9.98875, 0.00411077, 19.9826
23.41, 9.98879, 0.00412037, 19.9826
23.42, 9.98883, 0.00412934, 19.9826
23.43, 9.98888, 0.00413769, 19.9827
23.44, 9.98892, 0.00414541, 19.9827
23.45, 9.98896, 0.0041525, 19.9827
23.46, 9.989, 0.00415897, 19.9827
23.47, 9.98904, 0.00416481, 19.9828
23.48, 9.98908, 0.00417002, 19.9828
23.49, 9.98913, 0.0041746, 19.9828
23.5, 9.98917, 0.00417855, 19.9828
23.51, 9.98921, 0.00418188, 19.9829
23.52, 9.98925, 0.00418457, 19.9829
23.53, 9.98929, 0.00418665, 19.9829
23.54, 9.98933, 0.00418809, 19.9829
23.55, 9.98938, 0.00418892, 19.983
23.56, 9.98942, 0.00418912, 19.983
23.57, 9.98946, 0.0041887, 19.983
23.58, 9.9895, 0.00418767, 19.983
23.59, 9.98954, 0.00418602, 19.983
23.6, 9.98959, 0.00418376, 19.9831
23.61, 9.98963, 0.00418089, 19.9831
23.62, 9.98967, 0.00417741, 19.9831
23.63, 9.98971, 0.00417333, 19.9831
23.64, 9.98975, 0.00416865, 19.9831
23.65, 9.98979, 0.00416338, 19.9832
23.66, 9.98984, 0.00415751, 19.9832
23.67, 9.98988, 0.00415105, 19.9832
23.68, 9.98992, 0.00414401, 19.9832
23.69, 9.98996, 0.00413639, 19.9832
23.7, 9.99, 0.0041282, 19.9833
23.71, 9.99004, 0.00411944, 19.9833
23.72, 9.99008, 0.00411011, 19.9833
23.73, 9.99013, 0.00410023, 19.9833
23.74, 9.99017, 0.00408979, 19.9833
23.75, 9.99021, 0.0040788, 19.9833
23.76, 9.99025, 0.00406727, 19.9834
23.77, 9.99029, 0.0040552, 19.9834
23.78, 9.99033, 0.0040426, 19.9834
23.79, 9.99037, 0.00402948, 19.9834
23.8, 9.99041, 0.00401584, 19.9834
23.81, 9.99045, 0.00400169, 19.9834
23.82, 9.99049, 0.00398704, 19.9834
23.83, 9.99053, 0.00397189, 19.9835
23.84, 9.99057, 0.00395625, 19.9835
23.85, 9.99061, 0.00394013, 19.9835
23.86, 9.99065, 0.00392353, 19.9835
23.87, 9.99069, 0.00390646, 19.9835
23.88, 9.99072, 0.00388893, 19.9835
23.89, 9.99076, 0.00387095, 19.9836
23.9, 9.9908, 0.00385253, 19.9836
23.91, 9.99084, 0.00383367, 19.9836
23.92, 9.99088, 0.00381438, 19.9836
23.93, 9.99092, 0.00379466, 19.9836
23.94, 9.99095, 0.00377454, 19.9836
23.95, 9.99099, 0.00375401, 19.9836
23.96, 9.99103, 0.00373309, 19.9837
23.97, 9.99107, 0.00371178, 19.9837
23.98, 9.9911, 0.00369009, 19.9837
23.99, 9.99114, 0.00366803, 19.9837
24, 9.99118, 0.00364561, 19.9837
24.01, 9.99121, 0.00362284, 19.9837
24.02, 9.99125, 0.00359973, 19.9838
24.03, 9.99128, 0.00357628, 19.9838
24.04, 9.99132, 0.00355251, 19.9838
24.05, 9.99135, 0.00352843, 19.9838
24.06, 9.99139, 0.00350403, 19.9838
24.07, 9.99142, 0.00347934, 19.9838
24.08, 9.99146, 0.00345437, 19.9838
24.09, 9.99149, 0.00342911, 19.9839
24.1, 9.99153, 0.00340359, 19.9839
24.11, 9.99156, 0.00337781, 19.9839
24.12, 9.99159, 0.00335178, 19.9839
24.13, 9.99163, 0.00332551, 19.9839
24.14, 9.99166, 0.00329901, 19.9839
24.15, 9.99169, 0.00327228, 19.984
24.16, 9.99173, 0.00324535, 19.984
24.17, 9.99176, 0.00321822, 19.984
24.18, 9.99179, 0.00319089, 19.984
24.19, 9.99182, 0.00316338, 19.984
24.2, 9.99185, 0.0031357, 19.9841
24.21, 9.99188, 0.00310786, 19.9841
24.22, 9.99192, 0.00307986, 19.9841
24.23, 9.99195, 0.00305172, 19.9841
24.24, 9.99198, 0.00302345, 19.9841
24.25, 9.99201, 0.00299505, 19.9842
24.26, 9.99204, 0.00296654, 19.9842
24.27, 9.99206, 0.00293792, 19.9842
24.28, 9.99209, 0.0029092, 19.9842
24.29, 9.99212, 0.00288041, 19.9842
24.3, 9.99215, 0.00285153, 19.9843
24.31, 9.99218, 0.00282259, 19.9843
24.32, 9.99221, 0.00279359, 19.9843
24.33, 9.99224, 0.00276454, 19.9843
24.34, 9.99226, 0.00273545, 19.9843
24.35, 9.99229, 0.00270633, 19.9844
24.36, 9.99232, 0.0026772, 19.9844
24.37, 9.99234, 0.00264805, 19.9844
24.38, 9.99237, 0.0026189, 19.9844
24.39, 9.99239, 0.00258975, 19.9845
24.4, 9.99242, 0.00256063, 19.9845
24.41, 9.99245, 0.00253152, 19.9845
24.42, 9.99247, 0.00250245, 19.9845
24.43, 9.9925, 0.00247343, 19.9846
24.44, 9.99252, 0.00244445, 19.9846
24.45, 9.99254, 0.00241554, 19.9846
24.46, 9.99257, 0.00238669, 19.9846
24.47, 9.99259, 0.00235792, 19.9847
24.48, 9.99261, 0.00232924, 19.9847
24.49, 9.99264, 0.00230065, 19.9847
24.5, 9.99266, 0.00227216, 19.9848
24.51, 9.99268, 0.00224378, 19.9848
24.52, 9.99271, 0.00221552, 19.9848
24.53, 9.99273, 0.00218739, 19.9848
24.54, 9.99275, 0.00215939, 19.9849
24.55, 9.99277, 0.00213153, 19.9849
24.56, 9.99279, 0.00210382, 19.9849
24.57, 9.99281, 0.00207626, 19.985
24.58, 9.99283, 0.00204887, 19.985
24.59, 9.99285, 0.00202165, 19.985
24.6, 9.99287, 0.00199461, 19.9851
24.61, 9.99289, 0.00196776, 19.9851
24.62, 9.99291, 0.00194109, 19.9851
24.63, 9.99293, 0.00191463, 19.9852
24.64, 9.99295, 0.00188837, 19.9852
24.65, 9.99297, 0.00186232, 19.9852
24.66, 9.99299, 0.0018365, 19.9852
24.67, 9.993, 0.00181089, 19.9853
24.68, 9.99302, 0.00178552, 19.9853
24.69, 9.99304, 0.00176039, 19.9854
24.7, 9.99306, 0.0017355, 19.9854
24.71, 9.99307, 0.00171086, 19.9854
24.72, 9.99309, 0.00168647, 19.9855
24.73, 9.99311, 0.00166234, 19.9855
24.74, 9.99312, 0.00163848, 19.9855
24.75, 9.99314, 0.00161489, 19.9856
24.76, 9.99316, 0.00159157, 19.9856
24.77, 9.99317, 0.00156854, 19.9856
24.78, 9.99319, 0.00154579, 19.9857
24.79, 9.9932, 0.00152333, 19.9857
24.8, 9.99322, 0.00150117, 19.9858
24.81, 9.99323, 0.00147931, 19.9858
24.82, 9.99325, 0.00145775, 19.9858
24.83, 9.99326, 0.00143649, 19.9859
24.84, 9.99328, 0.00141555, 19.9859
24.85, 9.99329, 0.00139493, 19.9859
24.86, 9.9933, 0.00137462, 19.986
24.87, 9.99332, 0.00135464, 19.986
24.88, 9.99333, 0.00133498, 19.9861
24.89, 9.99334, 0.00131565, 19.9861
24.9, 9.99336, 0.00129666, 19.9861
24.91, 9.99337, 0.001278, 19.9862
24.92, 9.99338, 0.00125968, 19.9862
24.93, 9.99339, 0.0012417, 19.9863
24.94, 9.99341, 0.00122407, 19.9863
24.95, 9.99342, 0.00120678, 19.9864
24.96, 9.99343, 0.00118984, 19.9864
24.97, 9.99344, 0.00117324, 19.9864
24.98, 9.99345, 0.00115701, 19.9865
24.99, 9.99347, 0.00114112, 19.9865
25, 9.99348, 0.00112559, 19.9866
25.01, 9.99349, 0.00111042, 19.9866
25.02, 9.9935, 0.00109561, 19.9866
25.03, 9.99351, 0.00108116, 19.9867
25.04, 9.99352, 0.00106707, 19.9867
25.05, 9.99353, 0.00105334, 19.9868
25.06, 9.99354, 0.00103997, 19.9868
25.07, 9.99355, 0.00102697, 19.9869
25.08, 9.99356, 0.00101433, 19.9869
25.09, 9.99357, 0.00100206, 19.987
25.1, 9.99358, 0.000990149, 19.987
25.11, 9.99359, 0.000978604, 19.987
25.12, 9.9936, 0.000967425, 19.9871
25.13, 9.99361, 0.00095661, 19.9871
25.14, 9.99362, 0.00094616, 19.9872
25.15, 9.99363, 0.000936074, 19.9872
25.16, 9.99364, 0.000926352, 19.9873
25.17, 9.99365, 0.000916992, 19.9873
25.18, 9.99366, 0.000907994, 19.9874
25.19, 9.99367, 0.000899358, 19.9874
25.2, 9.99367, 0.000891081, 19.9874
25.21, 9.99368, 0.000883163, 19.9875
25.22, 9.99369, 0.000875603, 19.9875
25.23, 9.9937, 0.000868399, 19.9876
25.24, 9.99371, 0.00086155, 19.9876
25.25, 9.99372, 0.000855053, 19.9877
25.26, 9.99373, 0.000848908, 19.9877
25.27, 9.99373, 0.000843112, 19.9878
25.28, 9.99374, 0.000837663, 19.9878
25.29, 9.99375, 0.000832559, 19.9879
25.3, 9.99376, 0.000827798, 19.9879
25.31, 9.99377, 0.000823378, 19.988
25.32, 9.99378, 0.000819296, 19.988
25.33, 9.99378, 0.000815549, 19.988
25.34, 9.99379, 0.000812134, 19.9881
25.35, 9.9938, 0.00080905, 19.9881
25.36, 9.99381, 0.000806293, 19.9882
25.37, 9.99382, 0.000803861, 19.9882
25.38, 9.99382, 0.000801749, 19.9883
25.39, 9.99383, 0.000799955, 19.9883
25.4, 9.99384, 0.000798476, 19.9884
25.41, 9.99385, 0.000797308, 19.9884
25.42, 9.99386, 0.000796448, 19.9885
25.43, 9.99386, 0.000795893, 19.9885
25.44, 9.99387, 0.000795638, 19.9885
25.45, 9.99388, 0.00079568, 19.9886
25.46, 9.99389, 0.000796015, 19.9886
25.47, 9.9939, 0.00079664, 19.9887
25.48, 9.9939, 0.00079755, 19.9887
25.49, 9.99391, 0.000798742, 19.9888
25.5, 9.99392, 0.000800211, 19.9888
25.51, 9.99393, 0.000801953, 19.9889
25.52, 9.99394, 0.000803964, 19.9889
25.53, 9.99394, 0.00080624, 19.9889
25.54, 9.99395, 0.000808776, 19.989
25.55, 9.99396, 0.000811567, 19.989
25.56, 9.99397, 0.000814611, 19.9891
25.57, 9.99398, 0.000817901, 19.9891
25.58, 9.99399, 0.000821433, 19.9892
25.59, 9.99399, 0.000825203, 19.9892
25.6, 9.994, 0.000829205, 19.9893
25.61, 9.99401, 0.000833436, 19.9893
25.62, 9.99402, 0.00083789, 19.9893
25.63, 9.99403, 0.000842563, 19.9894
25.64, 9.99404, 0.000847449, 19.9894
25.65, 9.99404, 0.000852543, 19.9895
25.66, 9.99405, 0.000857841, 19.9895
25.67, 9.99406, 0.000863338, 19.9896
25.68, 9.99407, 0.000869029, 19.9896
25.69, 9.99408, 0.000874907, 19.9896
25.7, 9.99409, 0.00088097, 19.9897
25.71, 9.9941, 0.00088721, 19.9897
25.72, 9.99411, 0.000893624, 19.9898
25.73, 9.99411, 0.000900205, 19.9898
25.74, 9.99412, 0.000906949, 19.9898
25.75, 9.99413, 0.000913851, 19.9899
25.76, 9.99414, 0.000920905, 19.9899
25.77, 9.99415, 0.000928105, 19.99
25.78, 9.99416, 0.000935447, 19.99
25.79, 9.99417, 0.000942926, 19.99
25.8, 9.99418, 0.000950536, 19.9901
25.81, 9.99419, 0.000958271, 19.9901
25.82, 9.9942, 0.000966127, 19.9902
25.83, 9.99421, 0.000974098, 19.9902
25.84, 9.99422, 0.000982179, 19.9902
25.85, 9.99423, 0.000990364, 19.9903
25.86, 9.99424, 0.000998649, 19.9903
25.87, 9.99425, 0.00100703, 19.9904
25.88, 9.99426, 0.00101549, 19.9904
25.89, 9.99427, 0.00102404, 19.9904
25.9, 9.99428, 0.00103267, 19.9905
25.91, 9.99429, 0.00104137, 19.9905
25.92, 9.9943, 0.00105014, 19.9905
25.93, 9.99431, 0.00105897, 19.9906
25.94, 9.99432, 0.00106786, 19.9906
25.95, 9.99433, 0.0010768, 19.9906
25.96, 9.99434, 0.00108579, 19.9907
25.97, 9.99435, 0.00109482, 19.9907
25.98, 9.99436, 0.00110388, 19.9907
25.99, 9.99438, 0.00111298, 19.9908
26, 9.99439, 0.0011221, 19.9908
26.01, 9.9944, 0.00113124, 19.9908
26.02, 9.99441, 0.0011404, 19.9909
26.03, 9.99442, 0.00114957, 19.9909
26.04, 9.99443, 0.00115875, 19.9909
26.05, 9.99444, 0.00116793, 19.991
26.06, 9.99446, 0.0011771, 19.991
26.07, 9.99447, 0.00118627, 19.991
26.08, 9.99448, 0.00119542, 19.9911
26.09, 9.99449, 0.00120456, 19.9911
26.1, 9.9945, 0.00121367, 19.9911
26.11, 9.99452, 0.00122276, 19.9912
26.12, 9.99453, 0.00123182, 19.9912
26.13, 9.99454, 0.00124084, 19.9912
26.14, 9.99455, 0.00124981, 19.9913
26.15, 9.99457, 0.00125875, 19.9913
26.16, 9.99458, 0.00126763, 19.9913
26.17, 9.99459, 0.00127646, 19.9913
26.18, 9.9946, 0.00128523, 19.9914
26.19, 9.99462, 0.00129394, 19.9914
26.2, 9.99463, 0.00130259, 19.9914
26.21, 9.99464, 0.00131116, 19.9914
26.22, 9.99466, 0.00131966, 19.9915
26.23, 9.99467, 0.00132808, 19.9915
26.24, 9.99468, 0.00133641, 19.9915
26.25, 9.9947, 0.00134467, 19.9916
26.26, 9.99471, 0.00135283, 19.9916
26.27, 9.99472, 0.00136089, 19.9916
26.28, 9.99474, 0.00136886, 19.9916
26.29, 9.99475, 0.00137673, 19.9917
26.3, 9.99477, 0.0013845, 19.9917
26.31, 9.99478, 0.00139215, 19.9917
26.32, 9.99479, 0.0013997, 19.9917
26.33, 9.99481, 0.00140713, 19.9918
26.34, 9.99482, 0.00141444, 19.9918
26.35, 9.99484, 0.00142163, 19.9918
26.36, 9.99485, 0.0014287, 19.9918
26.37, 9.99486, 0.00143564, 19.9918
26.38, 9.99488, 0.00144245, 19.9919
26.39, 9.99489, 0.00144912, 19.9919
26.4, 9.99491, 0.00145567, 19.9919
26.41, 9.99492, 0.00146207, 19.9919
26.42, 9.99494, 0.00146833, 19.992
26.43, 9.99495, 0.00147445, 19.992
26.44, 9.99497, 0.00148042, 19.992
26.45, 9.99498, 0.00148624, 19.992
26.46, 9.995, 0.00149192, 19.992
26.47, 9.99501, 0.00149743, 19.9921
26.48, 9.99503, 0.0015028, 19.9921
26.49, 9.99504, 0.001508, 19.9921
26.5, 9.99506, 0.00151305, 19.9921
26.51, 9.99507, 0.00151794, 19.9921
26.52, 9.99509, 0.00152266, 19.9922
26.53, 9.9951, 0.00152722, 19.9922
26.54, 9.99512, 0.00153161, 19.9922
26.55, 9.99513, 0.00153583, 19.9922
26.56, 9.99515, 0.00153988, 19.9922
26.57, 9.99516, 0.00154376, 19.9922
26.58, 9.99518, 0.00154747, 19.9923
26.59, 9.99519, 0.00155101, 19.9923
26.6, 9.99521, 0.00155437, 19.9923
26.61, 9.99523, 0.00155755, 19.9923
26.62, 9.99524, 0.00156055, 19.9923
26.63, 9.99526, 0.00156338, 19.9923
26.64, 9.99527, 0.00156603, 19.9924
26.65, 9.99529, 0.0015685, 19.9924
26.66, 9.9953, 0.00157078, 19.9924
26.67, 9.99532, 0.00157289, 19.9924
26.68, 9.99534, 0.00157481, 19.9924
26.69, 9.99535, 0.00157655, 19.9924
26.7, 9.99537, 0.00157811, 19.9925
26.71, 9.99538, 0.00157948, 19.9925
26.72, 9.9954, 0.00158067, 19.9925
26.73, 9.99541, 0.00158168, 19.9925
26.74, 9.99543, 0.0015825, 19.9925
26.75, 9.99545, 0.00158313, 19.9925
26.76, 9.99546, 0.00158359, 19.9925
26.77, 9.99548, 0.00158386, 19.9925
26.78, 9.99549, 0.00158394, 19.9926
26.79, 9.99551, 0.00158384, 19.9926
26.8, 9.99553, 0.00158356, 19.9926
26.81, 9.99554, 0.00158309, 19.9926
26.82, 9.99556, 0.00158244, 19.9926
26.83, 9.99557, 0.00158161, 19.9926
26.84, 9.99559, 0.0015806, 19.9926
26.85, 9.9956, 0.00157941, 19.9927
26.86, 9.99562, 0.00157803, 19.9927
26.87, 9.99564, 0.00157648, 19.9927
26.88, 9.99565, 0.00157475, 19.9927
26.89, 9.99567, 0.00157284, 19.9927
26.9, 9.99568, 0.00157075, 19.9927
26.91, 9.9957, 0.00156849, 19.9927
26.92, 9.99571, 0.00156605, 19.9927
26.93, 9.99573, 0.00156344, 19.9927
26.94, 9.99575, 0.00156066, 19.9928
26.95, 9.99576, 0.0015577, 19.9928
26.96, 9.99578, 0.00155458, 19.9928
26.97, 9.99579, 0.00155129, 19.9928
26.98, 9.99581, 0.00154783, 19.9928
26.99, 9.99582, 0.0015442, 19.9928
27, 9.99584, 0.00154042, 19.9928
27.01, 9.99585, 0.00153647, 19.9928
27.02, 9.99587, 0.00153236, 19.9928
27.03, 9.99588, 0.00152809, 19.9929
27.04, 9.9959, 0.00152366, 19.9929
27.05, 9.99592, 0.00151908, 19.9929
27.06, 9.99593, 0.00151434, 19.9929
27.07, 9.99595, 0.00150946, 19.9929
27.08, 9.99596, 0.00150442, 19.9929
27.09, 9.99598, 0.00149924, 19.9929
27.1, 9.99599, 0.00149391, 19.9929
27.11, 9.99601, 0.00148844, 19.9929
27.12, 9.99602, 0.00148282, 19.9929
27.13, 9.99604, 0.00147707, 19.993
27.14, 9.99605, 0.00147118, 19.993
27.15, 9.99606, 0.00146516, 19.993
27.16, 9.99608, 0.001459, 19.993
27.17, 9.99609, 0.00145272, 19.993
27.18, 9.99611, 0.0014463, 19.993
27.19, 9.99612, 0.00143976, 19.993
27.2, 9.99614, 0.0014331, 19.993
27.21, 9.99615, 0.00142632, 19.993
27.22, 9.99617, 0.00141942, 19.993
27.23, 9.99618, 0.00141241, 19.9931
27.24, 9.99619, 0.00140528, 19.9931
27.25, 9.99621, 0.00139804, 19.9931
27.26, 9.99622, 0.00139069, 19.9931
27.27, 9.99624, 0.00138324, 19.9931
27.28, 9.99625, 0.00137569, 19.9931
27.29, 9.99626, 0.00136804, 19.9931
27.3, 9.99628, 0.00136029, 19.9931
27.31, 9.99629, 0.00135245, 19.9931
27.32, 9.9963, 0.00134451, 19.9931
27.33, 9.99632, 0.00133649, 19.9932
27.34, 9.99633, 0.00132838, 19.9932
27.35, 9.99634, 0.00132019, 19.9932
27.36, 9.99636, 0.00131191, 19.9932
27.37, 9.99637, 0.00130356, 19.9932
27.38, 9.99638, 0.00129514, 19.9932
27.39, 9.99639, 0.00128664, 19.9932
27.4, 9.99641, 0.00127807, 19.9932
27.41, 9.99642, 0.00126944, 19.9932
27.42, 9.99643, 0.00126074, 19.9933
27.43, 9.99645, 0.00125198, 19.9933
27.44, 9.99646, 0.00124317, 19.9933
27.45, 9.99647, 0.0012343, 19.9933
27.46, 9.99648, 0.00122538, 19.9933
27.47, 9.99649, 0.00121641, 19.9933
27.48, 9.99651, 0.00120739, 19.9933
27.49, 9.99652, 0.00119833, 19.9933
27.5, 9.99653, 0.00118923, 19.9933
27.51, 9.99654, 0.00118009, 19.9933
27.52, 9.99655, 0.00117091, 19.9934
27.53, 9.99657, 0.00116171, 19.9934
27.54, 9.99658, 0.00115247, 19.9934
27.55, 9.99659, 0.00114321, 19.9934
27.56, 9.9966, 0.00113392, 19.9934
27.57, 9.99661, 0.00112462, 19.9934
27.58, 9.99662, 0.00111529, 19.9934
27.59, 9.99663, 0.00110595, 19.9934
27.6, 9.99664, 0.0010966, 19.9934
27.61, 9.99666, 0.00108724, 19.9935
27.62, 9.99667, 0.00107787, 19.9935
27.63, 9.99668, 0.0010685, 19.9935
27.64, 9.99669, 0.00105913, 19.9935
27.65, 9.9967, 0.00104976, 19.9935
27.66, 9.99671, 0.00104039, 19.9935
27.67, 9.99672, 0.00103103, 19.9935
27.68, 9.99673, 0.00102167, 19.9935
27.69, 9.99674, 0.00101233, 19.9936
27.7, 9.99675, 0.00100301, 19.9936
27.71, 9.99676, 0.000993701, 19.9936
27.72, 9.99677, 0.000984413, 19.9936
27.73, 9.99678, 0.000975147, 19.9936
27.74, 9.99679, 0.000965905, 19.9936
27.75, 9.9968, 0.000956691, 19.9936
27.76, 9.99681, 0.000947506, 19.9936
27.77, 9.99682, 0.000938354, 19.9937
27.78, 9.99683, 0.000929236, 19.9937
27.79, 9.99684, 0.000920155, 19.9937
27.8, 9.99684, 0.000911113, 19.9937
27.81, 9.99685, 0.000902113, 19.9937
27.82, 9.99686, 0.000893156, 19.9937
27.83, 9.99687, 0.000884246, 19.9937
27.84, 9.99688, 0.000875384, 19.9938
27.85, 9.99689, 0.000866573, 19.9938
27.86, 9.9969, 0.000857814, 19.9938
27.87, 9.99691, 0.00084911, 19.9938
27.88, 9.99691, 0.000840462, 19.9938
27.89, 9.99692, 0.000831874, 19.9938
27.9, 9.99693, 0.000823346, 19.9938
27.91, 9.99694, 0.000814882, 19.9939
27.92, 9.99695, 0.000806482, 19.9939
27.93, 9.99695, 0.000798149, 19.9939
27.94, 9.99696, 0.000789885, 19.9939
27.95, 9.99697, 0.000781691, 19.9939
27.96, 9.99698, 0.000773569, 19.9939
27.97, 9.99699, 0.000765521, 19.9939
27.98, 9.99699, 0.000757549, 19.994
27.99, 9.997, 0.000749655, 19.994
28, 9.99701, 0.000741839, 19.994
28.01, 9.99702, 0.000734104, 19.994
28.02, 9.99702, 0.000726451, 19.994
28.03, 9.99703, 0.000718882, 19.994
28.04, 9.99704, 0.000711398, 19.994
28.05, 9.99704, 0.000704, 19.9941
28.06, 9.99705, 0.00069669, 19.9941
28.07, 9.99706, 0.00068947, 19.9941
28.08, 9.99706, 0.00068234, 19.9941
28.09, 9.99707, 0.000675303, 19.9941
28.1, 9.99708, 0.000668358, 19.9941
28.11, 9.99708, 0.000661507, 19.9942
28.12, 9.99709, 0.000654752, 19.9942
28.13, 9.9971, 0.000648094, 19.9942
28.14, 9.9971, 0.000641533, 19.9942
28.15, 9.99711, 0.000635071, 19.9942
28.16, 9.99712, 0.000628708, 19.9942
28.17, 9.99712, 0.000622445, 19.9943
28.18, 9.99713, 0.000616284, 19.9943
28.19, 9.99714, 0.000610225, 19.9943
28.2, 9.99714, 0.000604269, 19.9943
28.21, 9.99715, 0.000598417, 19.9943
28.22, 9.99715, 0.000592669, 19.9943
28.23, 9.99716, 0.000587026, 19.9944
28.24, 9.99717, 0.000581489, 19.9944
28.25, 9.99717, 0.000576058, 19.9944
28.26, 9.99718, 0.000570734, 19.9944
28.27, 9.99718, 0.000565517, 19.9944
28.28, 9.99719, 0.000560408, 19.9944
28.29, 9.99719, 0.000555407, 19.9945
28.3, 9.9972, 0.000550515, 19.9945
28.31, 9.9972, 0.000545731, 19.9945
28.32, 9.99721, 0.000541057, 19.9945
28.33, 9.99722, 0.000536491, 19.9945
28.34, 9.99722, 0.000532036, 19.9945
28.35, 9.99723, 0.00052769, 19.9946
28.36, 9.99723, 0.000523454, 19.9946
28.37, 9.99724, 0.000519328, 19.9946
28.38, 9.99724, 0.000515311, 19.9946
28.39, 9.99725, 0.000511405, 19.9946
28.4, 9.99725, 0.000507608, 19.9946
28.41, 9.99726, 0.000503922, 19.9947
28.42, 9.99726, 0.000500344, 19.9947
28.43, 9.99727, 0.000496877, 19.9947
28.44, 9.99727, 0.000493518, 19.9947
28.45, 9.99728, 0.000490269, 19.9947
28.46, 9.99728, 0.000487128, 19.9947
28.47, 9.99729, 0.000484096, 19.9948
28.48, 9.99729, 0.000481172, 19.9948
28.49, 9.9973, 0.000478356, 19.9948
28.5, 9.9973, 0.000475647, 19.9948
28.51, 9.99731, 0.000473044, 19.9948
28.52, 9.99731, 0.000470548, 19.9949
28.53, 9.99731, 0.000468158, 19.9949
28.54, 9.99732, 0.000465873, 19.9949
28.55, 9.99732, 0.000463692, 19.9949
28.56, 9.99733, 0.000461615, 19.9949
28.57, 9.99733, 0.000459642, 19.9949
28.58, 9.99734, 0.000457771, 19.995
28.59, 9.99734, 0.000456002, 19.995
28.6, 9.99735, 0.000454335, 19.995
28.61, 9.99735, 0.000452767, 19.995
28.62, 9.99736, 0.000451299, 19.995
28.63, 9.99736, 0.000449929, 19.995
28.64, 9.99736, 0.000448657, 19.9951
28.65, 9.99737, 0.000447482, 19.9951
28.66, 9.99737, 0.000446403, 19.9951
28.67, 9.99738, 0.000445419, 19.9951
28.68, 9.99738, 0.000444528, 19.9951
28.69, 9.99739, 0.00044373, 19.9951
28.7, 9.99739, 0.000443024, 19.9952
28.71, 9.9974, 0.000442409, 19.9952
28.72, 9.9974, 0.000441884, 19.9952
28.73, 9.9974, 0.000441446, 19.9952
28.74, 9.99741, 0.000441097, 19.9952
28.75, 9.99741, 0.000440833, 19.9953
28.76, 9.99742, 0.000440654, 19.9953
28.77, 9.99742, 0.000440559, 19.9953
28.78, 9.99743, 0.000440547, 19.9953
28.79, 9.99743, 0.000440615, 19.9953
28.8, 9.99744, 0.000440764, 19.9953
28.81, 9.99744, 0.000440991, 19.9954
28.82, 9.99744, 0.000441296, 19.9954
28.83, 9.99745, 0.000441677, 19.9954
28.84, 9.99745, 0.000442132, 19.9954
28.85, 9.99746, 0.000442661, 19.9954
28.86, 9.99746, 0.000443261, 19.9954
28.87, 9.99747, 0.000443932, 19.9955
28.88, 9.99747, 0.000444672, 19.9955
28.89, 9.99748, 0.00044548, 19.9955
28.9, 9.99748, 0.000446353, 19.9955
28.91, 9.99748, 0.000447292, 19.9955
28.92, 9.99749, 0.000448294, 19.9955
28.93, 9.99749, 0.000449357, 19.9955
28.94, 9.9975, 0.000450481, 19.9956
28.95, 9.9975, 0.000451664, 19.9956
28.96, 9.99751, 0.000452904, 19.9956
28.97, 9.99751, 0.000454199, 19.9956
28.98, 9.99752, 0.000455549, 19.9956
28.99, 9.99752, 0.000456952, 19.9956
29, 9.99753, 0.000458405, 19.9957
29.01, 9.99753, 0.000459909, 19.9957
29.02, 9.99753, 0.00046146, 19.9957
29.03, 9.99754, 0.000463058, 19.9957
29.04, 9.99754, 0.000464701, 19.9957
29.05, 9.99755, 0.000466387, 19.9957
29.06, 9.99755, 0.000468114, 19.9958
29.07, 9.99756, 0.000469882, 19.9958
29.08, 9.99756, 0.000471689, 19.9958
29.09, 9.99757, 0.000473532, 19.9958
29.1, 9.99757, 0.000475411, 19.9958
29.11, 9.99758, 0.000477324, 19.9958
29.12, 9.99758, 0.000479269, 19.9958
29.13, 9.99759, 0.000481245, 19.9959
29.14, 9.99759, 0.00048325, 19.9959
29.15, 9.9976, 0.000485283, 19.9959
29.16, 9.9976, 0.000487341, 19.9959
29.17, 9.99761, 0.000489424, 19.9959
29.18, 9.99761, 0.000491529, 19.9959
29.19, 9.99762, 0.000493656, 19.9959
29.2, 9.99762, 0.000495803, 19.996
29.21, 9.99763, 0.000497968, 19.996
29.22, 9.99763, 0.000500149, 19.996
29.23, 9.99764, 0.000502346, 19.996
29.24, 9.99764, 0.000504556, 19.996
29.25, 9.99765, 0.000506778, 19.996
29.26, 9.99765, 0.00050901, 19.996
29.27, 9.99766, 0.000511252, 19.996
29.28, 9.99766, 0.000513501, 19.9961
29.29, 9.99767, 0.000515756, 19.9961
29.3, 9.99767, 0.000518016, 19.9961
29.31, 9.99768, 0.000520278, 19.9961
29.32, 9.99768, 0.000522543, 19.9961
29.33, 9.99769, 0.000524807, 19.9961
29.34, 9.99769, 0.00052707, 19.9961
29.35, 9.9977, 0.000529331, 19.9962
29.36, 9.9977, 0.000531587, 19.9962
29.37, 9.99771, 0.000533838, 19.9962
29.38, 9.99771, 0.000536082, 19.9962
29.39, 9.99772, 0.000538318, 19.9962
29.4, 9.99772, 0.000540544, 19.9962
29.41, 9.99773, 0.000542759, 19.9962
29.42, 9.99774, 0.000544962, 19.9962
29.43, 9.99774, 0.000547152, 19.9962
29.44, 9.99775, 0.000549327, 19.9963
29.45, 9.99775, 0.000551485, 19.9963
29.46, 9.99776, 0.000553626, 19.9963
29.47, 9.99776, 0.000555749, 19.9963
29.48, 9.99777, 0.000557852, 19.9963
29.49, 9.99777, 0.000559934, 19.9963
29.5, 9.99778, 0.000561993, 19.9963
29.51, 9.99779, 0.00056403, 19.9963
29.52, 9.99779, 0.000566041, 19.9963
29.53, 9.9978, 0.000568028, 19.9964
29.54, 9.9978, 0.000569987, 19.9964
29.55, 9.99781, 0.000571919, 19.9964
29.56, 9.99781, 0.000573821, 19.9964
29.57, 9.99782, 0.000575694, 19.9964
29.58, 9.99783, 0.000577536, 19.9964
29.59, 9.99783, 0.000579346, 19.9964
29.6, 9.99784, 0.000581123, 19.9964
29.61, 9.99784, 0.000582866, 19.9964
29.62, 9.99785, 0.000584574, 19.9964
29.63, 9.99785, 0.000586246, 19.9965
29.64, 9.99786, 0.000587882, 19.9965
29.65, 9.99787, 0.00058948, 19.9965
29.66, 9.99787, 0.00059104, 19.9965
29.67, 9.99788, 0.000592561, 19.9965
29.68, 9.99788, 0.000594041, 19.9965
29.69, 9.99789, 0.000595481, 19.9965
29.7, 9.9979, 0.000596879, 19.9965
29.71, 9.9979, 0.000598235, 19.9965
29.72, 9.99791, 0.000599548, 19.9965
29.73, 9.99791, 0.000600817, 19.9966
29.74, 9.99792, 0.000602041, 19.9966
29.75, 9.99793, 0.000603221, 19.9966
29.76, 9.99793, 0.000604355, 19.9966
29.77, 9.99794, 0.000605442, 19.9966
29.78, 9.99794, 0.000606483, 19.9966
29.79, 9.99795, 0.000607476, 19.9966
29.8, 9.99796, 0.000608422, 19.9966
29.81, 9.99796, 0.000609319, 19.9966
29.82, 9.99797, 0.000610167, 19.9966
29.83, 9.99797, 0.000610965, 19.9966
29.84, 9.99798, 0.000611714, 19.9966
29.85, 9.99799, 0.000612413, 19.9967
29.86, 9.99799, 0.000613061, 19.9967
29.87, 9.998, 0.000613658, 19.9967
29.88, 9.99801, 0.000614203, 19.9967
29.89, 9.99801, 0.000614697, 19.9967
29.9, 9.99802, 0.000615139, 19.9967
29.91, 9.99802, 0.000615529, 19.9967
29.92, 9.99803, 0.000615866, 19.9967
29.93, 9.99804, 0.000616151, 19.9967
29.94, 9.99804, 0.000616382, 19.9967
29.95, 9.99805, 0.000616561, 19.9967
29.96, 9.99805, 0.000616686, 19.9967
29.97, 9.99806, 0.000616758, 19.9967
29.98, 9.99807, 0.000616777, 19.9967
29.99, 9.99807, 0.000616741, 19.9968
30, 9.99808, 0.000616653, 19.9968
30.01, 9.99809, 0.00061651, 19.9968
30.02, 9.99809, 0.000616314, 19.9968
30.03, 9.9981, 0.000616064, 19.9968
30.04, 9.9981, 0.000615761, 19.9968
30.05, 9.99811, 0.000615403, 19.9968
30.06, 9.99812, 0.000614993, 19.9968
30.07, 9.99812, 0.000614528, 19.9968
30.08, 9.99813, 0.000614011, 19.9968
30.09, 9.99813, 0.00061344, 19.9968
30.1, 9.99814, 0.000612815, 19.9968
30.11, 9.99815, 0.000612138, 19.9968
30.12, 9.99815, 0.000611409, 19.9968
30.13, 9.99816, 0.000610626, 19.9968
30.14, 9.99817, 0.000609792, 19.9969
30.15, 9.99817, 0.000608905, 19.9969
30.16, 9.99818, 0.000607966, 19.9969
30.17, 9.99818, 0.000606976, 19.9969
30.18, 9.99819, 0.000605935, 19.9969
30.19, 9.9982, 0.000604843, 19.9969
30.2, 9.9982, 0.0006037, 19.9969
30.21, 9.99821, 0.000602507, 19.9969
30.22, 9.99821, 0.000601264, 19.9969
30.23, 9.99822, 0.000599972, 19.9969
30.24, 9.99823, 0.000598631, 19.9969
30.25, 9.99823, 0.000597241, 19.9969
30.26, 9.99824, 0.000595803, 19.9969
30.27, 9.99824, 0.000594317, 19.9969
30.28, 9.99825, 0.000592784, 19.9969
30.29, 9.99826, 0.000591205, 19.9969
30.3, 9.99826, 0.000589579, 19.9969
30.31, 9.99827, 0.000587907, 19.997
30.32, 9.99827, 0.000586191, 19.997
30.33, 9.99828, 0.000584429, 19.997
30.34, 9.99828, 0.000582624, 19.997
30.35, 9.99829, 0.000580775, 19.997
30.36, 9.9983, 0.000578884, 19.997
30.37, 9.9983, 0.00057695, 19.997
30.38, 9.99831, 0.000574974, 19.997
30.39, 9.99831, 0.000572958, 19.997
30.4, 9.99832, 0.000570901, 19.997
30.41, 9.99832, 0.000568805, 19.997
30.42, 9.99833, 0.000566669, 19.997
30.43, 9.99834, 0.000564495, 19.997
30.44, 9.99834, 0.000562284, 19.997
30.45, 9.99835, 0.000560035, 19.997
30.46, 9.99835, 0.00055775, 19.997
30.47, 9.99836, 0.00055543, 19.997
30.48, 9.99836, 0.000553075, 19.997
30.49, 9.99837, 0.000550686, 19.997
30.5, 9.99837, 0.000548263, 19.9971
30.51, 9.99838, 0.000545808, 19.9971
30.52, 9.99839, 0.000543321, 19.9971
30.53, 9.99839, 0.000540803, 19.9971
30.54, 9.9984, 0.000538255, 19.9971
30.55, 9.9984, 0.000535677, 19.9971
30.56, 9.99841, 0.000533071, 19.9971
30.57, 9.99841, 0.000530436, 19.9971
30.58, 9.99842, 0.000527775, 19.9971
30.59, 9.99842, 0.000525087, 19.9971
30.6, 9.99843, 0.000522374, 19.9971
30.61, 9.99843, 0.000519636, 19.9971
30.62, 9.99844, 0.000516874, 19.9971
30.63, 9.99844, 0.00051409, 19.9971
30.64, 9.99845, 0.000511283, 19.9971
30.65, 9.99845, 0.000508455, 19.9971
30.66, 9.99846, 0.000505606, 19.9971
30.67, 9.99846, 0.000502738, 19.9971
30.68, 9.99847, 0.00049985, 19.9971
30.69, 9.99847, 0.000496945, 19.9972
30.7, 9.99848, 0.000494023, 19.9972
30.71, 9.99848, 0.000491084, 19.9972
30.72, 9.99849, 0.00048813, 19.9972
30.73, 9.99849, 0.000485161, 19.9972
30.74, 9.9985, 0.000482179, 19.9972
30.75, 9.9985, 0.000479184, 19.9972
30.76, 9.99851, 0.000476176, 19.9972
30.77, 9.99851, 0.000473158, 19.9972
30.78, 9.99852, 0.000470129, 19.9972
30.79, 9.99852, 0.00046709, 19.9972
30.8, 9.99853, 0.000464043, 19.9972
30.81, 9.99853, 0.000460988, 19.9972
30.82, 9.99854, 0.000457926, 19.9972
30.83, 9.99854, 0.000454858, 19.9972
30.84, 9.99855, 0.000451785, 19.9972
30.85, 9.99855, 0.000448707, 19.9972
30.86, 9.99855, 0.000445625, 19.9972
30.87, 9.99856, 0.000442541, 19.9973
30.88, 9.99856, 0.000439454, 19.9973
30.89, 9.99857, 0.000436367, 19.9973
30.9, 9.99857, 0.000433279, 19.9973
30.91, 9.99858, 0.000430191, 19.9973
30.92, 9.99858, 0.000427105, 19.9973
30.93, 9.99858, 0.00042402, 19.9973
30.94, 9.99859, 0.000420939, 19.9973
30.95, 9.99859, 0.000417861, 19.9973
30.96, 9.9986, 0.000414787, 19.9973
30.97, 9.9986, 0.000411718, 19.9973
30.98, 9.99861, 0.000408656, 19.9973
30.99, 9.99861, 0.0004056, 19.9973
31, 9.99861, 0.000402551, 19.9973
31.01, 9.99862, 0.000399511, 19.9973
31.02, 9.99862, 0.000396479, 19.9973
31.03, 9.99863, 0.000393457, 19.9973
31.04, 9.99863, 0.000390446, 19.9973
31.05, 9.99863, 0.000387445, 19.9974
31.06, 9.99864, 0.000384456, 19.9974
31.07, 9.99864, 0.00038148, 19.9974
31.08, 9.99864, 0.000378517, 19.9974
31.09, 9.99865, 0.000375567, 19.9974
31.1, 9.99865, 0.000372632, 19.9974
31.11, 9.99866, 0.000369712, 19.9974
31.12, 9.99866, 0.000366808, 19.9974
31.13, 9.99866, 0.00036392, 19.9974
31.14, 9.99867, 0.00036105, 19.9974
31.15, 9.99867, 0.000358197, 19.9974
31.16, 9.99867, 0.000355362, 19.9974
31.17, 9.99868, 0.000352546, 19.9974
31.18, 9.99868, 0.000349749, 19.9974
31.19, 9.99868, 0.000346973, 19.9974
31.2, 9.99869, 0.000344217, 19.9974
31.21, 9.99869, 0.000341482, 19.9975
31.22, 9.99869, 0.000338769, 19.9975
31.23, 9.9987, 0.000336078, 19.9975
31.24, 9.9987, 0.00033341, 19.9975
31.25, 9.9987, 0.000330765, 19.9975
31.26, 9.99871, 0.000328143, 19.9975
31.27, 9.99871, 0.000325546, 19.9975
31.28, 9.99871, 0.000322974, 19.9975
31.29, 9.99872, 0.000320427, 19.9975
31.3, 9.99872, 0.000317905, 19.9975
31.31, 9.99872, 0.000315409, 19.9975
31.32, 9.99873, 0.00031294, 19.9975
31.33, 9.99873, 0.000310497, 19.9975
31.34, 9.99873, 0.000308082, 19.9975
31.35, 9.99874, 0.000305695, 19.9975
31.36, 9.99874, 0.000303335, 19.9975
31.37, 9.99874, 0.000301004, 19.9976
31.38, 9.99874, 0.000298701, 19.9976
31.39, 9.99875, 0.000296428, 19.9976
31.4, 9.99875, 0.000294184, 19.9976
31.41, 9.99875, 0.00029197, 19.9976
31.42, 9.99876, 0.000289785, 19.9976
31.43, 9.99876, 0.000287631, 19.9976
31.44, 9.99876, 0.000285507, 19.9976
31.45, 9.99877, 0.000283415, 19.9976
31.46, 9.99877, 0.000281353, 19.9976
31.47, 9.99877, 0.000279322, 19.9976
31.48, 9.99877, 0.000277323, 19.9976
31.49, 9.99878, 0.000275356, 19.9976
31.5, 9.99878, 0.00027342, 19.9976
31.51, 9.99878, 0.000271517, 19.9976
31.52, 9.99878, 0.000269646, 19.9977
31.53, 9.99879, 0.000267807, 19.9977
31.54, 9.99879, 0.000266001, 19.9977
31.55, 9.99879, 0.000264227, 19.9977
31.56, 9.9988, 0.000262486, 19.9977
31.57, 9.9988, 0.000260779, 19.9977
31.58, 9.9988, 0.000259104, 19.9977
31.59, 9.9988, 0.000257462, 19.9977
31.6, 9.99881, 0.000255853, 19.9977
31.61, 9.99881, 0.000254278, 19.9977
31.62, 9.99881, 0.000252736, 19.9977
31.63, 9.99881, 0.000251227, 19.9977
31.64, 9.99882, 0.000249751, 19.9977
31.65, 9.99882, 0.000248309, 19.9977
31.66, 9.99882, 0.0002469, 19.9978
31.67, 9.99882, 0.000245524, 19.9978
31.68, 9.99883, 0.000244181, 19.9978
31.69, 9.99883, 0.000242872, 19.9978
31.7, 9.99883, 0.000241596, 19.9978
31.71, 9.99883, 0.000240353, 19.9978
31.72, 9.99884, 0.000239143, 19.9978
31.73, 9.99884, 0.000237966, 19.9978
31.74, 9.99884, 0.000236821, 19.9978
31.75, 9.99884, 0.00023571, 19.9978
31.76, 9.99884, 0.000234631, 19.9978
31.77, 9.99885, 0.000233584, 19.9978
31.78, 9.99885, 0.00023257, 19.9978
31.79, 9.99885, 0.000231588, 19.9978
31.8, 9.99885, 0.000230639, 19.9978
31.81, 9.99886, 0.000229721, 19.9979
31.82, 9.99886, 0.000228834, 19.9979
31.83, 9.99886, 0.000227979, 19.9979
31.84, 9.99886, 0.000227156, 19.9979
31.85, 9.99887, 0.000226363, 19.9979
31.86, 9.99887, 0.000225602, 19.9979
31.87, 9.99887, 0.000224871, 19.9979
31.88, 9.99887, 0.00022417, 19.9979
31.89, 9.99887, 0.0002235, 19.9979
31.9, 9.99888, 0.000222859, 19.9979
31.91, 9.99888, 0.000222248, 19.9979
31.92, 9.99888, 0.000221667, 19.9979
31.93, 9.99888, 0.000221114, 19.9979
31.94, 9.99889, 0.000220591, 19.9979
31.95, 9.99889, 0.000220095, 19.9979
31.96, 9.99889, 0.000219628, 19.998
31.97, 9.99889, 0.000219189, 19.998
31.98, 9.99889, 0.000218777, 19.998
31.99, 9.9989, 0.000218393, 19.998
32, 9.9989, 0.000218035, 19.998
32.01, 9.9989, 0.000217704, 19.998
32.02, 9.9989, 0.000217399, 19.998
32.03, 9.9989, 0.00021712, 19.998
32.04, 9.99891, 0.000216866, 19.998
32.05, 9.99891, 0.000216638, 19.998
32.06, 9.99891, 0.000216434, 19.998
32.07, 9.99891, 0.000216254, 19.998
32.08, 9.99892, 0.000216099, 19.998
32.09, 9.99892, 0.000215966, 19.998
32.1, 9.99892, 0.000215857, 19.998
32.11, 9.99892, 0.000215771, 19.9981
32.12, 9.99892, 0.000215707, 19.9981
32.13, 9.99893, 0.000215665, 19.9981
32.14, 9.99893, 0.000215645, 19.9981
32.15, 9.99893, 0.000215646, 19.9981
32.16, 9.99893, 0.000215667, 19.9981
32.17, 9.99894, 0.000215708, 19.9981
32.18, 9.99894, 0.000215769, 19.9981
32.19, 9.99894, 0.00021585, 19.9981
32.2, 9.99894, 0.00021595, 19.9981
32.21, 9.99894, 0.000216068, 19.9981
32.22, 9.99895, 0.000216204, 19.9981
32.23, 9.99895, 0.000216357, 19.9981
32.24, 9.99895, 0.000216528, 19.9981
32.25, 9.99895, 0.000216715, 19.9981
32.26, 9.99895, 0.000216919, 19.9981
32.27, 9.99896, 0.000217138, 19.9982
32.28, 9.99896, 0.000217372, 19.9982
32.29, 9.99896, 0.000217622, 19.9982
32.3, 9.99896, 0.000217885, 19.9982
32.31, 9.99897, 0.000218163, 19.9982
32.32, 9.99897, 0.000218454, 19.9982
32.33, 9.99897, 0.000218758, 19.9982
32.34, 9.99897, 0.000219074, 19.9982
32.35, 9.99897, 0.000219402, 19.9982
32.36, 9.99898, 0.000219742, 19.9982
32.37, 9.99898, 0.000220093, 19.9982
32.38, 9.99898, 0.000220455, 19.9982
32.39, 9.99898, 0.000220826, 19.9982
32.4, 9.99899, 0.000221208, 19.9982
32.41, 9.99899, 0.000221598, 19.9982
32.42, 9.99899, 0.000221997, 19.9982
32.43, 9.99899, 0.000222405, 19.9982
32.44, 9.99899, 0.00022282, 19.9983
32.45, 9.999, 0.000223242, 19.9983
32.46, 9.999, 0.000223672, 19.9983
32.47, 9.999, 0.000224107, 19.9983
32.48, 9.999, 0.000224549, 19.9983
32.49, 9.99901, 0.000224996, 19.9983
32.5, 9.99901, 0.000225448, 19.9983
32.51, 9.99901, 0.000225905, 19.9983
32.52, 9.99901, 0.000226365, 19.9983
32.53, 9.99901, 0.00022683, 19.9983
32.54, 9.99902, 0.000227297, 19.9983
32.55, 9.99902, 0.000227767, 19.9983
32.56, 9.99902, 0.00022824, 19.9983
32.57, 9.99902, 0.000228714, 19.9983
32.58, 9.99903, 0.00022919, 19.9983
32.59, 9.99903, 0.000229667, 19.9983
32.6, 9.99903, 0.000230144, 19.9983
32.61, 9.99903, 0.000230621, 19.9983
32.62, 9.99904, 0.000231099, 19.9983
32.63, 9.99904, 0.000231575, 19.9984
32.64, 9.99904, 0.00023205, 19.9984
32.65, 9.99904, 0.000232524, 19.9984
32.66, 9.99904, 0.000232996, 19.9984
32.67, 9.99905, 0.000233465, 19.9984
32.68, 9.99905, 0.000233932, 19.9984
32.69, 9.99905, 0.000234395, 19.9984
32.7, 9.99905, 0.000234855, 19.9984
32.71, 9.99906, 0.000235312, 19.9984
32.72, 9.99906, 0.000235763, 19.9984
32.73, 9.99906, 0.00023621, 19.9984
32.74, 9.99906, 0.000236653, 19.9984
32.75, 9.99907, 0.000237089, 19.9984
32.76, 9.99907, 0.00023752, 19.9984
32.77, 9.99907, 0.000237945, 19.9984
32.78, 9.99907, 0.000238363, 19.9984
32.79, 9.99908, 0.000238775, 19.9984
32.8, 9.99908, 0.00023918, 19.9984
32.81, 9.99908, 0.000239577, 19.9984
32.82, 9.99908, 0.000239966, 19.9984
32.83, 9.99908, 0.000240347, 19.9984
32.84, 9.99909, 0.00024072, 19.9985
32.85, 9.99909, 0.000241084, 19.9985
32.86, 9.99909, 0.000241439, 19.9985
32.87, 9.99909, 0.000241784, 19.9985
32.88, 9.9991, 0.00024212, 19.9985
32.89, 9.9991, 0.000242446, 19.9985
32.9, 9.9991, 0.000242762, 19.9985
32.91, 9.9991, 0.000243068, 19.9985
32.92, 9.99911, 0.000243363, 19.9985
32.93, 9.99911, 0.000243647, 19.9985
32.94, 9.99911, 0.00024392, 19.9985
32.95, 9.99911, 0.000244181, 19.9985
32.96, 9.99912, 0.000244431, 19.9985
32.97, 9.99912, 0.000244669, 19.9985
32.98, 9.99912, 0.000244894, 19.9985
32.99, 9.99912, 0.000245108, 19.9985
33, 9.99913, 0.000245308, 19.9985
33.01, 9.99913, 0.000245497, 19.9985
33.02, 9.99913, 0.000245672, 19.9985
33.03, 9.99913, 0.000245834, 19.9985
33.04, 9.99914, 0.000245983, 19.9985
33.05, 9.99914, 0.000246118, 19.9985
33.06, 9.99914, 0.00024624, 19.9985
33.07, 9.99914, 0.000246348, 19.9985
33.08, 9.99915, 0.000246442, 19.9985
33.09, 9.99915, 0.000246521, 19.9985
33.1, 9.99915, 0.000246587, 19.9986
33.11, 9.99915, 0.000246638, 19.9986
33.12, 9.99916, 0.000246675, 19.9986
33.13, 9.99916, 0.000246697, 19.9986
33.14, 9.99916, 0.000246705, 19.9986
33.15, 9.99916, 0.000246698, 19.9986
33.16, 9.99917, 0.000246676, 19.9986
33.17, 9.99917, 0.000246638, 19.9986
33.18, 9.99917, 0.000246586, 19.9986
33.19, 9.99917, 0.000246519, 19.9986
33.2, 9.99918, 0.000246436, 19.9986
33.21, 9.99918, 0.000246338, 19.9986
33.22, 9.99918, 0.000246225, 19.9986
33.23, 9.99918, 0.000246097, 19.9986
33.24, 9.99919, 0.000245953, 19.9986
33.25, 9.99919, 0.000245793, 19.9986
33.26, 9.99919, 0.000245618, 19.9986
33.27, 9.99919, 0.000245428, 19.9986
33.28, 9.99919, 0.000245222, 19.9986
33.29, 9.9992, 0.000245, 19.9986
33.3, 9.9992, 0.000244763, 19.9986
33.31, 9.9992, 0.000244511, 19.9986
33.32, 9.9992, 0.000244243, 19.9986
33.33, 9.99921, 0.000243959, 19.9986
33.34, 9.99921, 0.000243661, 19.9986
33.35, 9.99921, 0.000243346, 19.9986
33.36, 9.99921, 0.000243016, 19.9986
33.37, 9.99922, 0.000242671, 19.9986
33.38, 9.99922, 0.000242311, 19.9986
33.39, 9.99922, 0.000241935, 19.9986
33.4, 9.99922, 0.000241544, 19.9986
33.41, 9.99923, 0.000241138, 19.9987
33.42, 9.99923, 0.000240717, 19.9987
33.43, 9.99923, 0.000240281, 19.9987
33.44, 9.99923, 0.00023983, 19.9987
33.45, 9.99924, 0.000239364, 19.9987
33.46, 9.99924, 0.000238884, 19.9987
33.47, 9.99924, 0.000238389, 19.9987
33.48, 9.99924, 0.000237879, 19.9987
33.49, 9.99925, 0.000237355, 19.9987
33.5, 9.99925, 0.000236817, 19.9987
33.51, 9.99925, 0.000236265, 19.9987
33.52, 9.99925, 0.000235698, 19.9987
33.53, 9.99926, 0.000235118, 19.9987
33.54, 9.99926, 0.000234524, 19.9987
33.55, 9.99926, 0.000233917, 19.9987
33.56, 9.99926, 0.000233295, 19.9987
33.57, 9.99926, 0.000232661, 19.9987
33.58, 9.99927, 0.000232013, 19.9987
33.59, 9.99927, 0.000231353, 19.9987
33.6, 9.99927, 0.000230679, 19.9987
33.61, 9.99927, 0.000229993, 19.9987
33.62, 9.99928, 0.000229295, 19.9987
33.63, 9.99928, 0.000228584, 19.9987
33.64, 9.99928, 0.000227861, 19.9987
33.65, 9.99928, 0.000227125, 19.9987
33.66, 9.99929, 0.000226379, 19.9987
33.67, 9.99929, 0.00022562, 19.9987
33.68, 9.99929, 0.00022485, 19.9987
33.69, 9.99929, 0.000224069, 19.9987
33.7, 9.99929, 0.000223277, 19.9987
33.71, 9.9993, 0.000222474, 19.9987
33.72, 9.9993, 0.000221661, 19.9987
33.73, 9.9993, 0.000220837, 19.9987
33.74, 9.9993, 0.000220003, 19.9987
33.75, 9.99931, 0.000219159, 19.9987
33.76, 9.99931, 0.000218305, 19.9987
33.77, 9.99931, 0.000217442, 19.9987
33.78, 9.99931, 0.00021657, 19.9988
33.79, 9.99931, 0.000215688, 19.9988
33.8, 9.99932, 0.000214798, 19.9988
33.81, 9.99932, 0.000213899, 19.9988
33.82, 9.99932, 0.000212991, 19.9988
33.83, 9.99932, 0.000212076, 19.9988
33.84, 9.99932, 0.000211152, 19.9988
33.85, 9.99933, 0.000210221, 19.9988
33.86, 9.99933, 0.000209283, 19.9988
33.87, 9.99933, 0.000208337, 19.9988
33.88, 9.99933, 0.000207384, 19.9988
33.89, 9.99933, 0.000206425, 19.9988
33.9, 9.99934, 0.000205459, 19.9988
33.91, 9.99934, 0.000204487, 19.9988
33.92, 9.99934, 0.000203509, 19.9988
33.93, 9.99934, 0.000202525, 19.9988
33.94, 9.99935, 0.000201536, 19.9988
33.95, 9.99935, 0.000200541, 19.9988
33.96, 9.99935, 0.000199542, 19.9988
33.97, 9.99935, 0.000198538, 19.9988
33.98, 9.99935, 0.000197529, 19.9988
33.99, 9.99935, 0.000196516, 19.9988
34, 9.99936, 0.000195499, 19.9988
34.01, 9.99936, 0.000194479, 19.9988
34.02, 9.99936, 0.000193455, 19.9988
34.03, 9.99936, 0.000192427, 19.9988
34.04, 9.99936, 0.000191397, 19.9988
34.05, 9.99937, 0.000190364, 19.9988
34.06, 9.99937, 0.000189329, 19.9988
34.07, 9.99937, 0.000188291, 19.9988
34.08, 9.99937, 0.000187251, 19.9988
34.09, 9.99937, 0.00018621, 19.9988
34.1, 9.99938, 0.000185167, 19.9988
34.11, 9.99938, 0.000184123, 19.9988
34.12, 9.99938, 0.000183078, 19.9988
34.13, 9.99938, 0.000182032, 19.9988
34.14, 9.99938, 0.000180986, 19.9988
34.15, 9.99939, 0.00017994, 19.9988
34.16, 9.99939, 0.000178893, 19.9988
34.17, 9.99939, 0.000177847, 19.9989
34.18, 9.99939, 0.000176801, 19.9989
34.19, 9.99939, 0.000175756, 19.9989
34.2, 9.99939, 0.000174712, 19.9989
34.21, 9.9994, 0.000173668, 19.9989
34.22, 9.9994, 0.000172627, 19.9989
34.23, 9.9994, 0.000171587, 19.9989
34.24, 9.9994, 0.000170549, 19.9989
34.25, 9.9994, 0.000169513, 19.9989
34.26, 9.9994, 0.000168479, 19.9989
34.27, 9.99941, 0.000167448, 19.9989
34.28, 9.99941, 0.000166419, 19.9989
34.29, 9.99941, 0.000165394, 19.9989
34.3, 9.99941, 0.000164372, 19.9989
34.31, 9.99941, 0.000163353, 19.9989
34.32, 9.99941, 0.000162338, 19.9989
34.33, 9.99942, 0.000161326, 19.9989
34.34, 9.99942, 0.000160319, 19.9989
34.35, 9.99942, 0.000159315, 19.9989
34.36, 9.99942, 0.000158317, 19.9989
34.37, 9.99942, 0.000157323, 19.9989
34.38, 9.99942, 0.000156333, 19.9989
34.39, 9.99943, 0.000155349, 19.9989
34.4, 9.99943, 0.00015437, 19.9989
34.41, 9.99943, 0.000153396, 19.9989
34.42, 9.99943, 0.000152428, 19.9989
34.43, 9.99943, 0.000151465, 19.9989
34.44, 9.99943, 0.000150509, 19.9989
34.45, 9.99943, 0.000149558, 19.9989
34.46, 9.99944, 0.000148614, 19.9989
34.47, 9.99944, 0.000147676, 19.9989
34.48, 9.99944, 0.000146745, 19.9989
34.49, 9.99944, 0.000145821, 19.9989
34.5, 9.99944, 0.000144903, 19.9989
34.51, 9.99944, 0.000143993, 19.9989
34.52, 9.99944, 0.00014309, 19.9989
34.53, 9.99945, 0.000142194, 19.9989
34.54, 9.99945, 0.000141305, 19.9989
34.55, 9.99945, 0.000140425, 19.999
34.56, 9.99945, 0.000139552, 19.999
34.57, 9.99945, 0.000138687, 19.999
34.58, 9.99945, 0.000137829, 19.999
34.59, 9.99945, 0.000136981, 19.999
34.6, 9.99946, 0.00013614, 19.999
34.61, 9.99946, 0.000135308, 19.999
34.62, 9.99946, 0.000134484, 19.999
34.63, 9.99946, 0.000133669, 19.999
34.64, 9.99946, 0.000132863, 19.999
34.65, 9.99946, 0.000132065, 19.999
34.66, 9.99946, 0.000131277, 19.999
34.67, 9.99946, 0.000130497, 19.999
34.68, 9.99947, 0.000129726, 19.999
34.69, 9.99947, 0.000128965, 19.999
34.7, 9.99947, 0.000128213, 19.999
34.71, 9.99947, 0.000127471, 19.999
34.72, 9.99947, 0.000126737, 19.999
34.73, 9.99947, 0.000126014, 19.999
34.74, 9.99947, 0.0001253, 19.999
34.75, 9.99948, 0.000124595, 19.999
34.76, 9.99948, 0.0001239, 19.999
34.77, 9.99948, 0.000123215, 19.999
34.78, 9.99948, 0.00012254, 19.999
34.79, 9.99948, 0.000121875, 19.999
34.8, 9.99948, 0.00012122, 19.999
34.81, 9.99948, 0.000120574, 19.999
34.82, 9.99948, 0.000119939, 19.999
34.83, 9.99948, 0.000119313, 19.999
34.84, 9.99949, 0.000118698, 19.999
34.85, 9.99949, 0.000118093, 19.999
34.86, 9.99949, 0.000117497, 19.999
34.87, 9.99949, 0.000116912, 19.999
34.88, 9.99949, 0.000116337, 19.999
34.89, 9.99949, 0.000115773, 19.999
34.9, 9.99949, 0.000115218, 19.999
34.91, 9.99949, 0.000114674, 19.999
34.92, 9.9995, 0.000114139, 19.9991
34.93, 9.9995, 0.000113615, 19.9991
34.94, 9.9995, 0.000113101, 19.9991
34.95, 9.9995, 0.000112598, 19.9991
34.96, 9.9995, 0.000112104, 19.9991
34.97, 9.9995, 0.00011162, 19.9991
34.98, 9.9995, 0.000111147, 19.9991
34.99, 9.9995, 0.000110684, 19.9991
35, 9.9995, 0.00011023, 19.9991
35.01, 9.99951, 0.000109787, 19.9991
35.02, 9.99951, 0.000109354, 19.9991
35.03, 9.99951, 0.00010893, 19.9991
35.04, 9.99951, 0.000108517, 19.9991
35.05, 9.99951, 0.000108113, 19.9991
35.06, 9.99951, 0.00010772, 19.9991
35.07, 9.99951, 0.000107336, 19.9991
35.08, 9.99951, 0.000106962, 19.9991
35.09, 9.99951, 0.000106597, 19.9991
35.1, 9.99951, 0.000106242, 19.9991
35.11, 9.99952, 0.000105897, 19.9991
35.12, 9.99952, 0.000105561, 19.9991
35.13, 9.99952, 0.000105234, 19.9991
35.14, 9.99952, 0.000104917, 19.9991
35.15, 9.99952, 0.00010461, 19.9991
35.16, 9.99952, 0.000104311, 19.9991
35.17, 9.99952, 0.000104022, 19.9991
35.18, 9.99952, 0.000103741, 19.9991
35.19, 9.99952, 0.00010347, 19.9991
35.2, 9.99953, 0.000103207, 19.9991
35.21, 9.99953, 0.000102953, 19.9991
35.22, 9.99953, 0.000102708, 19.9991
35.23, 9.99953, 0.000102472, 19.9991
35.24, 9.99953, 0.000102244, 19.9991
35.25, 9.99953, 0.000102025, 19.9991
35.26, 9.99953, 0.000101814, 19.9991
35.27, 9.99953, 0.000101611, 19.9991
35.28, 9.99953, 0.000101416, 19.9991
35.29, 9.99953, 0.000101229, 19.9992
35.3, 9.99954, 0.00010105, 19.9992
35.31, 9.99954, 0.000100879, 19.9992
35.32, 9.99954, 0.000100716, 19.9992
35.33, 9.99954, 0.00010056, 19.9992
35.34, 9.99954, 0.000100412, 19.9992
35.35, 9.99954, 0.000100271, 19.9992
35.36, 9.99954, 0.000100138, 19.9992
35.37, 9.99954, 0.000100011, 19.9992
35.38, 9.99954, 9.98915e-05, 19.9992
35.39, 9.99954, 9.97788e-05, 19.9992
35.4, 9.99955, 9.96729e-05, 19.9992
35.41, 9.99955, 9.95736e-05, 19.9992
35.42, 9.99955, 9.94808e-05, 19.9992
35.43, 9.99955, 9.93944e-05, 19.9992
35.44, 9.99955, 9.93142e-05, 19.9992
35.45, 9.99955, 9.92402e-05, 19.9992
35.46, 9.99955, 9.91721e-05, 19.9992
35.47, 9.99955, 9.91099e-05, 19.9992
35.48, 9.99955, 9.90534e-05, 19.9992
35.49, 9.99955, 9.90025e-05, 19.9992
35.5, 9.99956, 9.8957e-05, 19.9992
35.51, 9.99956, 9.89169e-05, 19.9992
35.52, 9.99956, 9.88819e-05, 19.9992
35.53, 9.99956, 9.8852e-05, 19.9992
35.54, 9.99956, 9.8827e-05, 19.9992
35.55, 9.99956, 9.88067e-05, 19.9992
35.56, 9.99956, 9.87911e-05, 19.9992
35.57, 9.99956, 9.878e-05, 19.9992
35.58, 9.99956, 9.87732e-05, 19.9992
35.59, 9.99956, 9.87706e-05, 19.9992
35.6, 9.99957, 9.87721e-05, 19.9992
35.61, 9.99957, 9.87776e-05, 19.9992
35.62, 9.99957, 9.87868e-05, 19.9992
35.63, 9.99957, 9.87997e-05, 19.9992
35.64, 9.99957, 9.88161e-05, 19.9992
35.65, 9.99957, 9.88359e-05, 19.9992
35.66, 9.99957, 9.88589e-05, 19.9992
35.67, 9.99957, 9.8885e-05, 19.9992
35.68, 9.99957, 9.8914e-05, 19.9992
35.69, 9.99957, 9.89458e-05, 19.9993
35.7, 9.99958, 9.89804e-05, 19.9993
35.71, 9.99958, 9.90174e-05, 19.9993
35.72, 9.99958, 9.90569e-05, 19.9993
35.73, 9.99958, 9.90986e-05, 19.9993
35.74, 9.99958, 9.91424e-05, 19.9993
35.75, 9.99958, 9.91881e-05, 19.9993
35.76, 9.99958, 9.92358e-05, 19.9993
35.77, 9.99958, 9.92851e-05, 19.9993
35.78, 9.99958, 9.9336e-05, 19.9993
35.79, 9.99958, 9.93883e-05, 19.9993
35.8, 9.99959, 9.94419e-05, 19.9993
35.81, 9.99959, 9.94967e-05, 19.9993
35.82, 9.99959, 9.95525e-05, 19.9993
35.83, 9.99959, 9.96093e-05, 19.9993
35.84, 9.99959, 9.96667e-05, 19.9993
35.85, 9.99959, 9.97248e-05, 19.9993
35.86, 9.99959, 9.97835e-05, 19.9993
35.87, 9.99959, 9.98425e-05, 19.9993
35.88, 9.99959, 9.99017e-05, 19.9993
35.89, 9.99959, 9.99611e-05, 19.9993
35.9, 9.9996, 0.00010002, 19.9993
35.91, 9.9996, 0.00010008, 19.9993
35.92, 9.9996, 0.000100139, 19.9993
35.93, 9.9996, 0.000100197, 19.9993
35.94, 9.9996, 0.000100256, 19.9993
35.95, 9.9996, 0.000100313, 19.9993
35.96, 9.9996, 0.00010037, 19.9993
35.97, 9.9996, 0.000100426, 19.9993
35.98, 9.9996, 0.000100481, 19.9993
35.99, 9.9996, 0.000100535, 19.9993
36, 9.99961, 0.000100588, 19.9993
36.01, 9.99961, 0.000100639, 19.9993
36.02, 9.99961, 0.000100689, 19.9993
36.03, 9.99961, 0.000100738, 19.9993
36.04, 9.99961, 0.000100785, 19.9993
36.05, 9.99961, 0.00010083, 19.9993
36.06, 9.99961, 0.000100874, 19.9993
36.07, 9.99961, 0.000100915, 19.9993
36.08, 9.99961, 0.000100955, 19.9993
36.09, 9.99961, 0.000100992, 19.9993
36.1, 9.99962, 0.000101027, 19.9993
36.11, 9.99962, 0.00010106, 19.9993
36.12, 9.99962, 0.000101091, 19.9993
36.13, 9.99962, 0.000101119, 19.9993
36.14, 9.99962, 0.000101144, 19.9993
36.15, 9.99962, 0.000101167, 19.9993
36.16, 9.99962, 0.000101187, 19.9993
36.17, 9.99962, 0.000101205, 19.9993
36.18, 9.99962, 0.000101219, 19.9993
36.19, 9.99962, 0.00010123, 19.9994
36.2, 9.99963, 0.000101239, 19.9994
36.21, 9.99963, 0.000101244, 19.9994
36.22, 9.99963, 0.000101246, 19.9994
36.23, 9.99963, 0.000101245, 19.9994
36.24, 9.99963, 0.00010124, 19.9994
36.25, 9.99963, 0.000101232, 19.9994
36.26, 9.99963, 0.000101221, 19.9994
36.27, 9.99963, 0.000101206, 19.9994
36.28, 9.99963, 0.000101187, 19.9994
36.29, 9.99963, 0.000101165, 19.9994
36.3, 9.99964, 0.000101139, 19.9994
36.31, 9.99964, 0.00010111, 19.9994
36.32, 9.99964, 0.000101076, 19.9994
36.33, 9.99964, 0.000101039, 19.9994
36.34, 9.99964, 0.000100998, 19.9994
36.35, 9.99964, 0.000100953, 19.9994
36.36, 9.99964, 0.000100904, 19.9994
36.37, 9.99964, 0.00010085, 19.9994
36.38, 9.99964, 0.000100793, 19.9994
36.39, 9.99964, 0.000100732, 19.9994
36.4, 9.99965, 0.000100666, 19.9994
36.41, 9.99965, 0.000100597, 19.9994
36.42, 9.99965, 0.000100523, 19.9994
36.43, 9.99965, 0.000100445, 19.9994
36.44, 9.99965, 0.000100362, 19.9994
36.45, 9.99965, 0.000100275, 19.9994
36.46, 9.99965, 0.000100185, 19.9994
36.47, 9.99965, 0.000100089, 19.9994
36.48, 9.99965, 9.99895e-05, 19.9994
36.49, 9.99965, 9.98855e-05, 19.9994
36.5, 9.99966, 9.9777e-05, 19.9994
36.51, 9.99966, 9.96642e-05, 19.9994
36.52, 9.99966, 9.9547e-05, 19.9994
36.53, 9.99966, 9.94254e-05, 19.9994
36.54, 9.99966, 9.92993e-05, 19.9994
36.55, 9.99966, 9.91688e-05, 19.9994
36.56, 9.99966, 9.90339e-05, 19.9994
36.57, 9.99966, 9.88945e-05, 19.9994
36.58, 9.99966, 9.87508e-05, 19.9994
36.59, 9.99966, 9.86026e-05, 19.9994
36.6, 9.99967, 9.845e-05, 19.9994
36.61, 9.99967, 9.82929e-05, 19.9994
36.62, 9.99967, 9.81315e-05, 19.9994
36.63, 9.99967, 9.79657e-05, 19.9994
36.64, 9.99967, 9.77954e-05, 19.9994
36.65, 9.99967, 9.76209e-05, 19.9994
36.66, 9.99967, 9.74419e-05, 19.9994
36.67, 9.99967, 9.72587e-05, 19.9994
36.68, 9.99967, 9.70711e-05, 19.9994
36.69, 9.99967, 9.68792e-05, 19.9994
36.7, 9.99968, 9.66831e-05, 19.9994
36.71, 9.99968, 9.64827e-05, 19.9994
36.72, 9.99968, 9.62781e-05, 19.9994
36.73, 9.99968, 9.60693e-05, 19.9994
36.74, 9.99968, 9.58563e-05, 19.9994
36.75, 9.99968, 9.56392e-05, 19.9994
36.76, 9.99968, 9.5418e-05, 19.9994
36.77, 9.99968, 9.51927e-05, 19.9994
36.78, 9.99968, 9.49634e-05, 19.9994
36.79, 9.99968, 9.47301e-05, 19.9994
36.8, 9.99968, 9.44929e-05, 19.9994
36.81, 9.99969, 9.42517e-05, 19.9994
36.82, 9.99969, 9.40067e-05, 19.9994
36.83, 9.99969, 9.37578e-05, 19.9994
36.84, 9.99969, 9.35052e-05, 19.9994
36.85, 9.99969, 9.32488e-05, 19.9994
36.86, 9.99969, 9.29887e-05, 19.9994
36.87, 9.99969, 9.2725e-05, 19.9994
36.88, 9.99969, 9.24577e-05, 19.9995
36.89, 9.99969, 9.21868e-05, 19.9995
36.9, 9.99969, 9.19124e-05, 19.9995
36.91, 9.9997, 9.16346e-05, 19.9995
36.92, 9.9997, 9.13534e-05, 19.9995
36.93, 9.9997, 9.10689e-05, 19.9995
36.94, 9.9997, 9.07811e-05, 19.9995
36.95, 9.9997, 9.04901e-05, 19.9995
36.96, 9.9997, 9.01959e-05, 19.9995
36.97, 9.9997, 8.98986e-05, 19.9995
36.98, 9.9997, 8.95982e-05, 19.9995
36.99, 9.9997, 8.92949e-05, 19.9995
37, 9.9997, 8.89887e-05, 19.9995
37.01, 9.9997, 8.86796e-05, 19.9995
37.02, 9.99971, 8.83677e-05, 19.9995
37.03, 9.99971, 8.80531e-05, 19.9995
37.04, 9.99971, 8.77358e-05, 19.9995
37.05, 9.99971, 8.74159e-05, 19.9995
37.06, 9.99971, 8.70935e-05, 19.9995
37.07, 9.99971, 8.67686e-05, 19.9995
37.08, 9.99971, 8.64414e-05, 19.9995
37.09, 9.99971, 8.61118e-05, 19.9995
37.1, 9.99971, 8.57799e-05, 19.9995
37.11, 9.99971, 8.54458e-05, 19.9995
37.12, 9.99971, 8.51097e-05, 19.9995
37.13, 9.99971, 8.47715e-05, 19.9995
37.14, 9.99972, 8.44313e-05, 19.9995
37.15, 9.99972, 8.40891e-05, 19.9995
37.16, 9.99972, 8.37452e-05, 19.9995
37.17, 9.99972, 8.33995e-05, 19.9995
37.18, 9.99972, 8.30521e-05, 19.9995
37.19, 9.99972, 8.27031e-05, 19.9995
37.2, 9.99972, 8.23525e-05, 19.9995
37.21, 9.99972, 8.20005e-05, 19.9995
37.22, 9.99972, 8.16471e-05, 19.9995
37.23, 9.99972, 8.12923e-05, 19.9995
37.24, 9.99972, 8.09363e-05, 19.9995
37.25, 9.99972, 8.05792e-05, 19.9995
37.26, 9.99973, 8.02209e-05, 19.9995
37.27, 9.99973, 7.98616e-05, 19.9995
37.28, 9.99973, 7.95013e-05, 19.9995
37.29, 9.99973, 7.91402e-05, 19.9995
37.3, 9.99973, 7.87782e-05, 19.9995
37.31, 9.99973, 7.84156e-05, 19.9995
37.32, 9.99973, 7.80522e-05, 19.9995
37.33, 9.99973, 7.76883e-05, 19.9995
37.34, 9.99973, 7.73239e-05, 19.9995
37.35, 9.99973, 7.6959e-05, 19.9995
37.36, 9.99973, 7.65938e-05, 19.9995
37.37, 9.99973, 7.62283e-05, 19.9995
37.38, 9.99973, 7.58625e-05, 19.9995
37.39, 9.99974, 7.54967e-05, 19.9995
37.4, 9.99974, 7.51307e-05, 19.9995
37.41, 9.99974, 7.47648e-05, 19.9995
37.42, 9.99974, 7.43989e-05, 19.9995
37.43, 9.99974, 7.40332e-05, 19.9995
37.44, 9.99974, 7.36676e-05, 19.9995
37.45, 9.99974, 7.33024e-05, 19.9995
37.46, 9.99974, 7.29375e-05, 19.9995
37.47, 9.99974, 7.2573e-05, 19.9995
37.48, 9.99974, 7.22091e-05, 19.9995
37.49, 9.99974, 7.18457e-05, 19.9995
37.5, 9.99974, 7.14829e-05, 19.9995
37.51, 9.99974, 7.11208e-05, 19.9995
37.52, 9.99974, 7.07595e-05, 19.9995
37.53, 9.99975, 7.0399e-05, 19.9995
37.54, 9.99975, 7.00394e-05, 19.9995
37.55, 9.99975, 6.96808e-05, 19.9995
37.56, 9.99975, 6.93231e-05, 19.9995
37.57, 9.99975, 6.89666e-05, 19.9995
37.58, 9.99975, 6.86112e-05, 19.9995
37.59, 9.99975, 6.82571e-05, 19.9995
37.6, 9.99975, 6.79042e-05, 19.9995
37.61, 9.99975, 6.75526e-05, 19.9995
37.62, 9.99975, 6.72025e-05, 19.9995
37.63, 9.99975, 6.68537e-05, 19.9995
37.64, 9.99975, 6.65065e-05, 19.9995
37.65, 9.99975, 6.61609e-05, 19.9995
37.66, 9.99975, 6.58169e-05, 19.9995
37.67, 9.99975, 6.54746e-05, 19.9995
37.68, 9.99976, 6.5134e-05, 19.9995
37.69, 9.99976, 6.47951e-05, 19.9995
37.7, 9.99976, 6.44582e-05, 19.9995
37.71, 9.99976, 6.41231e-05, 19.9995
37.72, 9.99976, 6.379e-05, 19.9995
37.73, 9.99976, 6.34588e-05, 19.9995
37.74, 9.99976, 6.31297e-05, 19.9995
37.75, 9.99976, 6.28027e-05, 19.9996
37.76, 9.99976, 6.24779e-05, 19.9996
37.77, 9.99976, 6.21552e-05, 19.9996
37.78, 9.99976, 6.18347e-05, 19.9996
37.79, 9.99976, 6.15165e-05, 19.9996
37.8, 9.99976, 6.12007e-05, 19.9996
37.81, 9.99976, 6.08872e-05, 19.9996
37.82, 9.99976, 6.05761e-05, 19.9996
37.83, 9.99977, 6.02674e-05, 19.9996
37.84, 9.99977, 5.99612e-05, 19.9996
37.85, 9.99977, 5.96575e-05, 19.9996
37.86, 9.99977, 5.93564e-05, 19.9996
37.87, 9.99977, 5.90579e-05, 19.9996
37.88, 9.99977, 5.8762e-05, 19.9996
37.89, 9.99977, 5.84687e-05, 19.9996
37.9, 9.99977, 5.81781e-05, 19.9996
37.91, 9.99977, 5.78903e-05, 19.9996
37.92, 9.99977, 5.76052e-05, 19.9996
37.93, 9.99977, 5.73229e-05, 19.9996
37.94, 9.99977, 5.70434e-05, 19.9996
37.95, 9.99977, 5.67667e-05, 19.9996
37.96, 9.99977, 5.64928e-05, 19.9996
37.97, 9.99977, 5.62219e-05, 19.9996
37.98, 9.99977, 5.59539e-05, 19.9996
37.99, 9.99977, 5.56888e-05, 19.9996
38, 9.99977, 5.54266e-05, 19.9996
38.01, 9.99978, 5.51674e-05, 19.9996
38.02, 9.99978, 5.49112e-05, 19.9996
38.03, 9.99978, 5.4658e-05, 19.9996
38.04, 9.99978, 5.44078e-05, 19.9996
38.05, 9.99978, 5.41607e-05, 19.9996
38.06, 9.99978, 5.39166e-05, 19.9996
38.07, 9.99978, 5.36756e-05, 19.9996
38.08, 9.99978, 5.34377e-05, 19.9996
38.09, 9.99978, 5.32028e-05, 19.9996
38.1, 9.99978, 5.29711e-05, 19.9996
38.11, 9.99978, 5.27424e-05, 19.9996
38.12, 9.99978, 5.25169e-05, 19.9996
38.13, 9.99978, 5.22945e-05, 19.9996
38.14, 9.99978, 5.20752e-05, 19.9996
38.15, 9.99978, 5.1859e-05, 19.9996
38.16, 9.99978, 5.1646e-05, 19.9996
38.17, 9.99978, 5.14361e-05, 19.9996
38.18, 9.99978, 5.12294e-05, 19.9996
38.19, 9.99978, 5.10258e-05, 19.9996
38.2, 9.99979, 5.08253e-05, 19.9996
38.21, 9.99979, 5.0628e-05, 19.9996
38.22, 9.99979, 5.04338e-05, 19.9996
38.23, 9.99979, 5.02427e-05, 19.9996
38.24, 9.99979, 5.00547e-05, 19.9996
38.25, 9.99979, 4.98699e-05, 19.9996
38.26, 9.99979, 4.96882e-05, 19.9996
38.27, 9.99979, 4.95095e-05, 19.9996
38.28, 9.99979, 4.9334e-05, 19.9996
38.29, 9.99979, 4.91615e-05, 19.9996
38.3, 9.99979, 4.89922e-05, 19.9996
38.31, 9.99979, 4.88258e-05, 19.9996
38.32, 9.99979, 4.86626e-05, 19.9996
38.33, 9.99979, 4.85023e-05, 19.9996
38.34, 9.99979, 4.83451e-05, 19.9996
38.35, 9.99979, 4.81909e-05, 19.9996
38.36, 9.99979, 4.80396e-05, 19.9996
38.37, 9.99979, 4.78913e-05, 19.9996
38.38, 9.99979, 4.7746e-05, 19.9996
38.39, 9.99979, 4.76036e-05, 19.9996
38.4, 9.9998, 4.74642e-05, 19.9996
38.41, 9.9998, 4.73276e-05, 19.9996
38.42, 9.9998, 4.71938e-05, 19.9996
38.43, 9.9998, 4.7063e-05, 19.9996
38.44, 9.9998, 4.69349e-05, 19.9996
38.45, 9.9998, 4.68097e-05, 19.9996
38.46, 9.9998, 4.66872e-05, 19.9996
38.47, 9.9998, 4.65675e-05, 19.9996
38.48, 9.9998, 4.64505e-05, 19.9996
38.49, 9.9998, 4.63361e-05, 19.9996
38.5, 9.9998, 4.62245e-05, 19.9996
38.51, 9.9998, 4.61155e-05, 19.9996
38.52, 9.9998, 4.60091e-05, 19.9996
38.53, 9.9998, 4.59053e-05, 19.9996
38.54, 9.9998, 4.5804e-05, 19.9996
38.55, 9.9998, 4.57053e-05, 19.9996
38.56, 9.9998, 4.56091e-05, 19.9996
38.57, 9.9998, 4.55153e-05, 19.9996
38.58, 9.9998, 4.54239e-05, 19.9996
38.59, 9.9998, 4.53349e-05, 19.9996
38.6, 9.9998, 4.52483e-05, 19.9996
38.61, 9.9998, 4.5164e-05, 19.9996
38.62, 9.99981, 4.5082e-05, 19.9996
38.63, 9.99981, 4.50022e-05, 19.9996
38.64, 9.99981, 4.49247e-05, 19.9996
38.65, 9.99981, 4.48494e-05, 19.9997
38.66, 9.99981, 4.47761e-05, 19.9997
38.67, 9.99981, 4.47051e-05, 19.9997
38.68, 9.99981, 4.4636e-05, 19.9997
38.69, 9.99981, 4.4569e-05, 19.9997
38.7, 9.99981, 4.4504e-05, 19.9997
38.71, 9.99981, 4.4441e-05, 19.9997
38.72, 9.99981, 4.43799e-05, 19.9997
38.73, 9.99981, 4.43206e-05, 19.9997
38.74, 9.99981, 4.42632e-05, 19.9997
38.75, 9.99981, 4.42076e-05, 19.9997
38.76, 9.99981, 4.41538e-05, 19.9997
38.77, 9.99981, 4.41016e-05, 19.9997
38.78, 9.99981, 4.40512e-05, 19.9997
38.79, 9.99981, 4.40024e-05, 19.9997
38.8, 9.99981, 4.39552e-05, 19.9997
38.81, 9.99981, 4.39095e-05, 19.9997
38.82, 9.99981, 4.38654e-05, 19.9997
38.83, 9.99981, 4.38227e-05, 19.9997
38.84, 9.99982, 4.37815e-05, 19.9997
38.85, 9.99982, 4.37416e-05, 19.9997
38.86, 9.99982, 4.37032e-05, 19.9997
38.87, 9.99982, 4.3666e-05, 19.9997
38.88, 9.99982, 4.36301e-05, 19.9997
38.89, 9.99982, 4.35954e-05, 19.9997
38.9, 9.99982, 4.35618e-05, 19.9997
38.91, 9.99982, 4.35295e-05, 19.9997
38.92, 9.99982, 4.34982e-05, 19.9997
38.93, 9.99982, 4.3468e-05, 19.9997
38.94, 9.99982, 4.34388e-05, 19.9997
38.95, 9.99982, 4.34105e-05, 19.9997
38.96, 9.99982, 4.33832e-05, 19.9997
38.97, 9.99982, 4.33568e-05, 19.9997
38.98, 9.99982, 4.33312e-05, 19.9997
38.99, 9.99982, 4.33065e-05, 19.9997
39, 9.99982, 4.32825e-05, 19.9997
39.01, 9.99982, 4.32592e-05, 19.9997
39.02, 9.99982, 4.32366e-05, 19.9997
39.03, 9.99982, 4.32146e-05, 19.9997
39.04, 9.99982, 4.31933e-05, 19.9997
39.05, 9.99982, 4.31725e-05, 19.9997
39.06, 9.99982, 4.31522e-05, 19.9997
39.07, 9.99983, 4.31324e-05, 19.9997
39.08, 9.99983, 4.3113e-05, 19.9997
39.09, 9.99983, 4.30941e-05, 19.9997
39.1, 9.99983, 4.30755e-05, 19.9997
39.11, 9.99983, 4.30572e-05, 19.9997
39.12, 9.99983, 4.30392e-05, 19.9997
39.13, 9.99983, 4.30214e-05, 19.9997
39.14, 9.99983, 4.30038e-05, 19.9997
39.15, 9.99983, 4.29865e-05, 19.9997
39.16, 9.99983, 4.29692e-05, 19.9997
39.17, 9.99983, 4.2952e-05, 19.9997
39.18, 9.99983, 4.29349e-05, 19.9997
39.19, 9.99983, 4.29178e-05, 19.9997
39.2, 9.99983, 4.29006e-05, 19.9997
39.21, 9.99983, 4.28835e-05, 19.9997
39.22, 9.99983, 4.28662e-05, 19.9997
39.23, 9.99983, 4.28488e-05, 19.9997
39.24, 9.99983, 4.28312e-05, 19.9997
39.25, 9.99983, 4.28135e-05, 19.9997
39.26, 9.99983, 4.27955e-05, 19.9997
39.27, 9.99983, 4.27773e-05, 19.9997
39.28, 9.99983, 4.27587e-05, 19.9997
39.29, 9.99983, 4.27399e-05, 19.9997
39.3, 9.99983, 4.27206e-05, 19.9997
39.31, 9.99984, 4.2701e-05, 19.9997
39.32, 9.99984, 4.2681e-05, 19.9997
39.33, 9.99984, 4.26605e-05, 19.9997
39.34, 9.99984, 4.26395e-05, 19.9997
39.35, 9.99984, 4.26181e-05, 19.9997
39.36, 9.99984, 4.25961e-05, 19.9997
39.37, 9.99984, 4.25735e-05, 19.9997
39.38, 9.99984, 4.25503e-05, 19.9997
39.39, 9.99984, 4.25265e-05, 19.9997
39.4, 9.99984, 4.2502e-05, 19.9997
39.41, 9.99984, 4.24769e-05, 19.9997
39.42, 9.99984, 4.24511e-05, 19.9997
39.43, 9.99984, 4.24245e-05, 19.9997
39.44, 9.99984, 4.23972e-05, 19.9997
39.45, 9.99984, 4.23691e-05, 19.9997
39.46, 9.99984, 4.23402e-05, 19.9997
39.47, 9.99984, 4.23105e-05, 19.9997
39.48, 9.99984, 4.22799e-05, 19.9997
39.49, 9.99984, 4.22485e-05, 19.9997
39.5, 9.99984, 4.22162e-05, 19.9997
39.51, 9.99984, 4.2183e-05, 19.9997
39.52, 9.99984, 4.21489e-05, 19.9997
39.53, 9.99984, 4.21138e-05, 19.9997
39.54, 9.99985, 4.20777e-05, 19.9997
39.55, 9.99985, 4.20407e-05, 19.9997
39.56, 9.99985, 4.20027e-05, 19.9997
39.57, 9.99985, 4.19636e-05, 19.9997
39.58, 9.99985, 4.19235e-05, 19.9997
39.59, 9.99985, 4.18824e-05, 19.9997
39.6, 9.99985, 4.18402e-05, 19.9997
39.61, 9.99985, 4.17969e-05, 19.9997
39.62, 9.99985, 4.17526e-05, 19.9997
39.63, 9.99985, 4.17071e-05, 19.9997
39.64, 9.99985, 4.16605e-05, 19.9997
39.65, 9.99985, 4.16128e-05, 19.9997
39.66, 9.99985, 4.15639e-05, 19.9997
39.67, 9.99985, 4.15139e-05, 19.9997
39.68, 9.99985, 4.14627e-05, 19.9997
39.69, 9.99985, 4.14104e-05, 19.9997
39.7, 9.99985, 4.13569e-05, 19.9997
39.71, 9.99985, 4.13022e-05, 19.9997
39.72, 9.99985, 4.12463e-05, 19.9997
39.73, 9.99985, 4.11892e-05, 19.9997
39.74, 9.99985, 4.11309e-05, 19.9997
39.75, 9.99985, 4.10713e-05, 19.9997
39.76, 9.99985, 4.10106e-05, 19.9997
39.77, 9.99985, 4.09486e-05, 19.9997
39.78, 9.99986, 4.08854e-05, 19.9997
39.79, 9.99986, 4.0821e-05, 19.9997
39.8, 9.99986, 4.07553e-05, 19.9997
39.81, 9.99986, 4.06885e-05, 19.9997
39.82, 9.99986, 4.06203e-05, 19.9997
39.83, 9.99986, 4.0551e-05, 19.9997
39.84, 9.99986, 4.04803e-05, 19.9997
39.85, 9.99986, 4.04085e-05, 19.9997
39.86, 9.99986, 4.03354e-05, 19.9997
39.87, 9.99986, 4.02611e-05, 19.9998
39.88, 9.99986, 4.01855e-05, 19.9998
39.89, 9.99986, 4.01087e-05, 19.9998
39.9, 9.99986, 4.00307e-05, 19.9998
39.91, 9.99986, 3.99515e-05, 19.9998
39.92, 9.99986, 3.9871e-05, 19.9998
39.93, 9.99986, 3.97893e-05, 19.9998
39.94, 9.99986, 3.97064e-05, 19.9998
39.95, 9.99986, 3.96223e-05, 19.9998
39.96, 9.99986, 3.9537e-05, 19.9998
39.97, 9.99986, 3.94505e-05, 19.9998
39.98, 9.99986, 3.93629e-05, 19.9998
39.99, 9.99986, 3.9274e-05, 19.9998
40, 9.99986, 3.9184e-05, 19.9998
40.01, 9.99986, 3.90928e-05, 19.9998
40.02, 9.99986, 3.90004e-05, 19.9998
40.03, 9.99987, 3.89069e-05, 19.9998
40.04, 9.99987, 3.88123e-05, 19.9998
40.05, 9.99987, 3.87165e-05, 19.9998
40.06, 9.99987, 3.86197e-05, 19.9998
40.07, 9.99987, 3.85217e-05, 19.9998
40.08, 9.99987, 3.84226e-05, 19.9998
40.09, 9.99987, 3.83225e-05, 19.9998
40.1, 9.99987, 3.82213e-05, 19.9998
40.11, 9.99987, 3.81191e-05, 19.9998
40.12, 9.99987, 3.80158e-05, 19.9998
40.13, 9.99987, 3.79114e-05, 19.9998
40.14, 9.99987, 3.78061e-05, 19.9998
40.15, 9.99987, 3.76998e-05, 19.9998
40.16, 9.99987, 3.75925e-05, 19.9998
40.17, 9.99987, 3.74842e-05, 19.9998
40.18, 9.99987, 3.7375e-05, 19.9998
40.19, 9.99987, 3.72648e-05, 19.9998
40.2, 9.99987, 3.71537e-05, 19.9998
40.21, 9.99987, 3.70417e-05, 19.9998
40.22, 9.99987, 3.69289e-05, 19.9998
40.23, 9.99987, 3.68151e-05, 19.9998
40.24, 9.99987, 3.67005e-05, 19.9998
40.25, 9.99987, 3.65851e-05, 19.9998
40.26, 9.99987, 3.64688e-05, 19.9998
40.27, 9.99987, 3.63518e-05, 19.9998
40.28, 9.99987, 3.6234e-05, 19.9998
40.29, 9.99987, 3.61154e-05, 19.9998
40.3, 9.99988, 3.59961e-05, 19.9998
40.31, 9.99988, 3.5876e-05, 19.9998
40.32, 9.99988, 3.57552e-05, 19.9998
40.33, 9.99988, 3.56338e-05, 19.9998
40.34, 9.99988, 3.55117e-05, 19.9998
40.35, 9.99988, 3.5389e-05, 19.9998
40.36, 9.99988, 3.52656e-05, 19.9998
40.37, 9.99988, 3.51416e-05, 19.9998
40.38, 9.99988, 3.50171e-05, 19.9998
40.39, 9.99988, 3.48919e-05, 19.9998
40.4, 9.99988, 3.47663e-05, 19.9998
40.41, 9.99988, 3.46401e-05, 19.9998
40.42, 9.99988, 3.45134e-05, 19.9998
40.43, 9.99988, 3.43863e-05, 19.9998
40.44, 9.99988, 3.42586e-05, 19.9998
40.45, 9.99988, 3.41306e-05, 19.9998
40.46, 9.99988, 3.40021e-05, 19.9998
40.47, 9.99988, 3.38732e-05, 19.9998
40.48, 9.99988, 3.3744e-05, 19.9998
40.49, 9.99988, 3.36144e-05, 19.9998
40.5, 9.99988, 3.34845e-05, 19.9998
40.51, 9.99988, 3.33543e-05, 19.9998
40.52, 9.99988, 3.32238e-05, 19.9998
40.53, 9.99988, 3.3093e-05, 19.9998
40.54, 9.99988, 3.2962e-05, 19.9998
40.55, 9.99988, 3.28308e-05, 19.9998
40.56, 9.99988, 3.26994e-05, 19.9998
40.57, 9.99988, 3.25678e-05, 19.9998
40.58, 9.99988, 3.2436e-05, 19.9998
40.59, 9.99989, 3.23041e-05, 19.9998
40.6, 9.99989, 3.21721e-05, 19.9998
40.61, 9.99989, 3.20401e-05, 19.9998
40.62, 9.99989, 3.19079e-05, 19.9998
40.63, 9.99989, 3.17757e-05, 19.9998
40.64, 9.99989, 3.16435e-05, 19.9998
40.65, 9.99989, 3.15113e-05, 19.9998
40.66, 9.99989, 3.13791e-05, 19.9998
40.67, 9.99989, 3.12469e-05, 19.9998
40.68, 9.99989, 3.11148e-05, 19.9998
40.69, 9.99989, 3.09828e-05, 19.9998
40.7, 9.99989, 3.08509e-05, 19.9998
40.71, 9.99989, 3.07191e-05, 19.9998
40.72, 9.99989, 3.05875e-05, 19.9998
40.73, 9.99989, 3.0456e-05, 19.9998
40.74, 9.99989, 3.03247e-05, 19.9998
40.75, 9.99989, 3.01936e-05, 19.9998
40.76, 9.99989, 3.00628e-05, 19.9998
40.77, 9.99989, 2.99322e-05, 19.9998
40.78, 9.99989, 2.98018e-05, 19.9998
40.79, 9.99989, 2.96718e-05, 19.9998
40.8, 9.99989, 2.95421e-05, 19.9998
40.81, 9.99989, 2.94126e-05, 19.9998
40.82, 9.99989, 2.92836e-05, 19.9998
40.83, 9.99989, 2.91549e-05, 19.9998
40.84, 9.99989, 2.90265e-05, 19.9998
40.85, 9.99989, 2.88986e-05, 19.9998
40.86, 9.99989, 2.87711e-05, 19.9998
40.87, 9.99989, 2.8644e-05, 19.9998
40.88, 9.99989, 2.85174e-05, 19.9998
40.89, 9.99989, 2.83913e-05, 19.9998
40.9, 9.99989, 2.82656e-05, 19.9998
40.91, 9.99989, 2.81405e-05, 19.9998
40.92, 9.99989, 2.80158e-05, 19.9998
40.93, 9.9999, 2.78917e-05, 19.9998
40.94, 9.9999, 2.77682e-05, 19.9998
40.95, 9.9999, 2.76453e-05, 19.9998
40.96, 9.9999, 2.75229e-05, 19.9998
40.97, 9.9999, 2.74011e-05, 19.9998
40.98, 9.9999, 2.728e-05, 19.9998
40.99, 9.9999, 2.71595e-05, 19.9998
41, 9.9999, 2.70396e-05, 19.9998
41.01, 9.9999, 2.69204e-05, 19.9998
41.02, 9.9999, 2.68019e-05, 19.9998
41.03, 9.9999, 2.66841e-05, 19.9998
41.04, 9.9999, 2.6567e-05, 19.9998
41.05, 9.9999, 2.64506e-05, 19.9998
41.06, 9.9999, 2.63349e-05, 19.9998
41.07, 9.9999, 2.622e-05, 19.9998
41.08, 9.9999, 2.61058e-05, 19.9998
41.09, 9.9999, 2.59924e-05, 19.9998
41.1, 9.9999, 2.58798e-05, 19.9998
41.11, 9.9999, 2.57679e-05, 19.9998
41.12, 9.9999, 2.56569e-05, 19.9998
41.13, 9.9999, 2.55467e-05, 19.9998
41.14, 9.9999, 2.54373e-05, 19.9998
41.15, 9.9999, 2.53287e-05, 19.9998
41.16, 9.9999, 2.5221e-05, 19.9998
41.17, 9.9999, 2.51141e-05, 19.9998
41.18, 9.9999, 2.50081e-05, 19.9998
41.19, 9.9999, 2.4903e-05, 19.9998
41.2, 9.9999, 2.47987e-05, 19.9998
41.21, 9.9999, 2.46954e-05, 19.9998
41.22, 9.9999, 2.45929e-05, 19.9998
41.23, 9.9999, 2.44913e-05, 19.9998
41.24, 9.9999, 2.43907e-05, 19.9998
41.25, 9.9999, 2.42909e-05, 19.9998
41.26, 9.9999, 2.41921e-05, 19.9998
41.27, 9.9999, 2.40942e-05, 19.9998
41.28, 9.9999, 2.39972e-05, 19.9998
41.29, 9.9999, 2.39012e-05, 19.9998
41.3, 9.9999, 2.38061e-05, 19.9998
41.31, 9.99991, 2.3712e-05, 19.9998
41.32, 9.99991, 2.36188e-05, 19.9998
41.33, 9.99991, 2.35266e-05, 19.9998
41.34, 9.99991, 2.34354e-05, 19.9998
41.35, 9.99991, 2.33451e-05, 19.9998
41.36, 9.99991, 2.32558e-05, 19.9998
41.37, 9.99991, 2.31674e-05, 19.9998
41.38, 9.99991, 2.30801e-05, 19.9998
41.39, 9.99991, 2.29937e-05, 19.9998
41.4, 9.99991, 2.29082e-05, 19.9998
41.41, 9.99991, 2.28238e-05, 19.9998
41.42, 9.99991, 2.27403e-05, 19.9998
41.43, 9.99991, 2.26579e-05, 19.9998
41.44, 9.99991, 2.25764e-05, 19.9998
41.45, 9.99991, 2.24959e-05, 19.9998
41.46, 9.99991, 2.24163e-05, 19.9998
41.47, 9.99991, 2.23378e-05, 19.9998
41.48, 9.99991, 2.22602e-05, 19.9998
41.49, 9.99991, 2.21836e-05, 19.9998
41.5, 9.99991, 2.2108e-05, 19.9998
41.51, 9.99991, 2.20334e-05, 19.9998
41.52, 9.99991, 2.19597e-05, 19.9998
41.53, 9.99991, 2.1887e-05, 19.9998
41.54, 9.99991, 2.18153e-05, 19.9998
41.55, 9.99991, 2.17446e-05, 19.9998
41.56, 9.99991, 2.16748e-05, 19.9998
41.57, 9.99991, 2.1606e-05, 19.9998
41.58, 9.99991, 2.15381e-05, 19.9998
41.59, 9.99991, 2.14712e-05, 19.9998
41.6, 9.99991, 2.14052e-05, 19.9998
41.61, 9.99991, 2.13402e-05, 19.9998
41.62, 9.99991, 2.12761e-05, 19.9998
41.63, 9.99991, 2.1213e-05, 19.9998
41.64, 9.99991, 2.11508e-05, 19.9998
41.65, 9.99991, 2.10895e-05, 19.9998
41.66, 9.99991, 2.10291e-05, 19.9998
41.67, 9.99991, 2.09696e-05, 19.9998
41.68, 9.99991, 2.09111e-05, 19.9998
41.69, 9.99991, 2.08534e-05, 19.9998
41.7, 9.99991, 2.07966e-05, 19.9998
41.71, 9.99991, 2.07407e-05, 19.9998
41.72, 9.99991, 2.06857e-05, 19.9998
41.73, 9.99991, 2.06316e-05, 19.9998
41.74, 9.99991, 2.05783e-05, 19.9998
41.75, 9.99991, 2.05259e-05, 19.9998
41.76, 9.99991, 2.04744e-05, 19.9998
41.77, 9.99992, 2.04236e-05, 19.9998
41.78, 9.99992, 2.03737e-05, 19.9998
41.79, 9.99992, 2.03246e-05, 19.9998
41.8, 9.99992, 2.02764e-05, 19.9998
41.81, 9.99992, 2.02289e-05, 19.9998
41.82, 9.99992, 2.01822e-05, 19.9998
41.83, 9.99992, 2.01363e-05, 19.9998
41.84, 9.99992, 2.00912e-05, 19.9998
41.85, 9.99992, 2.00469e-05, 19.9998
41.86, 9.99992, 2.00033e-05, 19.9998
41.87, 9.99992, 1.99604e-05, 19.9998
41.88, 9.99992, 1.99183e-05, 19.9999
41.89, 9.99992, 1.98769e-05, 19.9999
41.9, 9.99992, 1.98363e-05, 19.9999
41.91, 9.99992, 1.97963e-05, 19.9999
41.92, 9.99992, 1.9757e-05, 19.9999
41.93, 9.99992, 1.97184e-05, 19.9999
41.94, 9.99992, 1.96805e-05, 19.9999
41.95, 9.99992, 1.96432e-05, 19.9999
41.96, 9.99992, 1.96066e-05, 19.9999
41.97, 9.99992, 1.95706e-05, 19.9999
41.98, 9.99992, 1.95353e-05, 19.9999
41.99, 9.99992, 1.95005e-05, 19.9999
42, 9.99992, 1.94664e-05, 19.9999
42.01, 9.99992, 1.94328e-05, 19.9999
42.02, 9.99992, 1.93998e-05, 19.9999
42.03, 9.99992, 1.93674e-05, 19.9999
42.04, 9.99992, 1.93356e-05, 19.9999
42.05, 9.99992, 1.93042e-05, 19.9999
42.06, 9.99992, 1.92734e-05, 19.9999
42.07, 9.99992, 1.92432e-05, 19.9999
42.08, 9.99992, 1.92134e-05, 19.9999
42.09, 9.99992, 1.91841e-05, 19.9999
42.1, 9.99992, 1.91553e-05, 19.9999
42.11, 9.99992, 1.9127e-05, 19.9999
42.12, 9.99992, 1.90991e-05, 19.9999
42.13, 9.99992, 1.90717e-05, 19.9999
42.14, 9.99992, 1.90447e-05, 19.9999
42.15, 9.99992, 1.90181e-05, 19.9999
42.16, 9.99992, 1.89919e-05, 19.9999
42.17, 9.99992, 1.89661e-05, 19.9999
42.18, 9.99992, 1.89407e-05, 19.9999
42.19, 9.99992, 1.89157e-05, 19.9999
42.2, 9.99992, 1.8891e-05, 19.9999
42.21, 9.99992, 1.88667e-05, 19.9999
42.22, 9.99992, 1.88426e-05, 19.9999
42.23, 9.99992, 1.8819e-05, 19.9999
42.24, 9.99992, 1.87956e-05, 19.9999
42.25, 9.99992, 1.87725e-05, 19.9999
42.26, 9.99992, 1.87496e-05, 19.9999
42.27, 9.99992, 1.87271e-05, 19.9999
42.28, 9.99992, 1.87048e-05, 19.9999
42.29, 9.99993, 1.86827e-05, 19.9999
42.3, 9.99993, 1.86609e-05, 19.9999
42.31, 9.99993, 1.86393e-05, 19.9999
42.32, 9.99993, 1.86179e-05, 19.9999
42.33, 9.99993, 1.85967e-05, 19.9999
42.34, 9.99993, 1.85756e-05, 19.9999
42.35, 9.99993, 1.85548e-05, 19.9999
42.36, 9.99993, 1.85341e-05, 19.9999
42.37, 9.99993, 1.85135e-05, 19.9999
42.38, 9.99993, 1.84931e-05, 19.9999
42.39, 9.99993, 1.84728e-05, 19.9999
42.4, 9.99993, 1.84526e-05, 19.9999
42.41, 9.99993, 1.84325e-05, 19.9999
42.42, 9.99993, 1.84125e-05, 19.9999
42.43, 9.99993, 1.83926e-05, 19.9999
42.44, 9.99993, 1.83727e-05, 19.9999
42.45, 9.99993, 1.83529e-05, 19.9999
42.46, 9.99993, 1.83332e-05, 19.9999
42.47, 9.99993, 1.83134e-05, 19.9999
42.48, 9.99993, 1.82937e-05, 19.9999
42.49, 9.99993, 1.8274e-05, 19.9999
42.5, 9.99993, 1.82543e-05, 19.9999
42.51, 9.99993, 1.82346e-05, 19.9999
42.52, 9.99993, 1.82149e-05, 19.9999
42.53, 9.99993, 1.81951e-05, 19.9999
42.54, 9.99993, 1.81754e-05, 19.9999
42.55, 9.99993, 1.81555e-05, 19.9999
42.56, 9.99993, 1.81356e-05, 19.9999
42.57, 9.99993, 1.81156e-05, 19.9999
42.58, 9.99993, 1.80956e-05, 19.9999
42.59, 9.99993, 1.80754e-05, 19.9999
42.6, 9.99993, 1.80552e-05, 19.9999
42.61, 9.99993, 1.80348e-05, 19.9999
42.62, 9.99993, 1.80144e-05, 19.9999
42.63, 9.99993, 1.79938e-05, 19.9999
42.64, 9.99993, 1.79731e-05, 19.9999
42.65, 9.99993, 1.79522e-05, 19.9999
42.66, 9.99993, 1.79312e-05, 19.9999
42.67, 9.99993, 1.79101e-05, 19.9999
42.68, 9.99993, 1.78887e-05, 19.9999
42.69, 9.99993, 1.78672e-05, 19.9999
42.7, 9.99993, 1.78456e-05, 19.9999
42.71, 9.99993, 1.78237e-05, 19.9999
42.72, 9.99993, 1.78016e-05, 19.9999
42.73, 9.99993, 1.77794e-05, 19.9999
42.74, 9.99993, 1.77569e-05, 19.9999
42.75, 9.99993, 1.77342e-05, 19.9999
42.76, 9.99993, 1.77113e-05, 19.9999
42.77, 9.99993, 1.76882e-05, 19.9999
42.78, 9.99993, 1.76648e-05, 19.9999
42.79, 9.99993, 1.76412e-05, 19.9999
42.8, 9.99993, 1.76173e-05, 19.9999
42.81, 9.99993, 1.75932e-05, 19.9999
42.82, 9.99993, 1.75689e-05, 19.9999
42.83, 9.99993, 1.75442e-05, 19.9999
42.84, 9.99994, 1.75194e-05, 19.9999
42.85, 9.99994, 1.74942e-05, 19.9999
42.86, 9.99994, 1.74687e-05, 19.9999
42.87, 9.99994, 1.7443e-05, 19.9999
42.88, 9.99994, 1.7417e-05, 19.9999
42.89, 9.99994, 1.73907e-05, 19.9999
42.9, 9.99994, 1.73641e-05, 19.9999
42.91, 9.99994, 1.73372e-05, 19.9999
42.92, 9.99994, 1.731e-05, 19.9999
42.93, 9.99994, 1.72825e-05, 19.9999
42.94, 9.99994, 1.72547e-05, 19.9999
42.95, 9.99994, 1.72266e-05, 19.9999
42.96, 9.99994, 1.71982e-05, 19.9999
42.97, 9.99994, 1.71695e-05, 19.9999
42.98, 9.99994, 1.71404e-05, 19.9999
42.99, 9.99994, 1.7111e-05, 19.9999
43, 9.99994, 1.70813e-05, 19.9999
43.01, 9.99994, 1.70513e-05, 19.9999
43.02, 9.99994, 1.70209e-05, 19.9999
43.03, 9.99994, 1.69902e-05, 19.9999
43.04, 9.99994, 1.69592e-05, 19.9999
43.05, 9.99994, 1.69278e-05, 19.9999
43.06, 9.99994, 1.68962e-05, 19.9999
43.07, 9.99994, 1.68641e-05, 19.9999
43.08, 9.99994, 1.68318e-05, 19.9999
43.09, 9.99994, 1.67991e-05, 19.9999
43.1, 9.99994, 1.67661e-05, 19.9999
43.11, 9.99994, 1.67327e-05, 19.9999
43.12, 9.99994, 1.6699e-05, 19.9999
43.13, 9.99994, 1.6665e-05, 19.9999
43.14, 9.99994, 1.66306e-05, 19.9999
43.15, 9.99994, 1.65959e-05, 19.9999
43.16, 9.99994, 1.65609e-05, 19.9999
43.17, 9.99994, 1.65256e-05, 19.9999
43.18, 9.99994, 1.64899e-05, 19.9999
43.19, 9.99994, 1.64538e-05, 19.9999
43.2, 9.99994, 1.64175e-05, 19.9999
43.21, 9.99994, 1.63808e-05, 19.9999
43.22, 9.99994, 1.63438e-05, 19.9999
43.23, 9.99994, 1.63064e-05, 19.9999
43.24, 9.99994, 1.62688e-05, 19.9999
43.25, 9.99994, 1.62308e-05, 19.9999
43.26, 9.99994, 1.61925e-05, 19.9999
43.27, 9.99994, 1.61539e-05, 19.9999
43.28, 9.99994, 1.6115e-05, 19.9999
43.29, 9.99994, 1.60757e-05, 19.9999
43.3, 9.99994, 1.60362e-05, 19.9999
43.31, 9.99994, 1.59963e-05, 19.9999
43.32, 9.99994, 1.59562e-05, 19.9999
43.33, 9.99994, 1.59157e-05, 19.9999
43.34, 9.99994, 1.58749e-05, 19.9999
43.35, 9.99994, 1.58339e-05, 19.9999
43.36, 9.99994, 1.57925e-05, 19.9999
43.37, 9.99994, 1.57509e-05, 19.9999
43.38, 9.99994, 1.5709e-05, 19.9999
43.39, 9.99994, 1.56668e-05, 19.9999
43.4, 9.99994, 1.56244e-05, 19.9999
43.41, 9.99994, 1.55816e-05, 19.9999
43.42, 9.99994, 1.55386e-05, 19.9999
43.43, 9.99994, 1.54954e-05, 19.9999
43.44, 9.99995, 1.54519e-05, 19.9999
43.45, 9.99995, 1.54081e-05, 19.9999
43.46, 9.99995, 1.53641e-05, 19.9999
43.47, 9.99995, 1.53198e-05, 19.9999
43.48, 9.99995, 1.52753e-05, 19.9999
43.49, 9.99995, 1.52306e-05, 19.9999
43.5, 9.99995, 1.51856e-05, 19.9999
43.51, 9.99995, 1.51405e-05, 19.9999
43.52, 9.99995, 1.50951e-05, 19.9999
43.53, 9.99995, 1.50494e-05, 19.9999
43.54, 9.99995, 1.50036e-05, 19.9999
43.55, 9.99995, 1.49576e-05, 19.9999
43.56, 9.99995, 1.49114e-05, 19.9999
43.57, 9.99995, 1.4865e-05, 19.9999
43.58, 9.99995, 1.48184e-05, 19.9999
43.59, 9.99995, 1.47716e-05, 19.9999
43.6, 9.99995, 1.47246e-05, 19.9999
43.61, 9.99995, 1.46775e-05, 19.9999
43.62, 9.99995, 1.46302e-05, 19.9999
43.63, 9.99995, 1.45828e-05, 19.9999
43.64, 9.99995, 1.45352e-05, 19.9999
43.65, 9.99995, 1.44875e-05, 19.9999
43.66, 9.99995, 1.44396e-05, 19.9999
43.67, 9.99995, 1.43916e-05, 19.9999
43.68, 9.99995, 1.43434e-05, 19.9999
43.69, 9.99995, 1.42952e-05, 19.9999
43.7, 9.99995, 1.42468e-05, 19.9999
43.71, 9.99995, 1.41983e-05, 19.9999
43.72, 9.99995, 1.41497e-05, 19.9999
43.73, 9.99995, 1.41011e-05, 19.9999
43.74, 9.99995, 1.40523e-05, 19.9999
43.75, 9.99995, 1.40035e-05, 19.9999
43.76, 9.99995, 1.39545e-05, 19.9999
43.77, 9.99995, 1.39055e-05, 19.9999
43.78, 9.99995, 1.38565e-05, 19.9999
43.79, 9.99995, 1.38074e-05, 19.9999
43.8, 9.99995, 1.37582e-05, 19.9999
43.81, 9.99995, 1.3709e-05, 19.9999
43.82, 9.99995, 1.36598e-05, 19.9999
43.83, 9.99995, 1.36105e-05, 19.9999
43.84, 9.99995, 1.35612e-05, 19.9999
43.85, 9.99995, 1.35119e-05, 19.9999
43.86, 9.99995, 1.34625e-05, 19.9999
43.87, 9.99995, 1.34132e-05, 19.9999
43.88, 9.99995, 1.33638e-05, 19.9999
43.89, 9.99995, 1.33145e-05, 19.9999
43.9, 9.99995, 1.32652e-05, 19.9999
43.91, 9.99995, 1.32159e-05, 19.9999
43.92, 9.99995, 1.31666e-05, 19.9999
43.93, 9.99995, 1.31174e-05, 19.9999
43.94, 9.99995, 1.30682e-05, 19.9999
43.95, 9.99995, 1.3019e-05, 19.9999
43.96, 9.99995, 1.29699e-05, 19.9999
43.97, 9.99995, 1.29208e-05, 19.9999
43.98, 9.99995, 1.28719e-05, 19.9999
43.99, 9.99995, 1.28229e-05, 19.9999
44, 9.99995, 1.27741e-05, 19.9999
44.01, 9.99995, 1.27253e-05, 19.9999
44.02, 9.99995, 1.26767e-05, 19.9999
44.03, 9.99995, 1.26281e-05, 19.9999
44.04, 9.99995, 1.25796e-05, 19.9999
44.05, 9.99995, 1.25312e-05, 19.9999
44.06, 9.99995, 1.2483e-05, 19.9999
44.07, 9.99995, 1.24348e-05, 19.9999
44.08, 9.99995, 1.23868e-05, 19.9999
44.09, 9.99995, 1.23389e-05, 19.9999
44.1, 9.99995, 1.22911e-05, 19.9999
44.11, 9.99995, 1.22435e-05, 19.9999
44.12, 9.99995, 1.2196e-05, 19.9999
44.13, 9.99995, 1.21487e-05, 19.9999
44.14, 9.99995, 1.21015e-05, 19.9999
44.15, 9.99995, 1.20545e-05, 19.9999
44.16, 9.99995, 1.20076e-05, 19.9999
44.17, 9.99996, 1.19609e-05, 19.9999
44.18, 9.99996, 1.19144e-05, 19.9999
44.19, 9.99996, 1.18681e-05, 19.9999
44.2, 9.99996, 1.18219e-05, 19.9999
44.21, 9.99996, 1.1776e-05, 19.9999
44.22, 9.99996, 1.17302e-05, 19.9999
44.23, 9.99996, 1.16846e-05, 19.9999
44.24, 9.99996, 1.16393e-05, 19.9999
44.25, 9.99996, 1.15941e-05, 19.9999
44.26, 9.99996, 1.15492e-05, 19.9999
44.27, 9.99996, 1.15045e-05, 19.9999
44.28, 9.99996, 1.146e-05, 19.9999
44.29, 9.99996, 1.14157e-05, 19.9999
44.3, 9.99996, 1.13717e-05, 19.9999
44.31, 9.99996, 1.13278e-05, 19.9999
44.32, 9.99996, 1.12843e-05, 19.9999
44.33, 9.99996, 1.12409e-05, 19.9999
44.34, 9.99996, 1.11978e-05, 19.9999
44.35, 9.99996, 1.1155e-05, 19.9999
44.36, 9.99996, 1.11124e-05, 19.9999
44.37, 9.99996, 1.10701e-05, 19.9999
44.38, 9.99996, 1.1028e-05, 19.9999
44.39, 9.99996, 1.09862e-05, 19.9999
44.4, 9.99996, 1.09446e-05, 19.9999
44.41, 9.99996, 1.09034e-05, 19.9999
44.42, 9.99996, 1.08623e-05, 19.9999
44.43, 9.99996, 1.08216e-05, 19.9999
44.44, 9.99996, 1.07811e-05, 19.9999
44.45, 9.99996, 1.0741e-05, 19.9999
44.46, 9.99996, 1.07011e-05, 19.9999
44.47, 9.99996, 1.06614e-05, 19.9999
44.48, 9.99996, 1.06221e-05, 19.9999
44.49, 9.99996, 1.05831e-05, 19.9999
44.5, 9.99996, 1.05443e-05, 19.9999
44.51, 9.99996, 1.05058e-05, 19.9999
44.52, 9.99996, 1.04677e-05, 19.9999
44.53, 9.99996, 1.04298e-05, 19.9999
44.54, 9.99996, 1.03922e-05, 19.9999
44.55, 9.99996, 1.0355e-05, 19.9999
44.56, 9.99996, 1.0318e-05, 19.9999
44.57, 9.99996, 1.02813e-05, 19.9999
44.58, 9.99996, 1.0245e-05, 19.9999
44.59, 9.99996, 1.02089e-05, 19.9999
44.6, 9.99996, 1.01732e-05, 19.9999
44.61, 9.99996, 1.01377e-05, 19.9999
44.62, 9.99996, 1.01026e-05, 19.9999
44.63, 9.99996, 1.00677e-05, 19.9999
44.64, 9.99996, 1.00332e-05, 19.9999
44.65, 9.99996, 9.99903e-06, 19.9999
44.66, 9.99996, 9.96514e-06, 19.9999
44.67, 9.99996, 9.93156e-06, 19.9999
44.68, 9.99996, 9.89829e-06, 19.9999
44.69, 9.99996, 9.86533e-06, 19.9999
44.7, 9.99996, 9.83269e-06, 19.9999
44.71, 9.99996, 9.80036e-06, 19.9999
44.72, 9.99996, 9.76834e-06, 19.9999
44.73, 9.99996, 9.73664e-06, 19.9999
44.74, 9.99996, 9.70525e-06, 19.9999
44.75, 9.99996, 9.67417e-06, 19.9999
44.76, 9.99996, 9.6434e-06, 19.9999
44.77, 9.99996, 9.61294e-06, 19.9999
44.78, 9.99996, 9.5828e-06, 19.9999
44.79, 9.99996, 9.55297e-06, 19.9999
44.8, 9.99996, 9.52344e-06, 19.9999
44.81, 9.99996, 9.49423e-06, 19.9999
44.82, 9.99996, 9.46532e-06, 19.9999
44.83, 9.99996, 9.43672e-06, 19.9999
44.84, 9.99996, 9.40842e-06, 19.9999
44.85, 9.99996, 9.38043e-06, 19.9999
44.86, 9.99996, 9.35275e-06, 19.9999
44.87, 9.99996, 9.32536e-06, 19.9999
44.88, 9.99996, 9.29828e-06, 19.9999
44.89, 9.99996, 9.2715e-06, 19.9999
44.9, 9.99996, 9.24501e-06, 19.9999
44.91, 9.99996, 9.21882e-06, 19.9999
44.92, 9.99996, 9.19293e-06, 19.9999
44.93, 9.99996, 9.16732e-06, 19.9999
44.94, 9.99996, 9.14201e-06, 19.9999
44.95, 9.99996, 9.11699e-06, 19.9999
44.96, 9.99996, 9.09225e-06, 19.9999
44.97, 9.99996, 9.0678e-06, 19.9999
44.98, 9.99996, 9.04363e-06, 19.9999
44.99, 9.99996, 9.01974e-06, 19.9999
45, 9.99996, 8.99613e-06, 19.9999
45.01, 9.99996, 8.9728e-06, 19.9999
45.02, 9.99996, 8.94974e-06, 19.9999
45.03, 9.99996, 8.92695e-06, 19.9999
45.04, 9.99996, 8.90443e-06, 19.9999
45.05, 9.99996, 8.88218e-06, 19.9999
45.06, 9.99996, 8.86018e-06, 19.9999
45.07, 9.99996, 8.83845e-06, 19.9999
45.08, 9.99996, 8.81698e-06, 19.9999
45.09, 9.99996, 8.79576e-06, 19.9999
45.1, 9.99996, 8.7748e-06, 19.9999
45.11, 9.99996, 8.75408e-06, 19.9999
45.12, 9.99996, 8.73361e-06, 19.9999
45.13, 9.99996, 8.71338e-06, 19.9999
45.14, 9.99996, 8.6934e-06, 19.9999
45.15, 9.99996, 8.67365e-06, 19.9999
45.16, 9.99997, 8.65413e-06, 19.9999
45.17, 9.99997, 8.63485e-06, 19.9999
45.18, 9.99997, 8.61579e-06, 19.9999
45.19, 9.99997, 8.59696e-06, 19.9999
45.2, 9.99997, 8.57835e-06, 19.9999
45.21, 9.99997, 8.55995e-06, 19.9999
45.22, 9.99997, 8.54177e-06, 19.9999
45.23, 9.99997, 8.5238e-06, 19.9999
45.24, 9.99997, 8.50604e-06, 19.9999
45.25, 9.99997, 8.48848e-06, 19.9999
45.26, 9.99997, 8.47113e-06, 19.9999
45.27, 9.99997, 8.45397e-06, 19.9999
45.28, 9.99997, 8.437e-06, 19.9999
45.29, 9.99997, 8.42022e-06, 19.9999
45.3, 9.99997, 8.40363e-06, 19.9999
45.31, 9.99997, 8.38722e-06, 19.9999
45.32, 9.99997, 8.371e-06, 19.9999
45.33, 9.99997, 8.35494e-06, 19.9999
45.34, 9.99997, 8.33906e-06, 19.9999
45.35, 9.99997, 8.32334e-06, 19.9999
45.36, 9.99997, 8.30779e-06, 19.9999
45.37, 9.99997, 8.2924e-06, 19.9999
45.38, 9.99997, 8.27717e-06, 19.9999
45.39, 9.99997, 8.26209e-06, 19.9999
45.4, 9.99997, 8.24716e-06, 19.9999
45.41, 9.99997, 8.23237e-06, 19.9999
45.42, 9.99997, 8.21773e-06, 19.9999
45.43, 9.99997, 8.20322e-06, 19.9999
45.44, 9.99997, 8.18885e-06, 19.9999
45.45, 9.99997, 8.17461e-06, 19.9999
45.46, 9.99997, 8.16049e-06, 19.9999
45.47, 9.99997, 8.1465e-06, 19.9999
45.48, 9.99997, 8.13262e-06, 19.9999
45.49, 9.99997, 8.11886e-06, 19.9999
45.5, 9.99997, 8.10521e-06, 19.9999
45.51, 9.99997, 8.09167e-06, 19.9999
45.52, 9.99997, 8.07824e-06, 19.9999
45.53, 9.99997, 8.0649e-06, 19.9999
45.54, 9.99997, 8.05166e-06, 19.9999
45.55, 9.99997, 8.03852e-06, 19.9999
45.56, 9.99997, 8.02546e-06, 19.9999
45.57, 9.99997, 8.01249e-06, 19.9999
45.58, 9.99997, 7.99959e-06, 19.9999
45.59, 9.99997, 7.98678e-06, 19.9999
45.6, 9.99997, 7.97404e-06, 19.9999
45.61, 9.99997, 7.96137e-06, 19.9999
45.62, 9.99997, 7.94877e-06, 19.9999
45.63, 9.99997, 7.93624e-06, 19.9999
45.64, 9.99997, 7.92376e-06, 19.9999
45.65, 9.99997, 7.91134e-06, 19.9999
45.66, 9.99997, 7.89897e-06, 19.9999
45.67, 9.99997, 7.88665e-06, 19.9999
45.68, 9.99997, 7.87438e-06, 19.9999
45.69, 9.99997, 7.86215e-06, 19.9999
45.7, 9.99997, 7.84996e-06, 19.9999
45.71, 9.99997, 7.8378e-06, 19.9999
45.72, 9.99997, 7.82568e-06, 19.9999
45.73, 9.99997, 7.81358e-06, 19.9999
45.74, 9.99997, 7.80152e-06, 19.9999
45.75, 9.99997, 7.78947e-06, 19.9999
45.76, 9.99997, 7.77745e-06, 19.9999
45.77, 9.99997, 7.76544e-06, 19.9999
45.78, 9.99997, 7.75344e-06, 19.9999
45.79, 9.99997, 7.74145e-06, 19.9999
45.8, 9.99997, 7.72948e-06, 19.9999
45.81, 9.99997, 7.7175e-06, 19.9999
45.82, 9.99997, 7.70553e-06, 19.9999
45.83, 9.99997, 7.69355e-06, 19.9999
45.84, 9.99997, 7.68157e-06, 19.9999
45.85, 9.99997, 7.66958e-06, 19.9999
45.86, 9.99997, 7.65758e-06, 19.9999
45.87, 9.99997, 7.64557e-06, 19.9999
45.88, 9.99997, 7.63354e-06, 19.9999
45.89, 9.99997, 7.6215e-06, 19.9999
45.9, 9.99997, 7.60943e-06, 19.9999
45.91, 9.99997, 7.59734e-06, 19.9999
45.92, 9.99997, 7.58522e-06, 19.9999
45.93, 9.99997, 7.57308e-06, 19.9999
45.94, 9.99997, 7.5609e-06, 19.9999
45.95, 9.99997, 7.54869e-06, 19.9999
45.96, 9.99997, 7.53644e-06, 19.9999
45.97, 9.99997, 7.52416e-06, 19.9999
45.98, 9.99997, 7.51183e-06, 19.9999
45.99, 9.99997, 7.49947e-06, 19.9999
46, 9.99997, 7.48706e-06, 19.9999
46.01, 9.99997, 7.4746e-06, 19.9999
46.02, 9.99997, 7.46209e-06, 20
46.03, 9.99997, 7.44953e-06, 20
46.04, 9.99997, 7.43692e-06, 20
46.05, 9.99997, 7.42426e-06, 20
46.06, 9.99997, 7.41153e-06, 20
46.07, 9.99997, 7.39875e-06, 20
46.08, 9.99997, 7.38591e-06, 20
46.09, 9.99997, 7.37301e-06, 20
46.1, 9.99997, 7.36005e-06, 20
46.11, 9.99997, 7.34702e-06, 20
46.12, 9.99997, 7.33393e-06, 20
46.13, 9.99997, 7.32076e-06, 20
46.14, 9.99997, 7.30753e-06, 20
46.15, 9.99997, 7.29423e-06, 20
46.16, 9.99997, 7.28086e-06, 20
46.17, 9.99997, 7.26741e-06, 20
46.18, 9.99997, 7.25389e-06, 20
46.19, 9.99997, 7.2403e-06, 20
46.2, 9.99997, 7.22663e-06, 20
46.21, 9.99997, 7.21288e-06, 20
46.22, 9.99997, 7.19906e-06, 20
46.23, 9.99997, 7.18515e-06, 20
46.24, 9.99997, 7.17117e-06, 20
46.25, 9.99997, 7.1571e-06, 20
46.26, 9.99997, 7.14296e-06, 20
46.27, 9.99997, 7.12873e-06, 20
46.28, 9.99997, 7.11442e-06, 20
46.29, 9.99997, 7.10003e-06, 20
46.3, 9.99997, 7.08555e-06, 20
46.31, 9.99997, 7.07099e-06, 20
46.32, 9.99997, 7.05635e-06, 20
46.33, 9.99997, 7.04162e-06, 20
46.34, 9.99997, 7.0268e-06, 20
46.35, 9.99997, 7.0119e-06, 20
46.36, 9.99997, 6.99692e-06, 20
46.37, 9.99997, 6.98184e-06, 20
46.38, 9.99997, 6.96669e-06, 20
46.39, 9.99997, 6.95144e-06, 20
46.4, 9.99997, 6.93612e-06, 20
46.41, 9.99997, 6.9207e-06, 20
46.42, 9.99997, 6.9052e-06, 20
46.43, 9.99997, 6.88961e-06, 20
46.44, 9.99997, 6.87394e-06, 20
46.45, 9.99997, 6.85819e-06, 20
46.46, 9.99998, 6.84235e-06, 20
46.47, 9.99998, 6.82642e-06, 20
46.48, 9.99998, 6.81041e-06, 20
46.49, 9.99998, 6.79432e-06, 20
46.5, 9.99998, 6.77814e-06, 20
46.51, 9.99998, 6.76188e-06, 20
46.52, 9.99998, 6.74554e-06, 20
46.53, 9.99998, 6.72912e-06, 20
46.54, 9.99998, 6.71262e-06, 20
46.55, 9.99998, 6.69603e-06, 20
46.56, 9.99998, 6.67937e-06, 20
46.57, 9.99998, 6.66263e-06, 20
46.58, 9.99998, 6.64581e-06, 20
46.59, 9.99998, 6.62892e-06, 20
46.6, 9.99998, 6.61194e-06, 20
46.61, 9.99998, 6.5949e-06, 20
46.62, 9.99998, 6.57778e-06, 20
46.63, 9.99998, 6.56058e-06, 20
46.64, 9.99998, 6.54332e-06, 20
46.65, 9.99998, 6.52598e-06, 20
46.66, 9.99998, 6.50857e-06, 20
46.67, 9.99998, 6.4911e-06, 20
46.68, 9.99998, 6.47356e-06, 20
46.69, 9.99998, 6.45595e-06, 20
46.7, 9.99998, 6.43827e-06, 20
46.71, 9.99998, 6.42053e-06, 20
46.72, 9.99998, 6.40273e-06, 20
46.73, 9.99998, 6.38487e-06, 20
46.74, 9.99998, 6.36695e-06, 20
46.75, 9.99998, 6.34897e-06, 20
46.76, 9.99998, 6.33094e-06, 20
46.77, 9.99998, 6.31285e-06, 20
46.78, 9.99998, 6.2947e-06, 20
46.79, 9.99998, 6.2765e-06, 20
46.8, 9.99998, 6.25825e-06, 20
46.81, 9.99998, 6.23996e-06, 20
46.82, 9.99998, 6.22161e-06, 20
46.83, 9.99998, 6.20322e-06, 20
46.84, 9.99998, 6.18478e-06, 20
46.85, 9.99998, 6.1663e-06, 20
46.86, 9.99998, 6.14778e-06, 20
46.87, 9.99998, 6.12922e-06, 20
46.88, 9.99998, 6.11062e-06, 20
46.89, 9.99998, 6.09199e-06, 20
46.9, 9.99998, 6.07332e-06, 20
46.91, 9.99998, 6.05461e-06, 20
46.92, 9.99998, 6.03588e-06, 20
46.93, 9.99998, 6.01712e-06, 20
46.94, 9.99998, 5.99833e-06, 20
46.95, 9.99998, 5.97951e-06, 20
46.96, 9.99998, 5.96067e-06, 20
46.97, 9.99998, 5.94181e-06, 20
46.98, 9.99998, 5.92293e-06, 20
46.99, 9.99998, 5.90403e-06, 20
47, 9.99998, 5.88511e-06, 20
47.01, 9.99998, 5.86618e-06, 20
47.02, 9.99998, 5.84724e-06, 20
47.03, 9.99998, 5.82828e-06, 20
47.04, 9.99998, 5.80932e-06, 20
47.05, 9.99998, 5.79035e-06, 20
47.06, 9.99998, 5.77137e-06, 20
47.07, 9.99998, 5.75239e-06, 20
47.08, 9.99998, 5.73341e-06, 20
47.09, 9.99998, 5.71443e-06, 20
47.1, 9.99998, 5.69545e-06, 20
47.11, 9.99998, 5.67647e-06, 20
47.12, 9.99998, 5.6575e-06, 20
47.13, 9.99998, 5.63854e-06, 20
47.14, 9.99998, 5.61959e-06, 20
47.15, 9.99998, 5.60065e-06, 20
47.16, 9.99998, 5.58172e-06, 20
47.17, 9.99998, 5.56281e-06, 20
47.18, 9.99998, 5.54391e-06, 20
47.19, 9.99998, 5.52503e-06, 20
47.2, 9.99998, 5.50618e-06, 20
47.21, 9.99998, 5.48735e-06, 20
47.22, 9.99998, 5.46854e-06, 20
47.23, 9.99998, 5.44975e-06, 20
47.24, 9.99998, 5.431e-06, 20
47.25, 9.99998, 5.41227e-06, 20
47.26, 9.99998, 5.39358e-06, 20
47.27, 9.99998, 5.37492e-06, 20
47.28, 9.99998, 5.3563e-06, 20
47.29, 9.99998, 5.33771e-06, 20
47.3, 9.99998, 5.31916e-06, 20
47.31, 9.99998, 5.30065e-06, 20
47.32, 9.99998, 5.28218e-06, 20
47.33, 9.99998, 5.26376e-06, 20
47.34, 9.99998, 5.24538e-06, 20
47.35, 9.99998, 5.22705e-06, 20
47.36, 9.99998, 5.20876e-06, 20
47.37, 9.99998, 5.19053e-06, 20
47.38, 9.99998, 5.17235e-06, 20
47.39, 9.99998, 5.15422e-06, 20
47.4, 9.99998, 5.13615e-06, 20
47.41, 9.99998, 5.11813e-06, 20
47.42, 9.99998, 5.10017e-06, 20
47.43, 9.99998, 5.08228e-06, 20
47.44, 9.99998, 5.06444e-06, 20
47.45, 9.99998, 5.04666e-06, 20
47.46, 9.99998, 5.02895e-06, 20
47.47, 9.99998, 5.01131e-06, 20
47.48, 9.99998, 4.99373e-06, 20
47.49, 9.99998, 4.97622e-06, 20
47.5, 9.99998, 4.95878e-06, 20
47.51, 9.99998, 4.9414e-06, 20
47.52, 9.99998, 4.92411e-06, 20
47.53, 9.99998, 4.90688e-06, 20
47.54, 9.99998, 4.88973e-06, 20
47.55, 9.99998, 4.87266e-06, 20
47.56, 9.99998, 4.85566e-06, 20
47.57, 9.99998, 4.83874e-06, 20
47.58, 9.99998, 4.8219e-06, 20
47.59, 9.99998, 4.80514e-06, 20
47.6, 9.99998, 4.78846e-06, 20
47.61, 9.99998, 4.77186e-06, 20
47.62, 9.99998, 4.75535e-06, 20
47.63, 9.99998, 4.73892e-06, 20
47.64, 9.99998, 4.72258e-06, 20
47.65, 9.99998, 4.70633e-06, 20
47.66, 9.99998, 4.69016e-06, 20
47.67, 9.99998, 4.67408e-06, 20
47.68, 9.99998, 4.65809e-06, 20
47.69, 9.99998, 4.64219e-06, 20
47.7, 9.99998, 4.62638e-06, 20
47.71, 9.99998, 4.61066e-06, 20
47.72, 9.99998, 4.59504e-06, 20
47.73, 9.99998, 4.57951e-06, 20
47.74, 9.99998, 4.56407e-06, 20
47.75, 9.99998, 4.54873e-06, 20
47.76, 9.99998, 4.53348e-06, 20
47.77, 9.99998, 4.51833e-06, 20
47.78, 9.99998, 4.50328e-06, 20
47.79, 9.99998, 4.48832e-06, 20
47.8, 9.99998, 4.47346e-06, 20
47.81, 9.99998, 4.4587e-06, 20
47.82, 9.99998, 4.44403e-06, 20
47.83, 9.99998, 4.42947e-06, 20
47.84, 9.99998, 4.415e-06, 20
47.85, 9.99998, 4.40064e-06, 20
47.86, 9.99998, 4.38637e-06, 20
47.87, 9.99998, 4.3722e-06, 20
47.88, 9.99998, 4.35814e-06, 20
47.89, 9.99998, 4.34418e-06, 20
47.9, 9.99998, 4.33031e-06, 20
47.91, 9.99998, 4.31655e-06, 20
47.92, 9.99998, 4.30289e-06, 20
47.93, 9.99998, 4.28933e-06, 20
47.94, 9.99998, 4.27588e-06, 20
47.95, 9.99998, 4.26252e-06, 20
47.96, 9.99998, 4.24927e-06, 20
47.97, 9.99998, 4.23612e-06, 20
47.98, 9.99998, 4.22307e-06, 20
47.99, 9.99998, 4.21013e-06, 20
48, 9.99998, 4.19728e-06, 20
48.01, 9.99998, 4.18454e-06, 20
48.02, 9.99998, 4.1719e-06, 20
48.03, 9.99998, 4.15936e-06, 20
48.04, 9.99998, 4.14692e-06, 20
48.05, 9.99998, 4.13459e-06, 20
48.06, 9.99998, 4.12235e-06, 20
48.07, 9.99998, 4.11022e-06, 20
48.08, 9.99998, 4.09818e-06, 20
48.09, 9.99998, 4.08625e-06, 20
48.1, 9.99998, 4.07441e-06, 20
48.11, 9.99998, 4.06268e-06, 20
48.12, 9.99998, 4.05105e-06, 20
48.13, 9.99998, 4.03951e-06, 20
48.14, 9.99998, 4.02807e-06, 20
48.15, 9.99998, 4.01673e-06, 20
48.16, 9.99998, 4.00549e-06, 20
48.17, 9.99998, 3.99434e-06, 20
48.18, 9.99998, 3.9833e-06, 20
48.19, 9.99998, 3.97234e-06, 20
48.2, 9.99998, 3.96149e-06, 20
48.21, 9.99998, 3.95072e-06, 20
48.22, 9.99998, 3.94006e-06, 20
48.23, 9.99998, 3.92948e-06, 20
48.24, 9.99998, 3.919e-06, 20
48.25, 9.99998, 3.90861e-06, 20
48.26, 9.99998, 3.89831e-06, 20
48.27, 9.99998, 3.88811e-06, 20
48.28, 9.99998, 3.87799e-06, 20
48.29, 9.99998, 3.86797e-06, 20
48.3, 9.99998, 3.85803e-06, 20
48.31, 9.99998, 3.84818e-06, 20
48.32, 9.99998, 3.83842e-06, 20
48.33, 9.99998, 3.82874e-06, 20
48.34, 9.99998, 3.81915e-06, 20
48.35, 9.99998, 3.80965e-06, 20
48.36, 9.99998, 3.80022e-06, 20
48.37, 9.99998, 3.79089e-06, 20
48.38, 9.99998, 3.78163e-06, 20
48.39, 9.99999, 3.77245e-06, 20
48.4, 9.99999, 3.76336e-06, 20
48.41, 9.99999, 3.75434e-06, 20
48.42, 9.99999, 3.74541e-06, 20
48.43, 9.99999, 3.73655e-06, 20
48.44, 9.99999, 3.72777e-06, 20
48.45, 9.99999, 3.71906e-06, 20
48.46, 9.99999, 3.71043e-06, 20
48.47, 9.99999, 3.70187e-06, 20
48.48, 9.99999, 3.69338e-06, 20
48.49, 9.99999, 3.68497e-06, 20
48.5, 9.99999, 3.67662e-06, 20
48.51, 9.99999, 3.66835e-06, 20
48.52, 9.99999, 3.66014e-06, 20
48.53, 9.99999, 3.652e-06, 20
48.54, 9.99999, 3.64393e-06, 20
48.55, 9.99999, 3.63592e-06, 20
48.56, 9.99999, 3.62798e-06, 20
48.57, 9.99999, 3.6201e-06, 20
48.58, 9.99999, 3.61228e-06, 20
48.59, 9.99999, 3.60452e-06, 20
48.6, 9.99999, 3.59682e-06, 20
48.61, 9.99999, 3.58919e-06, 20
48.62, 9.99999, 3.5816e-06, 20
48.63, 9.99999, 3.57408e-06, 20
48.64, 9.99999, 3.56661e-06, 20
48.65, 9.99999, 3.55919e-06, 20
48.66, 9.99999, 3.55183e-06, 20
48.67, 9.99999, 3.54452e-06, 20
48.68, 9.99999, 3.53726e-06, 20
48.69, 9.99999, 3.53005e-06, 20
48.7, 9.99999, 3.52288e-06, 20
48.71, 9.99999, 3.51577e-06, 20
48.72, 9.99999, 3.5087e-06, 20
48.73, 9.99999, 3.50167e-06, 20
48.74, 9.99999, 3.49469e-06, 20
48.75, 9.99999, 3.48775e-06, 20
48.76, 9.99999, 3.48086e-06, 20
48.77, 9.99999, 3.474e-06, 20
48.78, 9.99999, 3.46719e-06, 20
48.79, 9.99999, 3.46041e-06, 20
48.8, 9.99999, 3.45367e-06, 20
48.81, 9.99999, 3.44696e-06, 20
48.82, 9.99999, 3.44029e-06, 20
48.83, 9.99999, 3.43365e-06, 20
48.84, 9.99999, 3.42705e-06, 20
48.85, 9.99999, 3.42048e-06, 20
48.86, 9.99999, 3.41393e-06, 20
48.87, 9.99999, 3.40742e-06, 20
48.88, 9.99999, 3.40093e-06, 20
48.89, 9.99999, 3.39448e-06, 20
48.9, 9.99999, 3.38804e-06, 20
48.91, 9.99999, 3.38164e-06, 20
48.92, 9.99999, 3.37525e-06, 20
48.93, 9.99999, 3.36889e-06, 20
48.94, 9.99999, 3.36255e-06, 20
48.95, 9.99999, 3.35623e-06, 20
48.96, 9.99999, 3.34993e-06, 20
48.97, 9.99999, 3.34365e-06, 20
48.98, 9.99999, 3.33739e-06, 20
48.99, 9.99999, 3.33114e-06, 20
49, 9.99999, 3.32491e-06, 20
49.01, 9.99999, 3.3187e-06, 20
49.02, 9.99999, 3.31249e-06, 20
49.03, 9.99999, 3.3063e-06, 20
49.04, 9.99999, 3.30013e-06, 20
49.05, 9.99999, 3.29396e-06, 20
49.06, 9.99999, 3.2878e-06, 20
49.07, 9.99999, 3.28165e-06, 20
49.08, 9.99999, 3.27551e-06, 20
49.09, 9.99999, 3.26938e-06, 20
49.1, 9.99999, 3.26325e-06, 20
49.11, 9.99999, 3.25713e-06, 20
49.12, 9.99999, 3.25101e-06, 20
49.13, 9.99999, 3.2449e-06, 20
49.14, 9.99999, 3.23878e-06, 20
49.15, 9.99999, 3.23267e-06, 20
49.16, 9.99999, 3.22657e-06, 20
49.17, 9.99999, 3.22046e-06, 20
49.18, 9.99999, 3.21435e-06, 20
49.19, 9.99999, 3.20824e-06, 20
49.2, 9.99999, 3.20213e-06, 20
49.21, 9.99999, 3.19601e-06, 20
49.22, 9.99999, 3.1899e-06, 20
49.23, 9.99999, 3.18377e-06, 20
49.24, 9.99999, 3.17765e-06, 20
49.25, 9.99999, 3.17152e-06, 20
49.26, 9.99999, 3.16538e-06, 20
49.27, 9.99999, 3.15923e-06, 20
49.28, 9.99999, 3.15308e-06, 20
49.29, 9.99999, 3.14692e-06, 20
49.3, 9.99999, 3.14075e-06, 20
49.31, 9.99999, 3.13457e-06, 20
49.32, 9.99999, 3.12838e-06, 20
49.33, 9.99999, 3.12218e-06, 20
49.34, 9.99999, 3.11597e-06, 20
49.35, 9.99999, 3.10975e-06, 20
49.36, 9.99999, 3.10352e-06, 20
49.37, 9.99999, 3.09727e-06, 20
49.38, 9.99999, 3.09102e-06, 20
49.39, 9.99999, 3.08474e-06, 20
49.4, 9.99999, 3.07846e-06, 20
49.41, 9.99999, 3.07216e-06, 20
49.42, 9.99999, 3.06584e-06, 20
49.43, 9.99999, 3.05951e-06, 20
49.44, 9.99999, 3.05317e-06, 20
49.45, 9.99999, 3.04681e-06, 20
49.46, 9.99999, 3.04043e-06, 20
49.47, 9.99999, 3.03404e-06, 20
49.48, 9.99999, 3.02763e-06, 20
49.49, 9.99999, 3.0212e-06, 20
49.5, 9.99999, 3.01476e-06, 20
49.51, 9.99999, 3.00829e-06, 20
49.52, 9.99999, 3.00181e-06, 20
49.53, 9.99999, 2.99531e-06, 20
49.54, 9.99999, 2.9888e-06, 20
49.55, 9.99999, 2.98226e-06, 20
49.56, 9.99999, 2.97571e-06, 20
49.57, 9.99999, 2.96914e-06, 20
49.58, 9.99999, 2.96255e-06, 20
49.59, 9.99999, 2.95594e-06, 20
49.6, 9.99999, 2.94931e-06, 20
49.61, 9.99999, 2.94266e-06, 20
49.62, 9.99999, 2.93599e-06, 20
49.63, 9.99999, 2.9293e-06, 20
49.64, 9.99999, 2.92259e-06, 20
49.65, 9.99999, 2.91586e-06, 20
49.66, 9.99999, 2.90912e-06, 20
49.67, 9.99999, 2.90235e-06, 20
49.68, 9.99999, 2.89556e-06, 20
49.69, 9.99999, 2.88876e-06, 20
49.7, 9.99999, 2.88193e-06, 20
49.71, 9.99999, 2.87509e-06, 20
49.72, 9.99999, 2.86822e-06, 20
49.73, 9.99999, 2.86134e-06, 20
49.74, 9.99999, 2.85443e-06, 20
49.75, 9.99999, 2.84751e-06, 20
49.76, 9.99999, 2.84057e-06, 20
49.77, 9.99999, 2.83361e-06, 20
49.78, 9.99999, 2.82663e-06, 20
49.79, 9.99999, 2.81963e-06, 20
49.8, 9.99999, 2.81261e-06, 20
49.81, 9.99999, 2.80558e-06, 20
49.82, 9.99999, 2.79852e-06, 20
49.83, 9.99999, 2.79145e-06, 20
49.84, 9.99999, 2.78436e-06, 20
49.85, 9.99999, 2.77726e-06, 20
49.86, 9.99999, 2.77013e-06, 20
49.87, 9.99999, 2.76299e-06, 20
49.88, 9.99999, 2.75583e-06, 20
49.89, 9.99999, 2.74866e-06, 20
49.9, 9.99999, 2.74147e-06, 20
49.91, 9.99999, 2.73426e-06, 20
49.92, 9.99999, 2.72704e-06, 20
49.93, 9.99999, 2.7198e-06, 20
49.94, 9.99999, 2.71255e-06, 20
49.95, 9.99999, 2.70528e-06, 20
49.96, 9.99999, 2.698e-06, 20
49.97, 9.99999, 2.6907e-06, 20
49.98, 9.99999, 2.68339e-06, 20
49.99, 9.99999, 2.67607e-06, 20
50, 9.99999, 2.66874e-06, 20