========================================
Experiment: PID Controller + Point Mass
========================================

Simulation Parameters
---------------------
Target Position : 10.0 m
Simulation Time : 30.0 s
Time Step (dt) : 0.01 s

Controller
----------
Kp : 2.0
Ki : 1.0
Kd : 2.0

Plant
-----
Mass : 1.0 kg

Observed Results
----------------
- Position converges to the target.
- The steps become shorter and shorter
- Maximum observed position: 10
- PID control is very stabe for spring mass damper

Logs
----
time,position,velocity,controller_output
0, 0, 0, 20.1
0.01, 0.00201, 0.201, 19.794
0.02, 0.0059994, 0.39894, 19.49
0.03, 0.0119378, 0.59384, 19.1882
0.04, 0.019795, 0.785722, 18.8886
0.05, 0.0295411, 0.974608, 18.591
0.06, 0.0411463, 1.16052, 18.2956
0.07, 0.054581, 1.34347, 18.0022
0.08, 0.069816, 1.5235, 17.711
0.09, 0.0868221, 1.70061, 17.4219
0.1, 0.10557, 1.87483, 17.1349
0.11, 0.126032, 2.04618, 16.8501
0.12, 0.148179, 2.21468, 16.5673
0.13, 0.171982, 2.38035, 16.2866
0.14, 0.197414, 2.54321, 16.008
0.15, 0.224447, 2.70329, 15.7316
0.16, 0.253054, 2.86061, 15.4572
0.17, 0.283205, 3.01518, 15.1849
0.18, 0.314876, 3.16703, 14.9147
0.19, 0.348037, 3.31618, 14.6466
0.2, 0.382664, 3.46264, 14.3806
0.21, 0.418728, 3.60645, 14.1167
0.22, 0.456205, 3.74762, 13.8548
0.23, 0.495066, 3.88617, 13.5951
0.24, 0.535287, 4.02212, 13.3374
0.25, 0.576842, 4.15549, 13.0817
0.26, 0.619705, 4.28631, 12.8282
0.27, 0.663851, 4.41459, 12.5767
0.28, 0.709255, 4.54036, 12.3273
0.29, 0.755891, 4.66363, 12.0799
0.3, 0.803735, 4.78443, 11.8346
0.31, 0.852763, 4.90277, 11.5913
0.32, 0.90295, 5.01869, 11.3501
0.33, 0.954272, 5.13219, 11.1109
0.34, 1.0067, 5.2433, 10.8737
0.35, 1.06023, 5.35203, 10.6386
0.36, 1.11481, 5.45842, 10.4055
0.37, 1.17043, 5.56247, 10.1744
0.38, 1.22708, 5.66422, 9.9454
0.39, 1.28471, 5.76367, 9.71837
0.4, 1.34332, 5.86086, 9.49336
0.41, 1.40288, 5.95579, 9.27034
0.42, 1.46336, 6.04849, 9.04933
0.43, 1.52475, 6.13899, 8.83032
0.44, 1.58703, 6.22729, 8.6133
0.45, 1.65016, 6.31342, 8.39826
0.46, 1.71414, 6.39741, 8.18521
0.47, 1.77893, 6.47926, 7.97413
0.48, 1.84452, 6.559, 7.76502
0.49, 1.91088, 6.63665, 7.55788
0.5, 1.97801, 6.71223, 7.3527
0.51, 2.04586, 6.78575, 7.14947
0.52, 2.11444, 6.85725, 6.94819
0.53, 2.1837, 6.92673, 6.74885
0.54, 2.25365, 6.99422, 6.55146
0.55, 2.32424, 7.05973, 6.35599
0.56, 2.39548, 7.12329, 6.16245
0.57, 2.46733, 7.18492, 5.97083
0.58, 2.53977, 7.24463, 5.78112
0.59, 2.6128, 7.30244, 5.59332
0.6, 2.68638, 7.35837, 5.40742
0.61, 2.7605, 7.41245, 5.22342
0.62, 2.83515, 7.46468, 5.04131
0.63, 2.9103, 7.51509, 4.86108
0.64, 2.98594, 7.5637, 4.68272
0.65, 3.06204, 7.61053, 4.50624
0.66, 3.1386, 7.65559, 4.33161
0.67, 3.21559, 7.69891, 4.15885
0.68, 3.29299, 7.7405, 3.98793
0.69, 3.3708, 7.78038, 3.81886
0.7, 3.44898, 7.81857, 3.65162
0.71, 3.52753, 7.85508, 3.48621
0.72, 3.60643, 7.88994, 3.32262
0.73, 3.68567, 7.92317, 3.16085
0.74, 3.76521, 7.95478, 3.00088
0.75, 3.84506, 7.98479, 2.84272
0.76, 3.92519, 8.01321, 2.68635
0.77, 4.00559, 8.04008, 2.53177
0.78, 4.08625, 8.0654, 2.37896
0.79, 4.16714, 8.08919, 2.22793
0.8, 4.24826, 8.11146, 2.07866
0.81, 4.32958, 8.13225, 1.93114
0.82, 4.41109, 8.15156, 1.78538
0.83, 4.49279, 8.16942, 1.64135
0.84, 4.57465, 8.18583, 1.49906
0.85, 4.65665, 8.20082, 1.3585
0.86, 4.7388, 8.21441, 1.21965
0.87, 4.82106, 8.2266, 1.08252
0.88, 4.90344, 8.23743, 0.947083
0.89, 4.98591, 8.2469, 0.813345
0.9, 5.06846, 8.25503, 0.681293
0.91, 5.15108, 8.26184, 0.550919
0.92, 5.23375, 8.26735, 0.422216
0.93, 5.31647, 8.27158, 0.295176
0.94, 5.39921, 8.27453, 0.169789
0.95, 5.48197, 8.27623, 0.0460494
0.96, 5.56474, 8.27669, -0.0760527
0.97, 5.6475, 8.27593, -0.196525
0.98, 5.73024, 8.27396, -0.315376
0.99, 5.81295, 8.27081, -0.432614
1, 5.89561, 8.26648, -0.548248
1.01, 5.97822, 8.261, -0.662285
1.02, 6.06077, 8.25437, -0.774734
1.03, 6.14323, 8.24663, -0.885605
1.04, 6.22561, 8.23777, -0.994904
1.05, 6.30789, 8.22782, -1.10264
1.06, 6.39006, 8.2168, -1.20882
1.07, 6.4721, 8.20471, -1.31346
1.08, 6.55402, 8.19157, -1.41657
1.09, 6.63579, 8.17741, -1.51814
1.1, 6.71741, 8.16223, -1.6182
1.11, 6.79887, 8.14604, -1.71674
1.12, 6.88016, 8.12888, -1.81379
1.13, 6.96127, 8.11074, -1.90934
1.14, 7.04219, 8.09165, -2.00341
1.15, 7.1229, 8.07161, -2.096
1.16, 7.20341, 8.05065, -2.18713
1.17, 7.2837, 8.02878, -2.2768
1.18, 7.36376, 8.00601, -2.36502
1.19, 7.44358, 7.98236, -2.4518
1.2, 7.52316, 7.95784, -2.53715
1.21, 7.60248, 7.93247, -2.62108
1.22, 7.68155, 7.90626, -2.7036
1.23, 7.76034, 7.87923, -2.78472
1.24, 7.83885, 7.85138, -2.86444
1.25, 7.91708, 7.82273, -2.94278
1.26, 7.99501, 7.79331, -3.01974
1.27, 8.07264, 7.76311, -3.09533
1.28, 8.14997, 7.73216, -3.16957
1.29, 8.22697, 7.70046, -3.24246
1.3, 8.30365, 7.66804, -3.314
1.31, 8.38, 7.6349, -3.38422
1.32, 8.45601, 7.60105, -3.45312
1.33, 8.53168, 7.56652, -3.5207
1.34, 8.60699, 7.53131, -3.58699
1.35, 8.68194, 7.49544, -3.65197
1.36, 8.75653, 7.45893, -3.71568
1.37, 8.83075, 7.42177, -3.77811
1.38, 8.90459, 7.38399, -3.83927
1.39, 8.97805, 7.34559, -3.89918
1.4, 9.05111, 7.3066, -3.95784
1.41, 9.12378, 7.26702, -4.01526
1.42, 9.19605, 7.22687, -4.07145
1.43, 9.26791, 7.18616, -4.12643
1.44, 9.33936, 7.14489, -4.18019
1.45, 9.41039, 7.10309, -4.23275
1.46, 9.481, 7.06076, -4.28412
1.47, 9.55118, 7.01792, -4.33431
1.48, 9.62093, 6.97458, -4.38332
1.49, 9.69023, 6.93075, -4.43117
1.5, 9.7591, 6.88643, -4.47787
1.51, 9.82751, 6.84166, -4.52342
1.52, 9.89548, 6.79642, -4.56784
1.53, 9.96299, 6.75074, -4.61112
1.54, 10.03, 6.70463, -4.65329
1.55, 10.0966, 6.6581, -4.69436
1.56, 10.1627, 6.61116, -4.73432
1.57, 10.2284, 6.56381, -4.77319
1.58, 10.2935, 6.51608, -4.81099
1.59, 10.3582, 6.46797, -4.84771
1.6, 10.4224, 6.41949, -4.88337
1.61, 10.4861, 6.37066, -4.91797
1.62, 10.5493, 6.32148, -4.95154
1.63, 10.612, 6.27196, -4.98407
1.64, 10.6743, 6.22212, -5.01557
1.65, 10.736, 6.17197, -5.04606
1.66, 10.7972, 6.12151, -5.07554
1.67, 10.8579, 6.07075, -5.10402
1.68, 10.9181, 6.01971, -5.13152
1.69, 10.9778, 5.9684, -5.15803
1.7, 11.037, 5.91682, -5.18358
1.71, 11.0956, 5.86498, -5.20816
1.72, 11.1537, 5.8129, -5.23179
1.73, 11.2113, 5.76058, -5.25448
1.74, 11.2684, 5.70804, -5.27624
1.75, 11.325, 5.65527, -5.29707
1.76, 11.381, 5.6023, -5.31698
1.77, 11.4365, 5.54913, -5.33599
1.78, 11.4914, 5.49577, -5.3541
1.79, 11.5459, 5.44223, -5.37132
1.8, 11.5997, 5.38852, -5.38766
1.81, 11.6531, 5.33464, -5.40313
1.82, 11.7059, 5.28061, -5.41774
1.83, 11.7582, 5.22643, -5.4315
1.84, 11.8099, 5.17212, -5.44441
1.85, 11.8611, 5.11767, -5.45649
1.86, 11.9117, 5.06311, -5.46774
1.87, 11.9618, 5.00843, -5.47817
1.88, 12.0113, 4.95365, -5.48779
1.89, 12.0603, 4.89877, -5.49661
1.9, 12.1087, 4.84381, -5.50464
1.91, 12.1566, 4.78876, -5.51189
1.92, 12.204, 4.73364, -5.51837
1.93, 12.2508, 4.67846, -5.52408
1.94, 12.297, 4.62322, -5.52903
1.95, 12.3427, 4.56793, -5.53323
1.96, 12.3878, 4.51259, -5.5367
1.97, 12.4324, 4.45723, -5.53943
1.98, 12.4764, 4.40183, -5.54144
1.99, 12.5198, 4.34642, -5.54274
2, 12.5628, 4.29099, -5.54334
2.01, 12.6051, 4.23556, -5.54323
2.02, 12.6469, 4.18013, -5.54244
2.03, 12.6882, 4.1247, -5.54096
2.04, 12.7288, 4.06929, -5.53882
2.05, 12.769, 4.0139, -5.53601
2.06, 12.8086, 3.95854, -5.53255
2.07, 12.8476, 3.90322, -5.52844
2.08, 12.8861, 3.84793, -5.52369
2.09, 12.924, 3.7927, -5.51831
2.1, 12.9614, 3.73751, -5.51231
2.11, 12.9982, 3.68239, -5.50569
2.12, 13.0345, 3.62733, -5.49847
2.13, 13.0702, 3.57235, -5.49065
2.14, 13.1054, 3.51744, -5.48224
2.15, 13.14, 3.46262, -5.47324
2.16, 13.1741, 3.40789, -5.46368
2.17, 13.2076, 3.35325, -5.45355
2.18, 13.2406, 3.29872, -5.44286
2.19, 13.273, 3.24429, -5.43161
2.2, 13.3049, 3.18997, -5.41983
2.21, 13.3363, 3.13577, -5.40751
2.22, 13.3671, 3.0817, -5.39467
2.23, 13.3974, 3.02775, -5.3813
2.24, 13.4271, 2.97394, -5.36743
2.25, 13.4563, 2.92026, -5.35305
2.26, 13.485, 2.86673, -5.33817
2.27, 13.5131, 2.81335, -5.32281
2.28, 13.5407, 2.76012, -5.30696
2.29, 13.5678, 2.70705, -5.29064
2.3, 13.5944, 2.65415, -5.27385
2.31, 13.6204, 2.60141, -5.25661
2.32, 13.6459, 2.54884, -5.23891
2.33, 13.6708, 2.49645, -5.22077
2.34, 13.6953, 2.44425, -5.20219
2.35, 13.7192, 2.39222, -5.18319
2.36, 13.7426, 2.34039, -5.16376
2.37, 13.7655, 2.28875, -5.14391
2.38, 13.7879, 2.23731, -5.12366
2.39, 13.8097, 2.18608, -5.103
2.4, 13.8311, 2.13505, -5.08195
2.41, 13.8519, 2.08423, -5.06052
2.42, 13.8722, 2.03362, -5.0387
2.43, 13.8921, 1.98324, -5.01652
2.44, 13.9114, 1.93307, -4.99396
2.45, 13.9302, 1.88313, -4.97105
2.46, 13.9486, 1.83342, -4.94778
2.47, 13.9664, 1.78394, -4.92417
2.48, 13.9838, 1.7347, -4.90021
2.49, 14.0006, 1.6857, -4.87593
2.5, 14.017, 1.63694, -4.85132
2.51, 14.0329, 1.58843, -4.82639
2.52, 14.0483, 1.54016, -4.80115
2.53, 14.0632, 1.49215, -4.7756
2.54, 14.0776, 1.4444, -4.74975
2.55, 14.0916, 1.3969, -4.72361
2.56, 14.1051, 1.34966, -4.69719
2.57, 14.1181, 1.30269, -4.67048
2.58, 14.1307, 1.25599, -4.64349
2.59, 14.1428, 1.20955, -4.61624
2.6, 14.1544, 1.16339, -4.58873
2.61, 14.1656, 1.1175, -4.56096
2.62, 14.1763, 1.07189, -4.53294
2.63, 14.1866, 1.02656, -4.50468
2.64, 14.1964, 0.981515, -4.47618
2.65, 14.2058, 0.936753, -4.44745
2.66, 14.2147, 0.892279, -4.41849
2.67, 14.2232, 0.848094, -4.38932
2.68, 14.2312, 0.8042, -4.35993
2.69, 14.2388, 0.760601, -4.33033
2.7, 14.246, 0.717298, -4.30053
2.71, 14.2527, 0.674293, -4.27053
2.72, 14.259, 0.631587, -4.24034
2.73, 14.2649, 0.589184, -4.20997
2.74, 14.2704, 0.547084, -4.17941
2.75, 14.2755, 0.50529, -4.14869
2.76, 14.2801, 0.463803, -4.11779
2.77, 14.2843, 0.422625, -4.08673
2.78, 14.2881, 0.381758, -4.05551
2.79, 14.2916, 0.341203, -4.02414
2.8, 14.2946, 0.300961, -3.99262
2.81, 14.2972, 0.261035, -3.96096
2.82, 14.2994, 0.221426, -3.92917
2.83, 14.3012, 0.182134, -3.89724
2.84, 14.3026, 0.143162, -3.86518
2.85, 14.3037, 0.10451, -3.83301
2.86, 14.3043, 0.0661797, -3.80071
2.87, 14.3046, 0.0281725, -3.76831
2.88, 14.3045, -0.00951055, -3.7358
2.89, 14.3041, -0.0468685, -3.70319
2.9, 14.3032, -0.0839004, -3.67048
2.91, 14.302, -0.120605, -3.63767
2.92, 14.3005, -0.156982, -3.60479
2.93, 14.2985, -0.19303, -3.57181
2.94, 14.2962, -0.228748, -3.53877
2.95, 14.2936, -0.264136, -3.50564
2.96, 14.2906, -0.299192, -3.47245
2.97, 14.2873, -0.333916, -3.4392
2.98, 14.2836, -0.368308, -3.40588
2.99, 14.2796, -0.402367, -3.37251
3, 14.2752, -0.436092, -3.33909
3.01, 14.2705, -0.469483, -3.30563
3.02, 14.2655, -0.50254, -3.27212
3.03, 14.2601, -0.535261, -3.23857
3.04, 14.2544, -0.567647, -3.20499
3.05, 14.2484, -0.599697, -3.17138
3.06, 14.2421, -0.63141, -3.13775
3.07, 14.2355, -0.662788, -3.10409
3.08, 14.2286, -0.693829, -3.07042
3.09, 14.2213, -0.724533, -3.03673
3.1, 14.2138, -0.7549, -3.00304
3.11, 14.2059, -0.784931, -2.96934
3.12, 14.1978, -0.814624, -2.93564
3.13, 14.1893, -0.84398, -2.90194
3.14, 14.1806, -0.873, -2.86825
3.15, 14.1716, -0.901682, -2.83456
3.16, 14.1623, -0.930028, -2.80089
3.17, 14.1527, -0.958037, -2.76724
3.18, 14.1429, -0.985709, -2.73361
3.19, 14.1327, -1.01305, -2.70001
3.2, 14.1223, -1.04005, -2.66643
3.21, 14.1117, -1.06671, -2.63288
3.22, 14.1007, -1.09304, -2.59937
3.23, 14.0895, -1.11903, -2.5659
3.24, 14.0781, -1.14469, -2.53247
3.25, 14.0664, -1.17002, -2.49908
3.26, 14.0544, -1.19501, -2.46574
3.27, 14.0422, -1.21966, -2.43246
3.28, 14.0298, -1.24399, -2.39923
3.29, 14.0171, -1.26798, -2.36605
3.3, 14.0042, -1.29164, -2.33294
3.31, 13.9911, -1.31497, -2.29989
3.32, 13.9777, -1.33797, -2.26691
3.33, 13.9641, -1.36064, -2.234
3.34, 13.9502, -1.38298, -2.20117
3.35, 13.9362, -1.40499, -2.16841
3.36, 13.9219, -1.42667, -2.13572
3.37, 13.9074, -1.44803, -2.10312
3.38, 13.8928, -1.46906, -2.07061
3.39, 13.8779, -1.48977, -2.03818
3.4, 13.8628, -1.51015, -2.00584
3.41, 13.8474, -1.53021, -1.97359
3.42, 13.8319, -1.54995, -1.94144
3.43, 13.8163, -1.56936, -1.90939
3.44, 13.8004, -1.58845, -1.87743
3.45, 13.7843, -1.60723, -1.84558
3.46, 13.768, -1.62568, -1.81384
3.47, 13.7516, -1.64382, -1.7822
3.48, 13.735, -1.66164, -1.75067
3.49, 13.7182, -1.67915, -1.71926
3.5, 13.7012, -1.69634, -1.68796
3.51, 13.6841, -1.71322, -1.65678
3.52, 13.6668, -1.72979, -1.62571
3.53, 13.6493, -1.74605, -1.59477
3.54, 13.6317, -1.762, -1.56395
3.55, 13.6139, -1.77764, -1.53326
3.56, 13.596, -1.79297, -1.5027
3.57, 13.5779, -1.808, -1.47226
3.58, 13.5597, -1.82272, -1.44196
3.59, 13.5413, -1.83714, -1.41179
3.6, 13.5228, -1.85126, -1.38176
3.61, 13.5042, -1.86507, -1.35186
3.62, 13.4854, -1.87859, -1.32211
3.63, 13.4665, -1.89181, -1.2925
3.64, 13.4474, -1.90474, -1.26302
3.65, 13.4282, -1.91737, -1.2337
3.66, 13.409, -1.9297, -1.20452
3.67, 13.3895, -1.94175, -1.17549
3.68, 13.37, -1.9535, -1.14661
3.69, 13.3503, -1.96497, -1.11788
3.7, 13.3306, -1.97615, -1.08931
3.71, 13.3107, -1.98704, -1.06089
3.72, 13.2907, -1.99765, -1.03262
3.73, 13.2707, -2.00798, -1.00452
3.74, 13.2505, -2.01802, -0.976573
3.75, 13.2302, -2.02779, -0.948788
3.76, 13.2098, -2.03728, -0.921165
3.77, 13.1894, -2.04649, -0.893706
3.78, 13.1688, -2.05543, -0.866411
3.79, 13.1482, -2.06409, -0.839283
3.8, 13.1274, -2.07248, -0.812322
3.81, 13.1066, -2.08061, -0.78553
3.82, 13.0858, -2.08846, -0.758908
3.83, 13.0648, -2.09605, -0.732456
3.84, 13.0438, -2.10337, -0.706177
3.85, 13.0227, -2.11044, -0.680072
3.86, 13.0015, -2.11724, -0.65414
3.87, 12.9802, -2.12378, -0.628384
3.88, 12.9589, -2.13006, -0.602805
3.89, 12.9376, -2.13609, -0.577403
3.9, 12.9162, -2.14186, -0.552179
3.91, 12.8947, -2.14739, -0.527135
3.92, 12.8732, -2.15266, -0.502271
3.93, 12.8516, -2.15768, -0.477588
3.94, 12.83, -2.16246, -0.453086
3.95, 12.8083, -2.16699, -0.428768
3.96, 12.7866, -2.17127, -0.404633
3.97, 12.7648, -2.17532, -0.380682
3.98, 12.743, -2.17913, -0.356916
3.99, 12.7212, -2.1827, -0.333336
4, 12.6994, -2.18603, -0.309942
4.01, 12.6775, -2.18913, -0.286735
4.02, 12.6555, -2.192, -0.263716
4.03, 12.6336, -2.19463, -0.240885
4.04, 12.6116, -2.19704, -0.218243
4.05, 12.5896, -2.19923, -0.19579
4.06, 12.5676, -2.20118, -0.173526
4.07, 12.5456, -2.20292, -0.151453
4.08, 12.5235, -2.20443, -0.129571
4.09, 12.5015, -2.20573, -0.10788
4.1, 12.4794, -2.20681, -0.0863803
4.11, 12.4573, -2.20767, -0.0650727
4.12, 12.4353, -2.20832, -0.0439574
4.13, 12.4132, -2.20876, -0.0230347
4.14, 12.3911, -2.20899, -0.002305
4.15, 12.369, -2.20902, 0.0182315
4.16, 12.3469, -2.20883, 0.0385745
4.17, 12.3248, -2.20845, 0.0587238
4.18, 12.3027, -2.20786, 0.0786791
4.19, 12.2807, -2.20707, 0.0984403
4.2, 12.2586, -2.20609, 0.118007
4.21, 12.2366, -2.20491, 0.13738
4.22, 12.2145, -2.20353, 0.156557
4.23, 12.1925, -2.20197, 0.175541
4.24, 12.1705, -2.20021, 0.194329
4.25, 12.1485, -2.19827, 0.212923
4.26, 12.1266, -2.19614, 0.231322
4.27, 12.1046, -2.19383, 0.249525
4.28, 12.0827, -2.19133, 0.267535
4.29, 12.0608, -2.18866, 0.285349
4.3, 12.039, -2.1858, 0.302968
4.31, 12.0171, -2.18277, 0.320393
4.32, 11.9953, -2.17957, 0.337623
4.33, 11.9736, -2.17619, 0.354659
4.34, 11.9519, -2.17265, 0.3715
4.35, 11.9302, -2.16893, 0.388147
4.36, 11.9085, -2.16505, 0.4046
4.37, 11.8869, -2.16101, 0.420859
4.38, 11.8653, -2.1568, 0.436925
4.39, 11.8438, -2.15243, 0.452797
4.4, 11.8223, -2.1479, 0.468475
4.41, 11.8009, -2.14321, 0.483961
4.42, 11.7795, -2.13838, 0.499254
4.43, 11.7582, -2.13338, 0.514355
4.44, 11.7369, -2.12824, 0.529264
4.45, 11.7157, -2.12295, 0.543981
4.46, 11.6945, -2.11751, 0.558506
4.47, 11.6734, -2.11192, 0.572841
4.48, 11.6523, -2.10619, 0.586985
4.49, 11.6313, -2.10032, 0.600939
4.5, 11.6104, -2.09431, 0.614702
4.51, 11.5895, -2.08817, 0.628277
4.52, 11.5687, -2.08188, 0.641662
4.53, 11.5479, -2.07547, 0.654859
4.54, 11.5272, -2.06892, 0.667868
4.55, 11.5066, -2.06224, 0.68069
4.56, 11.486, -2.05543, 0.693324
4.57, 11.4656, -2.0485, 0.705772
4.58, 11.4451, -2.04144, 0.718034
4.59, 11.4248, -2.03426, 0.730111
4.6, 11.4045, -2.02696, 0.742002
4.61, 11.3843, -2.01954, 0.75371
4.62, 11.3642, -2.012, 0.765234
4.63, 11.3442, -2.00435, 0.776574
4.64, 11.3242, -1.99659, 0.787732
4.65, 11.3043, -1.98871, 0.798709
4.66, 11.2845, -1.98072, 0.809504
4.67, 11.2648, -1.97263, 0.820118
4.68, 11.2451, -1.96442, 0.830553
4.69, 11.2256, -1.95612, 0.840809
4.7, 11.2061, -1.94771, 0.850886
4.71, 11.1867, -1.9392, 0.860785
4.72, 11.1674, -1.93059, 0.870507
4.73, 11.1482, -1.92189, 0.880053
4.74, 11.1291, -1.91309, 0.889423
4.75, 11.11, -1.90419, 0.898618
4.76, 11.0911, -1.89521, 0.907639
4.77, 11.0722, -1.88613, 0.916487
4.78, 11.0534, -1.87697, 0.925162
4.79, 11.0348, -1.86772, 0.933666
4.8, 11.0162, -1.85838, 0.941999
4.81, 10.9977, -1.84896, 0.950161
4.82, 10.9793, -1.83946, 0.958154
4.83, 10.961, -1.82988, 0.965979
4.84, 10.9428, -1.82022, 0.973636
4.85, 10.9247, -1.81048, 0.981126
4.86, 10.9067, -1.80067, 0.98845
4.87, 10.8888, -1.79078, 0.995609
4.88, 10.871, -1.78083, 1.0026
4.89, 10.8532, -1.7708, 1.00944
4.9, 10.8356, -1.76071, 1.0161
4.91, 10.8181, -1.75055, 1.02261
4.92, 10.8007, -1.74032, 1.02896
4.93, 10.7834, -1.73003, 1.03515
4.94, 10.7662, -1.71968, 1.04117
4.95, 10.7491, -1.70927, 1.04704
4.96, 10.7322, -1.6988, 1.05276
4.97, 10.7153, -1.68827, 1.05832
4.98, 10.6985, -1.67769, 1.06372
4.99, 10.6818, -1.66705, 1.06897
5, 10.6653, -1.65636, 1.07406
5.01, 10.6488, -1.64562, 1.079
5.02, 10.6325, -1.63483, 1.0838
5.03, 10.6162, -1.62399, 1.08844
5.04, 10.6001, -1.61311, 1.09293
5.05, 10.5841, -1.60218, 1.09727
5.06, 10.5682, -1.5912, 1.10147
5.07, 10.5524, -1.58019, 1.10552
5.08, 10.5367, -1.56913, 1.10943
5.09, 10.5211, -1.55804, 1.11319
5.1, 10.5056, -1.54691, 1.11681
5.11, 10.4903, -1.53574, 1.12028
5.12, 10.475, -1.52454, 1.12362
5.13, 10.4599, -1.5133, 1.12681
5.14, 10.4449, -1.50203, 1.12987
5.15, 10.4299, -1.49073, 1.13279
5.16, 10.4152, -1.47941, 1.13557
5.17, 10.4005, -1.46805, 1.13821
5.18, 10.3859, -1.45667, 1.14072
5.19, 10.3715, -1.44526, 1.1431
5.2, 10.3571, -1.43383, 1.14534
5.21, 10.3429, -1.42238, 1.14746
5.22, 10.3288, -1.4109, 1.14944
5.23, 10.3148, -1.39941, 1.15129
5.24, 10.3009, -1.3879, 1.15301
5.25, 10.2871, -1.37637, 1.15461
5.26, 10.2735, -1.36482, 1.15608
5.27, 10.26, -1.35326, 1.15742
5.28, 10.2465, -1.34168, 1.15864
5.29, 10.2332, -1.3301, 1.15974
5.3, 10.2201, -1.3185, 1.16071
5.31, 10.207, -1.30689, 1.16156
5.32, 10.194, -1.29528, 1.1623
5.33, 10.1812, -1.28365, 1.16291
5.34, 10.1685, -1.27203, 1.16341
5.35, 10.1559, -1.26039, 1.16379
5.36, 10.1434, -1.24875, 1.16406
5.37, 10.131, -1.23711, 1.16421
5.38, 10.1188, -1.22547, 1.16425
5.39, 10.1066, -1.21383, 1.16417
5.4, 10.0946, -1.20219, 1.16399
5.41, 10.0827, -1.19055, 1.16369
5.42, 10.0709, -1.17891, 1.16328
5.43, 10.0592, -1.16728, 1.16277
5.44, 10.0477, -1.15565, 1.16215
5.45, 10.0362, -1.14403, 1.16143
5.46, 10.0249, -1.13241, 1.1606
5.47, 10.0137, -1.12081, 1.15967
5.48, 10.0026, -1.10921, 1.15863
5.49, 9.99164, -1.09762, 1.15749
5.5, 9.98078, -1.08605, 1.15626
5.51, 9.97004, -1.07449, 1.15492
5.52, 9.95941, -1.06294, 1.15349
5.53, 9.94889, -1.0514, 1.15196
5.54, 9.93849, -1.03988, 1.15033
5.55, 9.92821, -1.02838, 1.14861
5.56, 9.91804, -1.01689, 1.14679
5.57, 9.90799, -1.00543, 1.14489
5.58, 9.89805, -0.993977, 1.14289
5.59, 9.88822, -0.982548, 1.1408
5.6, 9.87851, -0.97114, 1.13862
5.61, 9.86891, -0.959754, 1.13636
5.62, 9.85943, -0.948391, 1.134
5.63, 9.85006, -0.937051, 1.13156
5.64, 9.8408, -0.925735, 1.12904
5.65, 9.83166, -0.914445, 1.12643
5.66, 9.82262, -0.90318, 1.12374
5.67, 9.8137, -0.891943, 1.12096
5.68, 9.8049, -0.880733, 1.11811
5.69, 9.7962, -0.869552, 1.11518
5.7, 9.78762, -0.8584, 1.11217
5.71, 9.77915, -0.847279, 1.10908
5.72, 9.77078, -0.836188, 1.10591
5.73, 9.76253, -0.825129, 1.10267
5.74, 9.75439, -0.814102, 1.09936
5.75, 9.74636, -0.803109, 1.09597
5.76, 9.73844, -0.792149, 1.09251
5.77, 9.73063, -0.781224, 1.08897
5.78, 9.72292, -0.770334, 1.08537
5.79, 9.71533, -0.75948, 1.0817
5.8, 9.70784, -0.748663, 1.07796
5.81, 9.70046, -0.737884, 1.07416
5.82, 9.69319, -0.727142, 1.07028
5.83, 9.68603, -0.716439, 1.06635
5.84, 9.67897, -0.705776, 1.06235
5.85, 9.67202, -0.695152, 1.05828
5.86, 9.66517, -0.68457, 1.05416
5.87, 9.65843, -0.674028, 1.04997
5.88, 9.6518, -0.663528, 1.04572
5.89, 9.64527, -0.653071, 1.04142
5.9, 9.63884, -0.642657, 1.03705
5.91, 9.63252, -0.632287, 1.03263
5.92, 9.6263, -0.62196, 1.02816
5.93, 9.62018, -0.611679, 1.02362
5.94, 9.61417, -0.601442, 1.01904
5.95, 9.60825, -0.591252, 1.0144
5.96, 9.60244, -0.581108, 1.00971
5.97, 9.59673, -0.571011, 1.00497
5.98, 9.59112, -0.560961, 1.00018
5.99, 9.58561, -0.550959, 0.995337
6, 9.5802, -0.541006, 0.990449
6.01, 9.57489, -0.531102, 0.985513
6.02, 9.56968, -0.521246, 0.980531
6.03, 9.56456, -0.511441, 0.975503
6.04, 9.55955, -0.501686, 0.970431
6.05, 9.55463, -0.491982, 0.965316
6.06, 9.5498, -0.482329, 0.960158
6.07, 9.54508, -0.472727, 0.954959
6.08, 9.54045, -0.463177, 0.949719
6.09, 9.53591, -0.45368, 0.944439
6.1, 9.53147, -0.444236, 0.93912
6.11, 9.52712, -0.434845, 0.933763
6.12, 9.52286, -0.425507, 0.92837
6.13, 9.5187, -0.416223, 0.92294
6.14, 9.51463, -0.406994, 0.917475
6.15, 9.51065, -0.397819, 0.911975
6.16, 9.50677, -0.388699, 0.906442
6.17, 9.50297, -0.379635, 0.900876
6.18, 9.49926, -0.370626, 0.895278
6.19, 9.49565, -0.361674, 0.88965
6.2, 9.49212, -0.352777, 0.883991
6.21, 9.48868, -0.343937, 0.878303
6.22, 9.48533, -0.335154, 0.872587
6.23, 9.48206, -0.326428, 0.866843
6.24, 9.47889, -0.31776, 0.861073
6.25, 9.47579, -0.309149, 0.855276
6.26, 9.47279, -0.300596, 0.849455
6.27, 9.46987, -0.292102, 0.843609
6.28, 9.46703, -0.283666, 0.83774
6.29, 9.46428, -0.275288, 0.831848
6.3, 9.46161, -0.26697, 0.825934
6.31, 9.45902, -0.25871, 0.82
6.32, 9.45652, -0.25051, 0.814045
6.33, 9.45409, -0.24237, 0.80807
6.34, 9.45175, -0.234289, 0.802077
6.35, 9.44949, -0.226269, 0.796066
6.36, 9.4473, -0.218308, 0.790038
6.37, 9.4452, -0.210407, 0.783993
6.38, 9.44317, -0.202568, 0.777933
6.39, 9.44123, -0.194788, 0.771858
6.4, 9.43935, -0.18707, 0.765769
6.41, 9.43756, -0.179412, 0.759666
6.42, 9.43584, -0.171815, 0.753551
6.43, 9.4342, -0.16428, 0.747423
6.44, 9.43263, -0.156806, 0.741284
6.45, 9.43114, -0.149393, 0.735135
6.46, 9.42972, -0.142041, 0.728976
6.47, 9.42837, -0.134752, 0.722808
6.48, 9.42709, -0.127523, 0.716631
6.49, 9.42589, -0.120357, 0.710447
6.5, 9.42476, -0.113253, 0.704256
6.51, 9.4237, -0.10621, 0.698058
6.52, 9.4227, -0.0992296, 0.691854
6.53, 9.42178, -0.092311, 0.685645
6.54, 9.42093, -0.0854546, 0.679432
6.55, 9.42014, -0.0786603, 0.673215
6.56, 9.41942, -0.0719281, 0.666995
6.57, 9.41877, -0.0652581, 0.660773
6.58, 9.41818, -0.0586504, 0.654549
6.59, 9.41766, -0.0521049, 0.648323
6.6, 9.4172, -0.0456217, 0.642097
6.61, 9.41681, -0.0392007, 0.635871
6.62, 9.41648, -0.032842, 0.629646
6.63, 9.41622, -0.0265456, 0.623422
6.64, 9.41602, -0.0203113, 0.617199
6.65, 9.41587, -0.0141393, 0.610979
6.66, 9.41579, -0.00802955, 0.604762
6.67, 9.41577, -0.00198193, 0.598549
6.68, 9.41581, 0.00400356, 0.59234
6.69, 9.41591, 0.00992696, 0.586135
6.7, 9.41607, 0.0157883, 0.579936
6.71, 9.41629, 0.0215877, 0.573743
6.72, 9.41656, 0.0273251, 0.567556
6.73, 9.41689, 0.0330007, 0.561376
6.74, 9.41728, 0.0386144, 0.555203
6.75, 9.41772, 0.0441665, 0.549039
6.76, 9.41821, 0.0496568, 0.542883
6.77, 9.41877, 0.0550857, 0.536736
6.78, 9.41937, 0.060453, 0.530598
6.79, 9.42003, 0.065759, 0.524471
6.8, 9.42074, 0.0710037, 0.518354
6.81, 9.4215, 0.0761872, 0.512248
6.82, 9.42231, 0.0813097, 0.506154
6.83, 9.42318, 0.0863713, 0.500072
6.84, 9.42409, 0.091372, 0.494002
6.85, 9.42505, 0.096312, 0.487945
6.86, 9.42606, 0.101191, 0.481902
6.87, 9.42712, 0.10601, 0.475872
6.88, 9.42823, 0.110769, 0.469857
6.89, 9.42939, 0.115468, 0.463857
6.9, 9.43059, 0.120106, 0.457871
6.91, 9.43184, 0.124685, 0.451902
6.92, 9.43313, 0.129204, 0.445949
6.93, 9.43446, 0.133664, 0.440012
6.94, 9.43584, 0.138064, 0.434092
6.95, 9.43727, 0.142405, 0.428189
6.96, 9.43874, 0.146686, 0.422304
6.97, 9.44024, 0.15091, 0.416438
6.98, 9.4418, 0.155074, 0.410589
6.99, 9.44339, 0.15918, 0.40476
7, 9.44502, 0.163227, 0.39895
7.01, 9.44669, 0.167217, 0.39316
7.02, 9.4484, 0.171148, 0.38739
7.03, 9.45015, 0.175022, 0.38164
7.04, 9.45194, 0.178839, 0.375911
7.05, 9.45377, 0.182598, 0.370203
7.06, 9.45563, 0.1863, 0.364517
7.07, 9.45753, 0.189945, 0.358852
7.08, 9.45947, 0.193534, 0.35321
7.09, 9.46144, 0.197066, 0.34759
7.1, 9.46344, 0.200542, 0.341993
7.11, 9.46548, 0.203962, 0.336419
7.12, 9.46755, 0.207326, 0.330869
7.13, 9.46966, 0.210634, 0.325342
7.14, 9.4718, 0.213888, 0.319839
7.15, 9.47397, 0.217086, 0.314361
7.16, 9.47617, 0.22023, 0.308908
7.17, 9.47841, 0.223319, 0.303479
7.18, 9.48067, 0.226354, 0.298076
7.19, 9.48296, 0.229334, 0.292698
7.2, 9.48529, 0.232261, 0.287346
7.21, 9.48764, 0.235135, 0.28202
7.22, 9.49002, 0.237955, 0.27672
7.23, 9.49242, 0.240722, 0.271447
7.24, 9.49486, 0.243437, 0.266201
7.25, 9.49732, 0.246099, 0.260982
7.26, 9.49981, 0.248709, 0.25579
7.27, 9.50232, 0.251266, 0.250625
7.28, 9.50486, 0.253773, 0.245489
7.29, 9.50742, 0.256228, 0.24038
7.3, 9.51, 0.258631, 0.2353
7.31, 9.51261, 0.260984, 0.230248
7.32, 9.51525, 0.263287, 0.225225
7.33, 9.5179, 0.265539, 0.220231
7.34, 9.52058, 0.267741, 0.215265
7.35, 9.52328, 0.269894, 0.21033
7.36, 9.526, 0.271997, 0.205423
7.37, 9.52874, 0.274052, 0.200546
7.38, 9.5315, 0.276057, 0.195699
7.39, 9.53428, 0.278014, 0.190882
7.4, 9.53708, 0.279923, 0.186095
7.41, 9.5399, 0.281784, 0.181338
7.42, 9.54273, 0.283597, 0.176612
7.43, 9.54559, 0.285363, 0.171917
7.44, 9.54846, 0.287083, 0.167252
7.45, 9.55135, 0.288755, 0.162619
7.46, 9.55425, 0.290381, 0.158016
7.47, 9.55717, 0.291961, 0.153445
7.48, 9.5601, 0.293496, 0.148905
7.49, 9.56305, 0.294985, 0.144397
7.5, 9.56602, 0.296429, 0.13992
7.51, 9.569, 0.297828, 0.135475
7.52, 9.57199, 0.299183, 0.131062
7.53, 9.57499, 0.300493, 0.126681
7.54, 9.57801, 0.30176, 0.122332
7.55, 9.58104, 0.302984, 0.118016
7.56, 9.58408, 0.304164, 0.113731
7.57, 9.58714, 0.305301, 0.109479
7.58, 9.5902, 0.306396, 0.10526
7.59, 9.59327, 0.307448, 0.101073
7.6, 9.59636, 0.308459, 0.0969185
7.61, 9.59945, 0.309428, 0.0927971
7.62, 9.60256, 0.310356, 0.0887084
7.63, 9.60567, 0.311243, 0.0846527
7.64, 9.60879, 0.31209, 0.08063
7.65, 9.61192, 0.312896, 0.0766402
7.66, 9.61506, 0.313663, 0.0726836
7.67, 9.6182, 0.314389, 0.0687602
7.68, 9.62135, 0.315077, 0.0648699
7.69, 9.62451, 0.315726, 0.061013
7.7, 9.62767, 0.316336, 0.0571893
7.71, 9.63084, 0.316908, 0.0533989
7.72, 9.63401, 0.317442, 0.049642
7.73, 9.63719, 0.317938, 0.0459184
7.74, 9.64038, 0.318397, 0.0422284
7.75, 9.64357, 0.31882, 0.0385717
7.76, 9.64676, 0.319205, 0.0349486
7.77, 9.64995, 0.319555, 0.031359
7.78, 9.65315, 0.319868, 0.027803
7.79, 9.65635, 0.320147, 0.0242804
7.8, 9.65956, 0.320389, 0.0207915
7.81, 9.66276, 0.320597, 0.0173361
7.82, 9.66597, 0.320771, 0.0139142
7.83, 9.66918, 0.32091, 0.0105259
7.84, 9.67239, 0.321015, 0.00717122
7.85, 9.6756, 0.321087, 0.00385006
7.86, 9.67881, 0.321125, 0.000562428
7.87, 9.68202, 0.321131, -0.00269167
7.88, 9.68523, 0.321104, -0.00591226
7.89, 9.68844, 0.321045, -0.00909936
7.9, 9.69165, 0.320954, -0.012253
7.91, 9.69486, 0.320831, -0.0153732
7.92, 9.69807, 0.320678, -0.01846
7.93, 9.70127, 0.320493, -0.0215134
7.94, 9.70448, 0.320278, -0.0245334
7.95, 9.70768, 0.320032, -0.0275202
7.96, 9.71088, 0.319757, -0.0304737
7.97, 9.71407, 0.319453, -0.033394
7.98, 9.71726, 0.319119, -0.0362811
7.99, 9.72045, 0.318756, -0.039135
8, 9.72363, 0.318364, -0.0419559
8.01, 9.72681, 0.317945, -0.0447438
8.02, 9.72999, 0.317497, -0.0474988
8.03, 9.73316, 0.317022, -0.0502208
8.04, 9.73632, 0.31652, -0.05291
8.05, 9.73948, 0.315991, -0.0555665
8.06, 9.74264, 0.315435, -0.0581902
8.07, 9.74578, 0.314854, -0.0607813
8.08, 9.74893, 0.314246, -0.0633399
8.09, 9.75206, 0.313612, -0.065866
8.1, 9.75519, 0.312954, -0.0683597
8.11, 9.75832, 0.31227, -0.070821
8.12, 9.76143, 0.311562, -0.0732501
8.13, 9.76454, 0.310829, -0.0756471
8.14, 9.76764, 0.310073, -0.078012
8.15, 9.77073, 0.309293, -0.080345
8.16, 9.77382, 0.308489, -0.0826461
8.17, 9.77689, 0.307663, -0.0849153
8.18, 9.77996, 0.306814, -0.0871529
8.19, 9.78302, 0.305942, -0.0893589
8.2, 9.78607, 0.305049, -0.0915335
8.21, 9.78911, 0.304133, -0.0936766
8.22, 9.79215, 0.303197, -0.0957885
8.23, 9.79517, 0.302239, -0.0978691
8.24, 9.79818, 0.30126, -0.0999188
8.25, 9.80118, 0.300261, -0.101937
8.26, 9.80418, 0.299241, -0.103925
8.27, 9.80716, 0.298202, -0.105882
8.28, 9.81013, 0.297143, -0.107809
8.29, 9.81309, 0.296065, -0.109705
8.3, 9.81604, 0.294968, -0.111571
8.31, 9.81898, 0.293852, -0.113406
8.32, 9.82191, 0.292718, -0.115211
8.33, 9.82482, 0.291566, -0.116987
8.34, 9.82773, 0.290396, -0.118732
8.35, 9.83062, 0.289209, -0.120448
8.36, 9.8335, 0.288005, -0.122134
8.37, 9.83637, 0.286783, -0.123791
8.38, 9.83922, 0.285545, -0.125418
8.39, 9.84206, 0.284291, -0.127016
8.4, 9.84489, 0.283021, -0.128585
8.41, 9.84771, 0.281735, -0.130125
8.42, 9.85052, 0.280434, -0.131636
8.43, 9.85331, 0.279118, -0.133119
8.44, 9.85608, 0.277786, -0.134573
8.45, 9.85885, 0.276441, -0.135999
8.46, 9.8616, 0.275081, -0.137397
8.47, 9.86434, 0.273707, -0.138766
8.48, 9.86706, 0.272319, -0.140108
8.49, 9.86977, 0.270918, -0.141422
8.5, 9.87246, 0.269504, -0.142708
8.51, 9.87514, 0.268077, -0.143967
8.52, 9.87781, 0.266637, -0.145198
8.53, 9.88046, 0.265185, -0.146403
8.54, 9.8831, 0.263721, -0.14758
8.55, 9.88572, 0.262245, -0.148731
8.56, 9.88833, 0.260758, -0.149855
8.57, 9.89092, 0.259259, -0.150952
8.58, 9.8935, 0.25775, -0.152023
8.59, 9.89606, 0.25623, -0.153068
8.6, 9.89861, 0.254699, -0.154086
8.61, 9.90114, 0.253158, -0.155079
8.62, 9.90366, 0.251607, -0.156046
8.63, 9.90616, 0.250047, -0.156988
8.64, 9.90864, 0.248477, -0.157904
8.65, 9.91111, 0.246898, -0.158795
8.66, 9.91356, 0.24531, -0.159661
8.67, 9.916, 0.243713, -0.160502
8.68, 9.91842, 0.242108, -0.161318
8.69, 9.92083, 0.240495, -0.16211
8.7, 9.92322, 0.238874, -0.162878
8.71, 9.92559, 0.237245, -0.163621
8.72, 9.92795, 0.235609, -0.16434
8.73, 9.93028, 0.233966, -0.165036
8.74, 9.93261, 0.232315, -0.165707
8.75, 9.93491, 0.230658, -0.166355
8.76, 9.9372, 0.228995, -0.16698
8.77, 9.93948, 0.227325, -0.167582
8.78, 9.94173, 0.225649, -0.168161
8.79, 9.94397, 0.223967, -0.168716
8.8, 9.9462, 0.22228, -0.16925
8.81, 9.9484, 0.220588, -0.16976
8.82, 9.95059, 0.21889, -0.170249
8.83, 9.95276, 0.217188, -0.170715
8.84, 9.95492, 0.21548, -0.17116
8.85, 9.95706, 0.213769, -0.171583
8.86, 9.95918, 0.212053, -0.171984
8.87, 9.96128, 0.210333, -0.172364
8.88, 9.96337, 0.20861, -0.172722
8.89, 9.96543, 0.206882, -0.17306
8.9, 9.96749, 0.205152, -0.173376
8.91, 9.96952, 0.203418, -0.173672
8.92, 9.97154, 0.201681, -0.173948
8.93, 9.97354, 0.199942, -0.174203
8.94, 9.97552, 0.1982, -0.174438
8.95, 9.97748, 0.196455, -0.174653
8.96, 9.97943, 0.194709, -0.174849
8.97, 9.98136, 0.19296, -0.175025
8.98, 9.98327, 0.19121, -0.175181
8.99, 9.98517, 0.189458, -0.175318
9, 9.98704, 0.187705, -0.175437
9.01, 9.9889, 0.185951, -0.175536
9.02, 9.99074, 0.184195, -0.175616
9.03, 9.99257, 0.182439, -0.175679
9.04, 9.99438, 0.180682, -0.175722
9.05, 9.99617, 0.178925, -0.175748
9.06, 9.99794, 0.177168, -0.175756
9.07, 9.99969, 0.17541, -0.175746
9.08, 10.0014, 0.173653, -0.175718
9.09, 10.0031, 0.171896, -0.175673
9.1, 10.0048, 0.170139, -0.175611
9.11, 10.0065, 0.168383, -0.175532
9.12, 10.0082, 0.166627, -0.175436
9.13, 10.0098, 0.164873, -0.175323
9.14, 10.0115, 0.16312, -0.175194
9.15, 10.0131, 0.161368, -0.175048
9.16, 10.0147, 0.159617, -0.174886
9.17, 10.0163, 0.157868, -0.174709
9.18, 10.0178, 0.156121, -0.174515
9.19, 10.0194, 0.154376, -0.174306
9.2, 10.0209, 0.152633, -0.174082
9.21, 10.0224, 0.150892, -0.173842
9.22, 10.0239, 0.149154, -0.173587
9.23, 10.0254, 0.147418, -0.173318
9.24, 10.0268, 0.145685, -0.173033
9.25, 10.0283, 0.143955, -0.172734
9.26, 10.0297, 0.142227, -0.172421
9.27, 10.0311, 0.140503, -0.172094
9.28, 10.0325, 0.138782, -0.171752
9.29, 10.0339, 0.137065, -0.171397
9.3, 10.0352, 0.135351, -0.171028
9.31, 10.0365, 0.13364, -0.170646
9.32, 10.0379, 0.131934, -0.17025
9.33, 10.0392, 0.130231, -0.169842
9.34, 10.0405, 0.128533, -0.16942
9.35, 10.0417, 0.126839, -0.168986
9.36, 10.043, 0.125149, -0.168538
9.37, 10.0442, 0.123463, -0.168079
9.38, 10.0454, 0.121783, -0.167607
9.39, 10.0466, 0.120107, -0.167124
9.4, 10.0478, 0.118435, -0.166628
9.41, 10.049, 0.116769, -0.166121
9.42, 10.0501, 0.115108, -0.165602
9.43, 10.0513, 0.113452, -0.165071
9.44, 10.0524, 0.111801, -0.16453
9.45, 10.0535, 0.110156, -0.163977
9.46, 10.0546, 0.108516, -0.163413
9.47, 10.0556, 0.106882, -0.162839
9.48, 10.0567, 0.105254, -0.162254
9.49, 10.0577, 0.103631, -0.161659
9.5, 10.0587, 0.102014, -0.161054
9.51, 10.0597, 0.100404, -0.160438
9.52, 10.0607, 0.0987995, -0.159813
9.53, 10.0617, 0.0972014, -0.159178
9.54, 10.0627, 0.0956096, -0.158533
9.55, 10.0636, 0.0940243, -0.157879
9.56, 10.0645, 0.0924455, -0.157215
9.57, 10.0654, 0.0908734, -0.156543
9.58, 10.0663, 0.0893079, -0.155862
9.59, 10.0672, 0.0877493, -0.155171
9.6, 10.0681, 0.0861976, -0.154473
9.61, 10.0689, 0.0846529, -0.153765
9.62, 10.0697, 0.0831152, -0.15305
9.63, 10.0706, 0.0815847, -0.152326
9.64, 10.0714, 0.0800615, -0.151595
9.65, 10.0722, 0.0785455, -0.150855
9.66, 10.0729, 0.077037, -0.150108
9.67, 10.0737, 0.0755359, -0.149353
9.68, 10.0744, 0.0740423, -0.148591
9.69, 10.0751, 0.0725564, -0.147822
9.7, 10.0759, 0.0710782, -0.147046
9.71, 10.0765, 0.0696077, -0.146262
9.72, 10.0772, 0.0681451, -0.145472
9.73, 10.0779, 0.0666904, -0.144676
9.74, 10.0786, 0.0652436, -0.143873
9.75, 10.0792, 0.0638049, -0.143063
9.76, 10.0798, 0.0623743, -0.142247
9.77, 10.0804, 0.0609518, -0.141426
9.78, 10.081, 0.0595376, -0.140598
9.79, 10.0816, 0.0581316, -0.139765
9.8, 10.0822, 0.0567339, -0.138926
9.81, 10.0827, 0.0553447, -0.138081
9.82, 10.0833, 0.0539639, -0.137232
9.83, 10.0838, 0.0525915, -0.136377
9.84, 10.0843, 0.0512278, -0.135517
9.85, 10.0848, 0.0498726, -0.134652
9.86, 10.0853, 0.0485261, -0.133782
9.87, 10.0858, 0.0471883, -0.132908
9.88, 10.0862, 0.0458592, -0.132029
9.89, 10.0867, 0.0445389, -0.131146
9.9, 10.0871, 0.0432274, -0.130258
9.91, 10.0875, 0.0419249, -0.129367
9.92, 10.0879, 0.0406312, -0.128471
9.93, 10.0883, 0.0393465, -0.127572
9.94, 10.0887, 0.0380708, -0.126668
9.95, 10.0891, 0.0368041, -0.125762
9.96, 10.0894, 0.0355465, -0.124852
9.97, 10.0898, 0.0342979, -0.123938
9.98, 10.0901, 0.0330586, -0.123021
9.99, 10.0904, 0.0318284, -0.122102
10, 10.0907, 0.0306073, -0.121179
10.01, 10.091, 0.0293956, -0.120253
10.02, 10.0913, 0.028193, -0.119325
10.03, 10.0916, 0.0269998, -0.118394
10.04, 10.0918, 0.0258158, -0.11746
10.05, 10.0921, 0.0246412, -0.116525
10.06, 10.0923, 0.023476, -0.115587
10.07, 10.0925, 0.0223201, -0.114646
10.08, 10.0927, 0.0211737, -0.113704
10.09, 10.0929, 0.0200366, -0.11276
10.1, 10.0931, 0.018909, -0.111814
10.11, 10.0933, 0.0177909, -0.110867
10.12, 10.0935, 0.0166822, -0.109918
10.13, 10.0936, 0.015583, -0.108967
10.14, 10.0938, 0.0144933, -0.108016
10.15, 10.0939, 0.0134132, -0.107063
10.16, 10.094, 0.0123426, -0.106108
10.17, 10.0941, 0.0112815, -0.105153
10.18, 10.0942, 0.0102299, -0.104197
10.19, 10.0943, 0.00918797, -0.10324
10.2, 10.0944, 0.00815557, -0.102283
10.21, 10.0945, 0.00713275, -0.101324
10.22, 10.0945, 0.0061195, -0.100366
10.23, 10.0946, 0.00511584, -0.0994067
10.24, 10.0946, 0.00412178, -0.0984474
10.25, 10.0947, 0.0031373, -0.0974879
10.26, 10.0947, 0.00216242, -0.0965283
10.27, 10.0947, 0.00119714, -0.0955687
10.28, 10.0947, 0.000241454, -0.0946092
10.29, 10.0947, -0.000704637, -0.0936498
10.3, 10.0947, -0.00164114, -0.0926908
10.31, 10.0947, -0.00256804, -0.0917322
10.32, 10.0946, -0.00348537, -0.090774
10.33, 10.0946, -0.00439311, -0.0898165
10.34, 10.0945, -0.00529127, -0.0888595
10.35, 10.0945, -0.00617987, -0.0879034
10.36, 10.0944, -0.0070589, -0.086948
10.37, 10.0943, -0.00792838, -0.0859936
10.38, 10.0942, -0.00878832, -0.0850402
10.39, 10.0941, -0.00963872, -0.0840879
10.4, 10.094, -0.0104796, -0.0831368
10.41, 10.0939, -0.011311, -0.0821869
10.42, 10.0938, -0.0121328, -0.0812384
10.43, 10.0937, -0.0129452, -0.0802913
10.44, 10.0935, -0.0137481, -0.0793457
10.45, 10.0934, -0.0145416, -0.0784017
10.46, 10.0932, -0.0153256, -0.0774594
10.47, 10.0931, -0.0161002, -0.0765188
10.48, 10.0929, -0.0168654, -0.07558
10.49, 10.0927, -0.0176212, -0.0746432
10.5, 10.0925, -0.0183676, -0.0737083
10.51, 10.0923, -0.0191047, -0.0727754
10.52, 10.0921, -0.0198325, -0.0718447
10.53, 10.0919, -0.0205509, -0.0709162
10.54, 10.0917, -0.0212601, -0.0699899
10.55, 10.0915, -0.02196, -0.069066
10.56, 10.0913, -0.0226506, -0.0681444
10.57, 10.091, -0.0233321, -0.0672254
10.58, 10.0908, -0.0240043, -0.0663088
10.59, 10.0906, -0.0246674, -0.0653949
10.6, 10.0903, -0.0253214, -0.0644836
10.61, 10.09, -0.0259662, -0.0635751
10.62, 10.0898, -0.0266019, -0.0626693
10.63, 10.0895, -0.0272286, -0.0617665
10.64, 10.0892, -0.0278463, -0.0608665
10.65, 10.0889, -0.028455, -0.0599695
10.66, 10.0887, -0.0290547, -0.0590756
10.67, 10.0884, -0.0296454, -0.0581847
10.68, 10.0881, -0.0302273, -0.057297
10.69, 10.0877, -0.0308002, -0.0564126
10.7, 10.0874, -0.0313644, -0.0555314
10.71, 10.0871, -0.0319197, -0.0546535
10.72, 10.0868, -0.0324662, -0.053779
10.73, 10.0865, -0.033004, -0.0529079
10.74, 10.0861, -0.0335331, -0.0520404
10.75, 10.0858, -0.0340535, -0.0511763
10.76, 10.0854, -0.0345652, -0.0503159
10.77, 10.0851, -0.0350684, -0.0494591
10.78, 10.0847, -0.035563, -0.048606
10.79, 10.0844, -0.0360491, -0.0477566
10.8, 10.084, -0.0365266, -0.046911
10.81, 10.0836, -0.0369957, -0.0460692
10.82, 10.0833, -0.0374564, -0.0452313
10.83, 10.0829, -0.0379087, -0.0443973
10.84, 10.0825, -0.0383527, -0.0435673
10.85, 10.0821, -0.0387884, -0.0427413
10.86, 10.0817, -0.0392158, -0.0419194
10.87, 10.0813, -0.039635, -0.0411015
10.88, 10.0809, -0.040046, -0.0402878
10.89, 10.0805, -0.0404489, -0.0394782
10.9, 10.0801, -0.0408437, -0.0386729
10.91, 10.0797, -0.0412304, -0.0378718
10.92, 10.0793, -0.0416091, -0.037075
10.93, 10.0789, -0.0419799, -0.0362825
10.94, 10.0784, -0.0423427, -0.0354944
10.95, 10.078, -0.0426976, -0.0347106
10.96, 10.0776, -0.0430447, -0.0339313
10.97, 10.0771, -0.0433841, -0.0331565
10.98, 10.0767, -0.0437156, -0.0323861
10.99, 10.0763, -0.0440395, -0.0316203
11, 10.0758, -0.0443557, -0.0308591
11.01, 10.0754, -0.0446643, -0.0301024
11.02, 10.0749, -0.0449653, -0.0293503
11.03, 10.0745, -0.0452588, -0.0286029
11.04, 10.074, -0.0455448, -0.0278602
11.05, 10.0736, -0.0458234, -0.0271221
11.06, 10.0731, -0.0460946, -0.0263888
11.07, 10.0726, -0.0463585, -0.0256602
11.08, 10.0722, -0.0466151, -0.0249364
11.09, 10.0717, -0.0468645, -0.0242175
11.1, 10.0712, -0.0471067, -0.0235033
11.11, 10.0708, -0.0473417, -0.022794
11.12, 10.0703, -0.0475697, -0.0220896
11.13, 10.0698, -0.0477905, -0.02139
11.14, 10.0693, -0.0480044, -0.0206954
11.15, 10.0688, -0.0482114, -0.0200057
11.16, 10.0684, -0.0484115, -0.0193209
11.17, 10.0679, -0.0486047, -0.0186411
11.18, 10.0674, -0.0487911, -0.0179663
11.19, 10.0669, -0.0489707, -0.0172966
11.2, 10.0664, -0.0491437, -0.0166318
11.21, 10.0659, -0.04931, -0.0159721
11.22, 10.0654, -0.0494697, -0.0153174
11.23, 10.0649, -0.0496229, -0.0146678
11.24, 10.0644, -0.0497696, -0.0140233
11.25, 10.0639, -0.0499098, -0.0133838
11.26, 10.0634, -0.0500437, -0.0127495
11.27, 10.0629, -0.0501712, -0.0121203
11.28, 10.0624, -0.0502924, -0.0114962
11.29, 10.0619, -0.0504073, -0.0108773
11.3, 10.0614, -0.0505161, -0.0102635
11.31, 10.0609, -0.0506187, -0.00965491
11.32, 10.0604, -0.0507153, -0.00905146
11.33, 10.0599, -0.0508058, -0.00845319
11.34, 10.0594, -0.0508903, -0.00786011
11.35, 10.0589, -0.0509689, -0.00727222
11.36, 10.0584, -0.0510417, -0.00668953
11.37, 10.0578, -0.0511086, -0.00611204
11.38, 10.0573, -0.0511697, -0.00553976
11.39, 10.0568, -0.0512251, -0.0049727
11.4, 10.0563, -0.0512748, -0.00441086
11.41, 10.0558, -0.0513189, -0.00385424
11.42, 10.0553, -0.0513574, -0.00330284
11.43, 10.0548, -0.0513905, -0.00275668
11.44, 10.0543, -0.051418, -0.00221574
11.45, 10.0537, -0.0514402, -0.00168004
11.46, 10.0532, -0.051457, -0.00114957
11.47, 10.0527, -0.0514685, -0.000624329
11.48, 10.0522, -0.0514747, -0.000104323
11.49, 10.0517, -0.0514758, 0.000410452
11.5, 10.0512, -0.0514717, 0.000919996
11.51, 10.0507, -0.0514625, 0.00142431
11.52, 10.0501, -0.0514482, 0.0019234
11.53, 10.0496, -0.051429, 0.00241727
11.54, 10.0491, -0.0514048, 0.00290591
11.55, 10.0486, -0.0513758, 0.00338934
11.56, 10.0481, -0.0513419, 0.00386756
11.57, 10.0476, -0.0513032, 0.00434057
11.58, 10.0471, -0.0512598, 0.00480837
11.59, 10.0465, -0.0512117, 0.00527098
11.6, 10.046, -0.051159, 0.0057284
11.61, 10.0455, -0.0511017, 0.00618064
11.62, 10.045, -0.0510399, 0.0066277
11.63, 10.0445, -0.0509736, 0.00706959
11.64, 10.044, -0.0509029, 0.00750632
11.65, 10.0435, -0.0508279, 0.00793789
11.66, 10.043, -0.0507485, 0.00836432
11.67, 10.0425, -0.0506649, 0.00878562
11.68, 10.042, -0.050577, 0.00920179
11.69, 10.0415, -0.050485, 0.00961284
11.7, 10.041, -0.0503889, 0.0100188
11.71, 10.0405, -0.0502887, 0.0104197
11.72, 10.04, -0.0501845, 0.0108154
11.73, 10.0395, -0.0500763, 0.0112061
11.74, 10.039, -0.0499643, 0.0115918
11.75, 10.0385, -0.0498483, 0.0119724
11.76, 10.038, -0.0497286, 0.0123479
11.77, 10.0375, -0.0496051, 0.0127185
11.78, 10.037, -0.0494779, 0.013084
11.79, 10.0365, -0.0493471, 0.0134446
11.8, 10.036, -0.0492127, 0.0138001
11.81, 10.0355, -0.0490747, 0.0141507
11.82, 10.035, -0.0489332, 0.0144964
11.83, 10.0345, -0.0487882, 0.0148371
11.84, 10.034, -0.0486398, 0.0151729
11.85, 10.0335, -0.0484881, 0.0155038
11.86, 10.0331, -0.048333, 0.0158298
11.87, 10.0326, -0.0481748, 0.016151
11.88, 10.0321, -0.0480132, 0.0164673
11.89, 10.0316, -0.0478486, 0.0167787
11.9, 10.0311, -0.0476808, 0.0170854
11.91, 10.0307, -0.0475099, 0.0173872
11.92, 10.0302, -0.0473361, 0.0176843
11.93, 10.0297, -0.0471592, 0.0179766
11.94, 10.0293, -0.0469794, 0.0182641
11.95, 10.0288, -0.0467968, 0.018547
11.96, 10.0283, -0.0466113, 0.0188251
11.97, 10.0279, -0.0464231, 0.0190985
11.98, 10.0274, -0.0462321, 0.0193673
11.99, 10.0269, -0.0460384, 0.0196314
12, 10.0265, -0.0458421, 0.0198909
12.01, 10.026, -0.0456432, 0.0201458
12.02, 10.0256, -0.0454417, 0.0203962
12.03, 10.0251, -0.0452378, 0.0206419
12.04, 10.0247, -0.0450314, 0.0208831
12.05, 10.0242, -0.0448225, 0.0211198
12.06, 10.0238, -0.0446113, 0.021352
12.07, 10.0233, -0.0443978, 0.0215798
12.08, 10.0229, -0.044182, 0.021803
12.09, 10.0224, -0.043964, 0.0220219
12.1, 10.022, -0.0437438, 0.0222363
12.11, 10.0216, -0.0435214, 0.0224464
12.12, 10.0211, -0.0432969, 0.0226521
12.13, 10.0207, -0.0430704, 0.0228534
12.14, 10.0203, -0.0428419, 0.0230505
12.15, 10.0198, -0.0426114, 0.0232432
12.16, 10.0194, -0.0423789, 0.0234317
12.17, 10.019, -0.0421446, 0.023616
12.18, 10.0186, -0.0419085, 0.023796
12.19, 10.0182, -0.0416705, 0.0239718
12.2, 10.0178, -0.0414308, 0.0241435
12.21, 10.0173, -0.0411894, 0.024311
12.22, 10.0169, -0.0409462, 0.0244744
12.23, 10.0165, -0.0407015, 0.0246338
12.24, 10.0161, -0.0404552, 0.024789
12.25, 10.0157, -0.0402073, 0.0249402
12.26, 10.0153, -0.0399579, 0.0250874
12.27, 10.0149, -0.039707, 0.0252306
12.28, 10.0145, -0.0394547, 0.0253698
12.29, 10.0141, -0.039201, 0.0255051
12.3, 10.0137, -0.0389459, 0.0256365
12.31, 10.0134, -0.0386896, 0.025764
12.32, 10.013, -0.0384319, 0.0258876
12.33, 10.0126, -0.0381731, 0.0260074
12.34, 10.0122, -0.037913, 0.0261234
12.35, 10.0118, -0.0376518, 0.0262357
12.36, 10.0115, -0.0373894, 0.0263441
12.37, 10.0111, -0.037126, 0.0264489
12.38, 10.0107, -0.0368615, 0.0265499
12.39, 10.0104, -0.036596, 0.0266473
12.4, 10.01, -0.0363295, 0.026741
12.41, 10.0096, -0.0360621, 0.0268311
12.42, 10.0093, -0.0357938, 0.0269176
12.43, 10.0089, -0.0355246, 0.0270006
12.44, 10.0086, -0.0352546, 0.02708
12.45, 10.0082, -0.0349838, 0.0271559
12.46, 10.0079, -0.0347122, 0.0272284
12.47, 10.0075, -0.0344399, 0.0272974
12.48, 10.0072, -0.034167, 0.0273629
12.49, 10.0068, -0.0338933, 0.0274251
12.5, 10.0065, -0.0336191, 0.0274839
12.51, 10.0062, -0.0333443, 0.0275394
12.52, 10.0058, -0.0330689, 0.0275915
12.53, 10.0055, -0.0327929, 0.0276404
12.54, 10.0052, -0.0325165, 0.027686
12.55, 10.0049, -0.0322397, 0.0277284
12.56, 10.0045, -0.0319624, 0.0277676
12.57, 10.0042, -0.0316847, 0.0278037
12.58, 10.0039, -0.0314067, 0.0278365
12.59, 10.0036, -0.0311283, 0.0278663
12.6, 10.0033, -0.0308497, 0.027893
12.61, 10.003, -0.0305707, 0.0279167
12.62, 10.0027, -0.0302916, 0.0279373
12.63, 10.0024, -0.0300122, 0.0279549
12.64, 10.0021, -0.0297326, 0.0279695
12.65, 10.0018, -0.0294529, 0.0279812
12.66, 10.0015, -0.0291731, 0.02799
12.67, 10.0012, -0.0288932, 0.0279959
12.68, 10.0009, -0.0286133, 0.027999
12.69, 10.0006, -0.0283333, 0.0279992
12.7, 10.0004, -0.0280533, 0.0279966
12.71, 10.0001, -0.0277733, 0.0279913
12.72, 9.99981, -0.0274934, 0.0279832
12.73, 9.99954, -0.0272136, 0.0279724
12.74, 9.99927, -0.0269339, 0.0279589
12.75, 9.99901, -0.0266543, 0.0279427
12.76, 9.99874, -0.0263748, 0.0279239
12.77, 9.99848, -0.0260956, 0.0279026
12.78, 9.99822, -0.0258166, 0.0278786
12.79, 9.99797, -0.0255378, 0.0278521
12.8, 9.99771, -0.0252593, 0.0278231
12.81, 9.99746, -0.024981, 0.0277916
12.82, 9.99722, -0.0247031, 0.0277577
12.83, 9.99697, -0.0244255, 0.0277213
12.84, 9.99673, -0.0241483, 0.0276825
12.85, 9.99649, -0.0238715, 0.0276414
12.86, 9.99626, -0.0235951, 0.0275979
12.87, 9.99602, -0.0233191, 0.0275521
12.88, 9.99579, -0.0230436, 0.027504
12.89, 9.99557, -0.0227686, 0.0274536
12.9, 9.99534, -0.022494, 0.027401
12.91, 9.99512, -0.02222, 0.0273462
12.92, 9.9949, -0.0219465, 0.0272892
12.93, 9.99468, -0.0216737, 0.0272301
12.94, 9.99447, -0.0214014, 0.0271688
12.95, 9.99426, -0.0211297, 0.0271054
12.96, 9.99405, -0.0208586, 0.02704
12.97, 9.99384, -0.0205882, 0.0269726
12.98, 9.99364, -0.0203185, 0.0269031
12.99, 9.99344, -0.0200495, 0.0268316
13, 9.99324, -0.0197811, 0.0267582
13.01, 9.99305, -0.0195136, 0.0266828
13.02, 9.99285, -0.0192467, 0.0266056
13.03, 9.99266, -0.0189807, 0.0265264
13.04, 9.99248, -0.0187154, 0.0264454
13.05, 9.99229, -0.018451, 0.0263626
13.06, 9.99211, -0.0181873, 0.026278
13.07, 9.99193, -0.0179245, 0.0261916
13.08, 9.99175, -0.0176626, 0.0261035
13.09, 9.99158, -0.0174016, 0.0260137
13.1, 9.99141, -0.0171415, 0.0259221
13.11, 9.99124, -0.0168822, 0.0258289
13.12, 9.99107, -0.0166239, 0.0257341
13.13, 9.99091, -0.0163666, 0.0256376
13.14, 9.99075, -0.0161102, 0.0255396
13.15, 9.99059, -0.0158548, 0.02544
13.16, 9.99043, -0.0156004, 0.0253389
13.17, 9.99028, -0.015347, 0.0252362
13.18, 9.99013, -0.0150947, 0.0251321
13.19, 9.98998, -0.0148434, 0.0250265
13.2, 9.98984, -0.0145931, 0.0249194
13.21, 9.98969, -0.0143439, 0.024811
13.22, 9.98955, -0.0140958, 0.0247012
13.23, 9.98941, -0.0138488, 0.02459
13.24, 9.98928, -0.0136029, 0.0244775
13.25, 9.98914, -0.0133581, 0.0243637
13.26, 9.98901, -0.0131145, 0.0242486
13.27, 9.98888, -0.012872, 0.0241322
13.28, 9.98876, -0.0126307, 0.0240146
13.29, 9.98863, -0.0123905, 0.0238958
13.3, 9.98851, -0.0121516, 0.0237758
13.31, 9.98839, -0.0119138, 0.0236546
13.32, 9.98828, -0.0116773, 0.0235323
13.33, 9.98816, -0.0114419, 0.0234089
13.34, 9.98805, -0.0112078, 0.0232844
13.35, 9.98794, -0.010975, 0.0231588
13.36, 9.98783, -0.0107434, 0.0230321
13.37, 9.98773, -0.0105131, 0.0229045
13.38, 9.98762, -0.010284, 0.0227758
13.39, 9.98752, -0.0100563, 0.0226462
13.4, 9.98743, -0.00982982, 0.0225156
13.41, 9.98733, -0.00960467, 0.0223841
13.42, 9.98724, -0.00938083, 0.0222517
13.43, 9.98714, -0.00915831, 0.0221184
13.44, 9.98705, -0.00893713, 0.0219842
13.45, 9.98697, -0.00871728, 0.0218492
13.46, 9.98688, -0.00849879, 0.0217134
13.47, 9.9868, -0.00828166, 0.0215767
13.48, 9.98672, -0.00806589, 0.0214393
13.49, 9.98664, -0.0078515, 0.0213012
13.5, 9.98656, -0.00763849, 0.0211623
13.51, 9.98649, -0.00742686, 0.0210227
13.52, 9.98642, -0.00721664, 0.0208824
13.53, 9.98635, -0.00700781, 0.0207414
13.54, 9.98628, -0.0068004, 0.0205998
13.55, 9.98621, -0.0065944, 0.0204575
13.56, 9.98615, -0.00638982, 0.0203147
13.57, 9.98609, -0.00618668, 0.0201712
13.58, 9.98603, -0.00598497, 0.0200272
13.59, 9.98597, -0.00578469, 0.0198827
13.6, 9.98591, -0.00558587, 0.0197376
13.61, 9.98586, -0.00538849, 0.019592
13.62, 9.98581, -0.00519257, 0.0194459
13.63, 9.98576, -0.00499811, 0.0192994
13.64, 9.98571, -0.00480512, 0.0191524
13.65, 9.98566, -0.00461359, 0.019005
13.66, 9.98562, -0.00442354, 0.0188572
13.67, 9.98558, -0.00423497, 0.0187089
13.68, 9.98554, -0.00404788, 0.0185603
13.69, 9.9855, -0.00386228, 0.0184114
13.7, 9.98546, -0.00367816, 0.0182621
13.71, 9.98543, -0.00349554, 0.0181125
13.72, 9.98539, -0.00331442, 0.0179626
13.73, 9.98536, -0.00313479, 0.0178124
13.74, 9.98533, -0.00295667, 0.017662
13.75, 9.98531, -0.00278005, 0.0175113
13.76, 9.98528, -0.00260493, 0.0173604
13.77, 9.98525, -0.00243133, 0.0172093
13.78, 9.98523, -0.00225924, 0.0170579
13.79, 9.98521, -0.00208866, 0.0169064
13.8, 9.98519, -0.00191959, 0.0167548
13.81, 9.98517, -0.00175205, 0.016603
13.82, 9.98516, -0.00158602, 0.016451
13.83, 9.98514, -0.00142151, 0.016299
13.84, 9.98513, -0.00125852, 0.0161469
13.85, 9.98512, -0.00109705, 0.0159947
13.86, 9.98511, -0.0009371, 0.0158424
13.87, 9.9851, -0.000778676, 0.0156901
13.88, 9.9851, -0.000621775, 0.0155378
13.89, 9.98509, -0.000466398, 0.0153854
13.9, 9.98509, -0.000312544, 0.015233
13.91, 9.98509, -0.000160213, 0.0150807
13.92, 9.98509, -9.40616e-06, 0.0149284
13.93, 9.98509, 0.000139878, 0.0147761
13.94, 9.98509, 0.000287639, 0.0146239
13.95, 9.9851, 0.000433879, 0.0144718
13.96, 9.9851, 0.000578597, 0.0143198
13.97, 9.98511, 0.000721795, 0.0141679
13.98, 9.98512, 0.000863473, 0.0140161
13.99, 9.98513, 0.00100363, 0.0138644
14, 9.98514, 0.00114228, 0.0137128
14.01, 9.98515, 0.00127941, 0.0135615
14.02, 9.98517, 0.00141502, 0.0134103
14.03, 9.98518, 0.00154912, 0.0132593
14.04, 9.9852, 0.00168172, 0.0131085
14.05, 9.98522, 0.0018128, 0.0129579
14.06, 9.98524, 0.00194238, 0.0128075
14.07, 9.98526, 0.00207045, 0.0126574
14.08, 9.98528, 0.00219703, 0.0125075
14.09, 9.9853, 0.0023221, 0.0123579
14.1, 9.98533, 0.00244568, 0.0122085
14.11, 9.98535, 0.00256777, 0.0120595
14.12, 9.98538, 0.00268836, 0.0119107
14.13, 9.98541, 0.00280747, 0.0117623
14.14, 9.98544, 0.00292509, 0.0116142
14.15, 9.98547, 0.00304123, 0.0114664
14.16, 9.9855, 0.0031559, 0.011319
14.17, 9.98553, 0.00326909, 0.0111719
14.18, 9.98557, 0.0033808, 0.0110252
14.19, 9.9856, 0.00349106, 0.0108788
14.2, 9.98564, 0.00359984, 0.0107329
14.21, 9.98567, 0.00370717, 0.0105874
14.22, 9.98571, 0.00381305, 0.0104423
14.23, 9.98575, 0.00391747, 0.0102976
14.24, 9.98579, 0.00402045, 0.0101533
14.25, 9.98583, 0.00412198, 0.0100095
14.26, 9.98587, 0.00422207, 0.00986608
14.27, 9.98592, 0.00432073, 0.00972317
14.28, 9.98596, 0.00441797, 0.00958074
14.29, 9.98601, 0.00451377, 0.00943878
14.3, 9.98605, 0.00460816, 0.00929731
14.31, 9.9861, 0.00470113, 0.00915634
14.32, 9.98615, 0.0047927, 0.00901589
14.33, 9.9862, 0.00488286, 0.00887595
14.34, 9.98625, 0.00497162, 0.00873653
14.35, 9.9863, 0.00505898, 0.00859765
14.36, 9.98635, 0.00514496, 0.00845932
14.37, 9.9864, 0.00522955, 0.00832153
14.38, 9.98645, 0.00531277, 0.00818431
14.39, 9.98651, 0.00539461, 0.00804765
14.4, 9.98656, 0.00547509, 0.00791157
14.41, 9.98662, 0.0055542, 0.00777608
14.42, 9.98667, 0.00563196, 0.00764118
14.43, 9.98673, 0.00570837, 0.00750687
14.44, 9.98679, 0.00578344, 0.00737317
14.45, 9.98685, 0.00585717, 0.00724009
14.46, 9.98691, 0.00592958, 0.00710762
14.47, 9.98697, 0.00600065, 0.00697579
14.48, 9.98703, 0.00607041, 0.00684458
14.49, 9.98709, 0.00613886, 0.00671402
14.5, 9.98715, 0.006206, 0.00658411
14.51, 9.98721, 0.00627184, 0.00645485
14.52, 9.98728, 0.00633639, 0.00632625
14.53, 9.98734, 0.00639965, 0.00619832
14.54, 9.98741, 0.00646163, 0.00607106
14.55, 9.98747, 0.00652234, 0.00594448
14.56, 9.98754, 0.00658179, 0.00581859
14.57, 9.9876, 0.00663997, 0.00569338
14.58, 9.98767, 0.00669691, 0.00556887
14.59, 9.98774, 0.00675259, 0.00544507
14.6, 9.98781, 0.00680705, 0.00532196
14.61, 9.98787, 0.00686027, 0.00519957
14.62, 9.98794, 0.00691226, 0.0050779
14.63, 9.98801, 0.00696304, 0.00495695
14.64, 9.98808, 0.00701261, 0.00483672
14.65, 9.98815, 0.00706098, 0.00471723
14.66, 9.98823, 0.00710815, 0.00459847
14.67, 9.9883, 0.00715413, 0.00448045
14.68, 9.98837, 0.00719894, 0.00436318
14.69, 9.98844, 0.00724257, 0.00424665
14.7, 9.98851, 0.00728504, 0.00413088
14.71, 9.98859, 0.00732635, 0.00401586
14.72, 9.98866, 0.0073665, 0.0039016
14.73, 9.98873, 0.00740552, 0.00378811
14.74, 9.98881, 0.0074434, 0.00367539
14.75, 9.98888, 0.00748015, 0.00356344
14.76, 9.98896, 0.00751579, 0.00345226
14.77, 9.98903, 0.00755031, 0.00334186
14.78, 9.98911, 0.00758373, 0.00323224
14.79, 9.98919, 0.00761605, 0.00312341
14.8, 9.98926, 0.00764729, 0.00301536
14.81, 9.98934, 0.00767744, 0.0029081
14.82, 9.98942, 0.00770652, 0.00280164
14.83, 9.98949, 0.00773454, 0.00269597
14.84, 9.98957, 0.0077615, 0.0025911
14.85, 9.98965, 0.00778741, 0.00248703
14.86, 9.98973, 0.00781228, 0.00238376
14.87, 9.98981, 0.00783612, 0.0022813
14.88, 9.98989, 0.00785893, 0.00217965
14.89, 9.98996, 0.00788073, 0.0020788
14.9, 9.99004, 0.00790151, 0.00197877
14.91, 9.99012, 0.0079213, 0.00187954
14.92, 9.9902, 0.0079401, 0.00178114
14.93, 9.99028, 0.00795791, 0.00168355
14.94, 9.99036, 0.00797474, 0.00158677
14.95, 9.99044, 0.00799061, 0.00149082
14.96, 9.99052, 0.00800552, 0.00139568
14.97, 9.9906, 0.00801948, 0.00130137
14.98, 9.99068, 0.00803249, 0.00120788
14.99, 9.99076, 0.00804457, 0.00111521
15, 9.99084, 0.00805572, 0.00102337
15.01, 9.99092, 0.00806595, 0.000932356
15.02, 9.991, 0.00807528, 0.000842166
15.03, 9.99108, 0.0080837, 0.000752803
15.04, 9.99117, 0.00809123, 0.000664268
15.05, 9.99125, 0.00809787, 0.000576561
15.06, 9.99133, 0.00810364, 0.000489683
15.07, 9.99141, 0.00810853, 0.000403633
15.08, 9.99149, 0.00811257, 0.000318412
15.09, 9.99157, 0.00811575, 0.000234021
15.1, 9.99165, 0.00811809, 0.000150458
15.11, 9.99173, 0.0081196, 6.7725e-05
15.12, 9.99181, 0.00812028, -1.41791e-05
15.13, 9.9919, 0.00812013, -9.52543e-05
15.14, 9.99198, 0.00811918, -0.000175501
15.15, 9.99206, 0.00811743, -0.000254919
15.16, 9.99214, 0.00811488, -0.00033351
15.17, 9.99222, 0.00811154, -0.000411273
15.18, 9.9923, 0.00810743, -0.000488209
15.19, 9.99238, 0.00810255, -0.000564319
15.2, 9.99246, 0.0080969, -0.000639604
15.21, 9.99254, 0.00809051, -0.000714064
15.22, 9.99263, 0.00808337, -0.000787701
15.23, 9.99271, 0.00807549, -0.000860515
15.24, 9.99279, 0.00806689, -0.000932507
15.25, 9.99287, 0.00805756, -0.00100368
15.26, 9.99295, 0.00804752, -0.00107403
15.27, 9.99303, 0.00803678, -0.00114356
15.28, 9.99311, 0.00802535, -0.00121228
15.29, 9.99319, 0.00801322, -0.00128018
15.3, 9.99327, 0.00800042, -0.00134727
15.31, 9.99335, 0.00798695, -0.00141355
15.32, 9.99343, 0.00797281, -0.00147901
15.33, 9.99351, 0.00795802, -0.00154366
15.34, 9.99359, 0.00794259, -0.00160751
15.35, 9.99367, 0.00792651, -0.00167055
15.36, 9.99375, 0.00790981, -0.00173279
15.37, 9.99382, 0.00789248, -0.00179423
15.38, 9.9939, 0.00787454, -0.00185486
15.39, 9.99398, 0.00785599, -0.0019147
15.4, 9.99406, 0.00783684, -0.00197374
15.41, 9.99414, 0.0078171, -0.00203199
15.42, 9.99422, 0.00779678, -0.00208944
15.43, 9.99429, 0.00777589, -0.00214611
15.44, 9.99437, 0.00775443, -0.00220199
15.45, 9.99445, 0.00773241, -0.00225708
15.46, 9.99453, 0.00770984, -0.0023114
15.47, 9.9946, 0.00768672, -0.00236493
15.48, 9.99468, 0.00766307, -0.00241768
15.49, 9.99476, 0.0076389, -0.00246966
15.5, 9.99483, 0.0076142, -0.00252087
15.51, 9.99491, 0.00758899, -0.00257131
15.52, 9.99498, 0.00756328, -0.00262098
15.53, 9.99506, 0.00753707, -0.00266989
15.54, 9.99513, 0.00751037, -0.00271804
15.55, 9.99521, 0.00748319, -0.00276543
15.56, 9.99528, 0.00745554, -0.00281206
15.57, 9.99536, 0.00742742, -0.00285794
15.58, 9.99543, 0.00739884, -0.00290307
15.59, 9.99551, 0.00736981, -0.00294746
15.6, 9.99558, 0.00734033, -0.0029911
15.61, 9.99565, 0.00731042, -0.003034
15.62, 9.99572, 0.00728008, -0.00307617
15.63, 9.9958, 0.00724932, -0.0031176
15.64, 9.99587, 0.00721814, -0.0031583
15.65, 9.99594, 0.00718656, -0.00319828
15.66, 9.99601, 0.00715458, -0.00323753
15.67, 9.99608, 0.0071222, -0.00327606
15.68, 9.99615, 0.00708944, -0.00331387
15.69, 9.99623, 0.0070563, -0.00335097
15.7, 9.9963, 0.00702279, -0.00338736
15.71, 9.99637, 0.00698892, -0.00342305
15.72, 9.99643, 0.00695469, -0.00345803
15.73, 9.9965, 0.00692011, -0.00349231
15.74, 9.99657, 0.00688518, -0.00352589
15.75, 9.99664, 0.00684993, -0.00355879
15.76, 9.99671, 0.00681434, -0.003591
15.77, 9.99678, 0.00677843, -0.00362252
15.78, 9.99684, 0.0067422, -0.00365336
15.79, 9.99691, 0.00670567, -0.00368352
15.8, 9.99698, 0.00666883, -0.00371301
15.81, 9.99704, 0.0066317, -0.00374183
15.82, 9.99711, 0.00659429, -0.00376999
15.83, 9.99718, 0.00655659, -0.00379749
15.84, 9.99724, 0.00651861, -0.00382432
15.85, 9.99731, 0.00648037, -0.00385051
15.86, 9.99737, 0.00644186, -0.00387604
15.87, 9.99743, 0.0064031, -0.00390093
15.88, 9.9975, 0.00636409, -0.00392518
15.89, 9.99756, 0.00632484, -0.00394879
15.9, 9.99762, 0.00628535, -0.00397176
15.91, 9.99769, 0.00624564, -0.00399411
15.92, 9.99775, 0.00620569, -0.00401583
15.93, 9.99781, 0.00616554, -0.00403693
15.94, 9.99787, 0.00612517, -0.00405741
15.95, 9.99793, 0.00608459, -0.00407729
15.96, 9.99799, 0.00604382, -0.00409655
15.97, 9.99805, 0.00600285, -0.00411521
15.98, 9.99811, 0.0059617, -0.00413326
15.99, 9.99817, 0.00592037, -0.00415073
16, 9.99823, 0.00587886, -0.0041676
16.01, 9.99829, 0.00583719, -0.00418388
16.02, 9.99835, 0.00579535, -0.00419958
16.03, 9.9984, 0.00575335, -0.0042147
16.04, 9.99846, 0.0057112, -0.00422925
16.05, 9.99852, 0.00566891, -0.00424323
16.06, 9.99857, 0.00562648, -0.00425664
16.07, 9.99863, 0.00558391, -0.00426949
16.08, 9.99869, 0.00554122, -0.00428179
16.09, 9.99874, 0.0054984, -0.00429353
16.1, 9.9988, 0.00545547, -0.00430472
16.11, 9.99885, 0.00541242, -0.00431538
16.12, 9.9989, 0.00536926, -0.00432549
16.13, 9.99896, 0.00532601, -0.00433506
16.14, 9.99901, 0.00528266, -0.00434411
16.15, 9.99906, 0.00523922, -0.00435263
16.16, 9.99911, 0.00519569, -0.00436063
16.17, 9.99917, 0.00515208, -0.00436811
16.18, 9.99922, 0.0051084, -0.00437508
16.19, 9.99927, 0.00506465, -0.00438154
16.2, 9.99932, 0.00502084, -0.0043875
16.21, 9.99937, 0.00497696, -0.00439296
16.22, 9.99942, 0.00493303, -0.00439793
16.23, 9.99947, 0.00488905, -0.0044024
16.24, 9.99951, 0.00484503, -0.00440639
16.25, 9.99956, 0.00480097, -0.0044099
16.26, 9.99961, 0.00475687, -0.00441293
16.27, 9.99966, 0.00471274, -0.00441549
16.28, 9.9997, 0.00466858, -0.00441758
16.29, 9.99975, 0.00462441, -0.00441921
16.3, 9.9998, 0.00458021, -0.00442038
16.31, 9.99984, 0.00453601, -0.0044211
16.32, 9.99989, 0.0044918, -0.00442137
16.33, 9.99993, 0.00444759, -0.00442119
16.34, 9.99997, 0.00440337, -0.00442058
16.35, 10, 0.00435917, -0.00441952
16.36, 10.0001, 0.00431497, -0.00441804
16.37, 10.0001, 0.00427079, -0.00441613
16.38, 10.0001, 0.00422663, -0.00441379
16.39, 10.0002, 0.00418249, -0.00441104
16.4, 10.0002, 0.00413838, -0.00440788
16.41, 10.0003, 0.0040943, -0.0044043
16.42, 10.0003, 0.00405026, -0.00440032
16.43, 10.0004, 0.00400626, -0.00439595
16.44, 10.0004, 0.0039623, -0.00439117
16.45, 10.0004, 0.00391839, -0.00438601
16.46, 10.0005, 0.00387453, -0.00438046
16.47, 10.0005, 0.00383072, -0.00437453
16.48, 10.0005, 0.00378698, -0.00436822
16.49, 10.0006, 0.00374329, -0.00436153
16.5, 10.0006, 0.00369968, -0.00435448
16.51, 10.0007, 0.00365613, -0.00434706
16.52, 10.0007, 0.00361266, -0.00433929
16.53, 10.0007, 0.00356927, -0.00433116
16.54, 10.0008, 0.00352596, -0.00432267
16.55, 10.0008, 0.00348273, -0.00431385
16.56, 10.0008, 0.00343959, -0.00430467
16.57, 10.0009, 0.00339655, -0.00429516
16.58, 10.0009, 0.0033536, -0.00428532
16.59, 10.0009, 0.00331074, -0.00427515
16.6, 10.001, 0.00326799, -0.00426465
16.61, 10.001, 0.00322534, -0.00425384
16.62, 10.001, 0.00318281, -0.0042427
16.63, 10.0011, 0.00314038, -0.00423126
16.64, 10.0011, 0.00309807, -0.00421951
16.65, 10.0011, 0.00305587, -0.00420745
16.66, 10.0012, 0.0030138, -0.00419509
16.67, 10.0012, 0.00297185, -0.00418245
16.68, 10.0012, 0.00293002, -0.00416951
16.69, 10.0012, 0.00288833, -0.00415628
16.7, 10.0013, 0.00284676, -0.00414277
16.71, 10.0013, 0.00280534, -0.00412898
16.72, 10.0013, 0.00276405, -0.00411492
16.73, 10.0014, 0.0027229, -0.00410059
16.74, 10.0014, 0.00268189, -0.004086
16.75, 10.0014, 0.00264103, -0.00407114
16.76, 10.0014, 0.00260032, -0.00405603
16.77, 10.0015, 0.00255976, -0.00404067
16.78, 10.0015, 0.00251935, -0.00402505
16.79, 10.0015, 0.0024791, -0.00400919
16.8, 10.0015, 0.00243901, -0.00399309
16.81, 10.0016, 0.00239908, -0.00397675
16.82, 10.0016, 0.00235931, -0.00396018
16.83, 10.0016, 0.00231971, -0.00394338
16.84, 10.0016, 0.00228028, -0.00392636
16.85, 10.0016, 0.00224101, -0.00390912
16.86, 10.0017, 0.00220192, -0.00389166
16.87, 10.0017, 0.002163, -0.00387398
16.88, 10.0017, 0.00212427, -0.0038561
16.89, 10.0017, 0.0020857, -0.00383801
16.9, 10.0018, 0.00204732, -0.00381973
16.91, 10.0018, 0.00200913, -0.00380124
16.92, 10.0018, 0.00197111, -0.00378256
16.93, 10.0018, 0.00193329, -0.00376369
16.94, 10.0018, 0.00189565, -0.00374464
16.95, 10.0018, 0.00185821, -0.0037254
16.96, 10.0019, 0.00182095, -0.00370599
16.97, 10.0019, 0.00178389, -0.0036864
16.98, 10.0019, 0.00174703, -0.00366664
16.99, 10.0019, 0.00171036, -0.00364671
17, 10.0019, 0.00167389, -0.00362662
17.01, 10.002, 0.00163763, -0.00360637
17.02, 10.002, 0.00160156, -0.00358596
17.03, 10.002, 0.0015657, -0.0035654
17.04, 10.002, 0.00153005, -0.00354469
17.05, 10.002, 0.0014946, -0.00352384
17.06, 10.002, 0.00145937, -0.00350285
17.07, 10.002, 0.00142434, -0.00348171
17.08, 10.0021, 0.00138952, -0.00346045
17.09, 10.0021, 0.00135492, -0.00343905
17.1, 10.0021, 0.00132052, -0.00341752
17.11, 10.0021, 0.00128635, -0.00339587
17.12, 10.0021, 0.00125239, -0.0033741
17.13, 10.0021, 0.00121865, -0.00335221
17.14, 10.0021, 0.00118513, -0.0033302
17.15, 10.0021, 0.00115183, -0.00330809
17.16, 10.0022, 0.00111874, -0.00328587
17.17, 10.0022, 0.00108589, -0.00326354
17.18, 10.0022, 0.00105325, -0.00324111
17.19, 10.0022, 0.00102084, -0.00321859
17.2, 10.0022, 0.000988654, -0.00319597
17.21, 10.0022, 0.000956694, -0.00317326
17.22, 10.0022, 0.000924962, -0.00315046
17.23, 10.0022, 0.000893457, -0.00312758
17.24, 10.0022, 0.000862181, -0.00310461
17.25, 10.0022, 0.000831135, -0.00308157
17.26, 10.0023, 0.000800319, -0.00305845
17.27, 10.0023, 0.000769735, -0.00303526
17.28, 10.0023, 0.000739382, -0.003012
17.29, 10.0023, 0.000709262, -0.00298867
17.3, 10.0023, 0.000679375, -0.00296528
17.31, 10.0023, 0.000649723, -0.00294183
17.32, 10.0023, 0.000620304, -0.00291833
17.33, 10.0023, 0.000591121, -0.00289477
17.34, 10.0023, 0.000562173, -0.00287115
17.35, 10.0023, 0.000533462, -0.00284749
17.36, 10.0023, 0.000504987, -0.00282378
17.37, 10.0023, 0.000476749, -0.00280003
17.38, 10.0023, 0.000448749, -0.00277624
17.39, 10.0023, 0.000420986, -0.00275241
17.4, 10.0023, 0.000393462, -0.00272855
17.41, 10.0023, 0.000366177, -0.00270466
17.42, 10.0023, 0.00033913, -0.00268073
17.43, 10.0023, 0.000312323, -0.00265678
17.44, 10.0023, 0.000285755, -0.00263281
17.45, 10.0023, 0.000259427, -0.00260882
17.46, 10.0023, 0.000233339, -0.0025848
17.47, 10.0024, 0.000207491, -0.00256077
17.48, 10.0024, 0.000181883, -0.00253673
17.49, 10.0024, 0.000156516, -0.00251268
17.5, 10.0024, 0.000131389, -0.00248861
17.51, 10.0024, 0.000106503, -0.00246455
17.52, 10.0024, 8.18573e-05, -0.00244048
17.53, 10.0024, 5.74525e-05, -0.0024164
17.54, 10.0024, 3.32885e-05, -0.00239233
17.55, 10.0024, 9.36517e-06, -0.00236827
17.56, 10.0024, -1.43175e-05, -0.00234421
17.57, 10.0024, -3.77595e-05, -0.00232015
17.58, 10.0024, -6.09611e-05, -0.00229611
17.59, 10.0024, -8.39222e-05, -0.00227209
17.6, 10.0024, -0.000106643, -0.00224807
17.61, 10.0024, -0.000129124, -0.00222408
17.62, 10.0024, -0.000151365, -0.0022001
17.63, 10.0024, -0.000173366, -0.00217615
17.64, 10.0023, -0.000195127, -0.00215222
17.65, 10.0023, -0.000216649, -0.00212832
17.66, 10.0023, -0.000237933, -0.00210445
17.67, 10.0023, -0.000258977, -0.00208061
17.68, 10.0023, -0.000279783, -0.0020568
17.69, 10.0023, -0.000300351, -0.00203302
17.7, 10.0023, -0.000320681, -0.00200928
17.71, 10.0023, -0.000340774, -0.00198558
17.72, 10.0023, -0.00036063, -0.00196193
17.73, 10.0023, -0.000380249, -0.00193831
17.74, 10.0023, -0.000399632, -0.00191474
17.75, 10.0023, -0.00041878, -0.00189121
17.76, 10.0023, -0.000437692, -0.00186774
17.77, 10.0023, -0.000456369, -0.00184431
17.78, 10.0023, -0.000474812, -0.00182094
17.79, 10.0023, -0.000493022, -0.00179762
17.8, 10.0023, -0.000510998, -0.00177436
17.81, 10.0023, -0.000528742, -0.00175115
17.82, 10.0023, -0.000546253, -0.001728
17.83, 10.0023, -0.000563533, -0.00170492
17.84, 10.0023, -0.000580582, -0.00168189
17.85, 10.0023, -0.000597401, -0.00165894
17.86, 10.0023, -0.000613991, -0.00163604
17.87, 10.0023, -0.000630351, -0.00161322
17.88, 10.0022, -0.000646483, -0.00159046
17.89, 10.0022, -0.000662388, -0.00156778
17.9, 10.0022, -0.000678066, -0.00154516
17.91, 10.0022, -0.000693517, -0.00152262
17.92, 10.0022, -0.000708743, -0.00150016
17.93, 10.0022, -0.000723745, -0.00147777
17.94, 10.0022, -0.000738523, -0.00145547
17.95, 10.0022, -0.000753077, -0.00143324
17.96, 10.0022, -0.00076741, -0.00141109
17.97, 10.0022, -0.000781521, -0.00138902
17.98, 10.0022, -0.000795411, -0.00136704
17.99, 10.0022, -0.000809081, -0.00134515
18, 10.0022, -0.000822533, -0.00132334
18.01, 10.0021, -0.000835766, -0.00130162
18.02, 10.0021, -0.000848782, -0.00127999
18.03, 10.0021, -0.000861582, -0.00125844
18.04, 10.0021, -0.000874167, -0.00123699
18.05, 10.0021, -0.000886537, -0.00121564
18.06, 10.0021, -0.000898693, -0.00119437
18.07, 10.0021, -0.000910637, -0.00117321
18.08, 10.0021, -0.000922369, -0.00115214
18.09, 10.0021, -0.00093389, -0.00113116
18.1, 10.0021, -0.000945202, -0.00111029
18.11, 10.0021, -0.000956305, -0.00108951
18.12, 10.002, -0.0009672, -0.00106884
18.13, 10.002, -0.000977888, -0.00104827
18.14, 10.002, -0.000988371, -0.0010278
18.15, 10.002, -0.000998649, -0.00100743
18.16, 10.002, -0.00100872, -0.000987175
18.17, 10.002, -0.0010186, -0.00096702
18.18, 10.002, -0.00102827, -0.000946973
18.19, 10.002, -0.00103773, -0.000927034
18.2, 10.002, -0.00104701, -0.000907203
18.21, 10.002, -0.00105608, -0.000887481
18.22, 10.0019, -0.00106495, -0.000867871
18.23, 10.0019, -0.00107363, -0.000848371
18.24, 10.0019, -0.00108211, -0.000828983
18.25, 10.0019, -0.0010904, -0.000809709
18.26, 10.0019, -0.0010985, -0.000790548
18.27, 10.0019, -0.00110641, -0.000771502
18.28, 10.0019, -0.00111412, -0.000752571
18.29, 10.0019, -0.00112165, -0.000733755
18.3, 10.0019, -0.00112899, -0.000715057
18.31, 10.0018, -0.00113614, -0.000696475
18.32, 10.0018, -0.0011431, -0.000678012
18.33, 10.0018, -0.00114988, -0.000659668
18.34, 10.0018, -0.00115648, -0.000641443
18.35, 10.0018, -0.00116289, -0.000623337
18.36, 10.0018, -0.00116913, -0.000605352
18.37, 10.0018, -0.00117518, -0.000587489
18.38, 10.0018, -0.00118105, -0.000569747
18.39, 10.0018, -0.00118675, -0.000552127
18.4, 10.0017, -0.00119227, -0.00053463
18.41, 10.0017, -0.00119762, -0.000517256
18.42, 10.0017, -0.00120279, -0.000500006
18.43, 10.0017, -0.00120779, -0.00048288
18.44, 10.0017, -0.00121262, -0.000465879
18.45, 10.0017, -0.00121728, -0.000449003
18.46, 10.0017, -0.00122177, -0.000432253
18.47, 10.0017, -0.00122609, -0.000415628
18.48, 10.0016, -0.00123025, -0.00039913
18.49, 10.0016, -0.00123424, -0.000382759
18.5, 10.0016, -0.00123807, -0.000366514
18.51, 10.0016, -0.00124173, -0.000350397
18.52, 10.0016, -0.00124524, -0.000334408
18.53, 10.0016, -0.00124858, -0.000318547
18.54, 10.0016, -0.00125177, -0.000302814
18.55, 10.0016, -0.00125479, -0.00028721
18.56, 10.0015, -0.00125767, -0.000271734
18.57, 10.0015, -0.00126038, -0.000256388
18.58, 10.0015, -0.00126295, -0.000241171
18.59, 10.0015, -0.00126536, -0.000226084
18.6, 10.0015, -0.00126762, -0.000211126
18.61, 10.0015, -0.00126973, -0.000196298
18.62, 10.0015, -0.00127169, -0.000181601
18.63, 10.0015, -0.00127351, -0.000167034
18.64, 10.0014, -0.00127518, -0.000152597
18.65, 10.0014, -0.00127671, -0.000138291
18.66, 10.0014, -0.00127809, -0.000124115
18.67, 10.0014, -0.00127933, -0.00011007
18.68, 10.0014, -0.00128043, -9.61563e-05
18.69, 10.0014, -0.00128139, -8.23733e-05
18.7, 10.0014, -0.00128222, -6.87211e-05
18.71, 10.0014, -0.0012829, -5.52e-05
18.72, 10.0013, -0.00128346, -4.181e-05
18.73, 10.0013, -0.00128387, -2.85509e-05
18.74, 10.0013, -0.00128416, -1.5423e-05
18.75, 10.0013, -0.00128431, -2.42605e-06
18.76, 10.0013, -0.00128434, 1.04399e-05
18.77, 10.0013, -0.00128423, 2.31748e-05
18.78, 10.0013, -0.001284, 3.57788e-05
18.79, 10.0012, -0.00128364, 4.82519e-05
18.8, 10.0012, -0.00128316, 6.05942e-05
18.81, 10.0012, -0.00128255, 7.28058e-05
18.82, 10.0012, -0.00128183, 8.48868e-05
18.83, 10.0012, -0.00128098, 9.68373e-05
18.84, 10.0012, -0.00128001, 0.000108657
18.85, 10.0012, -0.00127892, 0.000120347
18.86, 10.0012, -0.00127772, 0.000131907
18.87, 10.0011, -0.0012764, 0.000143337
18.88, 10.0011, -0.00127497, 0.000154637
18.89, 10.0011, -0.00127342, 0.000165808
18.9, 10.0011, -0.00127176, 0.000176849
18.91, 10.0011, -0.00126999, 0.000187761
18.92, 10.0011, -0.00126812, 0.000198543
18.93, 10.0011, -0.00126613, 0.000209198
18.94, 10.0011, -0.00126404, 0.000219723
18.95, 10.001, -0.00126184, 0.000230121
18.96, 10.001, -0.00125954, 0.00024039
18.97, 10.001, -0.00125714, 0.000250532
18.98, 10.001, -0.00125463, 0.000260546
18.99, 10.001, -0.00125203, 0.000270433
19, 10.001, -0.00124932, 0.000280193
19.01, 10.001, -0.00124652, 0.000289826
19.02, 10.001, -0.00124362, 0.000299333
19.03, 10.0009, -0.00124063, 0.000308715
19.04, 10.0009, -0.00123754, 0.00031797
19.05, 10.0009, -0.00123436, 0.000327101
19.06, 10.0009, -0.00123109, 0.000336106
19.07, 10.0009, -0.00122773, 0.000344987
19.08, 10.0009, -0.00122428, 0.000353744
19.09, 10.0009, -0.00122074, 0.000362377
19.1, 10.0009, -0.00121712, 0.000370886
19.11, 10.0008, -0.00121341, 0.000379273
19.12, 10.0008, -0.00120962, 0.000387536
19.13, 10.0008, -0.00120574, 0.000395678
19.14, 10.0008, -0.00120178, 0.000403698
19.15, 10.0008, -0.00119775, 0.000411596
19.16, 10.0008, -0.00119363, 0.000419374
19.17, 10.0008, -0.00118944, 0.000427031
19.18, 10.0008, -0.00118517, 0.000434568
19.19, 10.0008, -0.00118082, 0.000441985
19.2, 10.0007, -0.0011764, 0.000449284
19.21, 10.0007, -0.00117191, 0.000456463
19.22, 10.0007, -0.00116734, 0.000463525
19.23, 10.0007, -0.00116271, 0.000470469
19.24, 10.0007, -0.001158, 0.000477296
19.25, 10.0007, -0.00115323, 0.000484006
19.26, 10.0007, -0.00114839, 0.0004906
19.27, 10.0007, -0.00114349, 0.000497078
19.28, 10.0006, -0.00113851, 0.000503441
19.29, 10.0006, -0.00113348, 0.000509689
19.3, 10.0006, -0.00112838, 0.000515824
19.31, 10.0006, -0.00112323, 0.000521845
19.32, 10.0006, -0.00111801, 0.000527753
19.33, 10.0006, -0.00111273, 0.000533548
19.34, 10.0006, -0.00110739, 0.000539232
19.35, 10.0006, -0.001102, 0.000544804
19.36, 10.0006, -0.00109655, 0.000550266
19.37, 10.0005, -0.00109105, 0.000555617
19.38, 10.0005, -0.00108549, 0.000560859
19.39, 10.0005, -0.00107989, 0.000565991
19.4, 10.0005, -0.00107423, 0.000571016
19.41, 10.0005, -0.00106852, 0.000575932
19.42, 10.0005, -0.00106276, 0.000580741
19.43, 10.0005, -0.00105695, 0.000585444
19.44, 10.0005, -0.00105109, 0.000590041
19.45, 10.0005, -0.00104519, 0.000594532
19.46, 10.0005, -0.00103925, 0.000598918
19.47, 10.0004, -0.00103326, 0.0006032
19.48, 10.0004, -0.00102723, 0.000607379
19.49, 10.0004, -0.00102115, 0.000611454
19.5, 10.0004, -0.00101504, 0.000615428
19.51, 10.0004, -0.00100889, 0.0006193
19.52, 10.0004, -0.00100269, 0.00062307
19.53, 10.0004, -0.000996461, 0.00062674
19.54, 10.0004, -0.000990194, 0.000630311
19.55, 10.0004, -0.000983891, 0.000633783
19.56, 10.0004, -0.000977553, 0.000637156
19.57, 10.0003, -0.000971181, 0.000640431
19.58, 10.0003, -0.000964777, 0.000643609
19.59, 10.0003, -0.000958341, 0.000646691
19.6, 10.0003, -0.000951874, 0.000649677
19.61, 10.0003, -0.000945377, 0.000652567
19.62, 10.0003, -0.000938852, 0.000655364
19.63, 10.0003, -0.000932298, 0.000658066
19.64, 10.0003, -0.000925717, 0.000660676
19.65, 10.0003, -0.000919111, 0.000663193
19.66, 10.0003, -0.000912479, 0.000665618
19.67, 10.0002, -0.000905823, 0.000667953
19.68, 10.0002, -0.000899143, 0.000670196
19.69, 10.0002, -0.000892441, 0.000672351
19.7, 10.0002, -0.000885718, 0.000674416
19.71, 10.0002, -0.000878973, 0.000676393
19.72, 10.0002, -0.000872209, 0.000678282
19.73, 10.0002, -0.000865427, 0.000680085
19.74, 10.0002, -0.000858626, 0.000681801
19.75, 10.0002, -0.000851808, 0.000683432
19.76, 10.0002, -0.000844973, 0.000684978
19.77, 10.0002, -0.000838124, 0.00068644
19.78, 10.0002, -0.000831259, 0.000687818
19.79, 10.0001, -0.000824381, 0.000689114
19.8, 10.0001, -0.00081749, 0.000690328
19.81, 10.0001, -0.000810587, 0.00069146
19.82, 10.0001, -0.000803672, 0.000692512
19.83, 10.0001, -0.000796747, 0.000693484
19.84, 10.0001, -0.000789812, 0.000694377
19.85, 10.0001, -0.000782868, 0.000695192
19.86, 10.0001, -0.000775916, 0.000695928
19.87, 10.0001, -0.000768957, 0.000696588
19.88, 10.0001, -0.000761991, 0.000697172
19.89, 10.0001, -0.00075502, 0.000697679
19.9, 10.0001, -0.000748043, 0.000698112
19.91, 10.0001, -0.000741062, 0.000698471
19.92, 10, -0.000734077, 0.000698756
19.93, 10, -0.000727089, 0.000698969
19.94, 10, -0.0007201, 0.000699109
19.95, 10, -0.000713109, 0.000699178
19.96, 10, -0.000706117, 0.000699177
19.97, 10, -0.000699125, 0.000699106
19.98, 10, -0.000692134, 0.000698965
19.99, 9.99999, -0.000685144, 0.000698756
20, 9.99999, -0.000678157, 0.000698479
20.01, 9.99998, -0.000671172, 0.000698136
20.02, 9.99997, -0.000664191, 0.000697725
20.03, 9.99997, -0.000657213, 0.00069725
20.04, 9.99996, -0.000650241, 0.000696709
20.05, 9.99995, -0.000643274, 0.000696104
20.06, 9.99995, -0.000636313, 0.000695436
20.07, 9.99994, -0.000629358, 0.000694705
20.08, 9.99993, -0.000622411, 0.000693912
20.09, 9.99993, -0.000615472, 0.000693057
20.1, 9.99992, -0.000608542, 0.000692142
20.11, 9.99992, -0.00060162, 0.000691166
20.12, 9.99991, -0.000594709, 0.000690132
20.13, 9.9999, -0.000587807, 0.000689039
20.14, 9.9999, -0.000580917, 0.000687888
20.15, 9.99989, -0.000574038, 0.00068668
20.16, 9.99989, -0.000567171, 0.000685416
20.17, 9.99988, -0.000560317, 0.000684095
20.18, 9.99988, -0.000553476, 0.00068272
20.19, 9.99987, -0.000546649, 0.00068129
20.2, 9.99987, -0.000539836, 0.000679807
20.21, 9.99986, -0.000533038, 0.000678271
20.22, 9.99985, -0.000526255, 0.000676682
20.23, 9.99985, -0.000519488, 0.000675042
20.24, 9.99984, -0.000512738, 0.00067335
20.25, 9.99984, -0.000506004, 0.000671609
20.26, 9.99983, -0.000499288, 0.000669818
20.27, 9.99983, -0.00049259, 0.000667978
20.28, 9.99982, -0.00048591, 0.00066609
20.29, 9.99982, -0.000479249, 0.000664154
20.3, 9.99982, -0.000472608, 0.000662172
20.31, 9.99981, -0.000465986, 0.000660143
20.32, 9.99981, -0.000459385, 0.000658069
20.33, 9.9998, -0.000452804, 0.00065595
20.34, 9.9998, -0.000446245, 0.000653787
20.35, 9.99979, -0.000439707, 0.00065158
20.36, 9.99979, -0.000433191, 0.00064933
20.37, 9.99978, -0.000426698, 0.000647039
20.38, 9.99978, -0.000420227, 0.000644705
20.39, 9.99978, -0.00041378, 0.000642331
20.4, 9.99977, -0.000407357, 0.000639916
20.41, 9.99977, -0.000400958, 0.000637462
20.42, 9.99976, -0.000394583, 0.000634969
20.43, 9.99976, -0.000388233, 0.000632438
20.44, 9.99976, -0.000381909, 0.000629869
20.45, 9.99975, -0.00037561, 0.000627263
20.46, 9.99975, -0.000369338, 0.00062462
20.47, 9.99974, -0.000363092, 0.000621942
20.48, 9.99974, -0.000356872, 0.000619229
20.49, 9.99974, -0.00035068, 0.000616481
20.5, 9.99973, -0.000344515, 0.000613699
20.51, 9.99973, -0.000338378, 0.000610884
20.52, 9.99973, -0.000332269, 0.000608036
20.53, 9.99972, -0.000326189, 0.000605157
20.54, 9.99972, -0.000320137, 0.000602245
20.55, 9.99972, -0.000314115, 0.000599303
20.56, 9.99971, -0.000308122, 0.000596331
20.57, 9.99971, -0.000302158, 0.00059333
20.58, 9.99971, -0.000296225, 0.000590299
20.59, 9.99971, -0.000290322, 0.00058724
20.6, 9.9997, -0.00028445, 0.000584153
20.61, 9.9997, -0.000278608, 0.000581038
20.62, 9.9997, -0.000272798, 0.000577897
20.63, 9.99969, -0.000267019, 0.000574731
20.64, 9.99969, -0.000261272, 0.000571538
20.65, 9.99969, -0.000255556, 0.000568321
20.66, 9.99969, -0.000249873, 0.000565079
20.67, 9.99968, -0.000244222, 0.000561814
20.68, 9.99968, -0.000238604, 0.000558525
20.69, 9.99968, -0.000233019, 0.000555214
20.7, 9.99968, -0.000227467, 0.000551881
20.71, 9.99968, -0.000221948, 0.000548526
20.72, 9.99967, -0.000216463, 0.00054515
20.73, 9.99967, -0.000211011, 0.000541754
20.74, 9.99967, -0.000205594, 0.000538338
20.75, 9.99967, -0.00020021, 0.000534902
20.76, 9.99967, -0.000194861, 0.000531448
20.77, 9.99966, -0.000189547, 0.000527976
20.78, 9.99966, -0.000184267, 0.000524485
20.79, 9.99966, -0.000179022, 0.000520978
20.8, 9.99966, -0.000173812, 0.000517454
20.81, 9.99966, -0.000168638, 0.000513914
20.82, 9.99965, -0.000163499, 0.000510358
20.83, 9.99965, -0.000158395, 0.000506787
20.84, 9.99965, -0.000153327, 0.000503202
20.85, 9.99965, -0.000148295, 0.000499602
20.86, 9.99965, -0.000143299, 0.000495989
20.87, 9.99965, -0.000138339, 0.000492363
20.88, 9.99965, -0.000133416, 0.000488724
20.89, 9.99964, -0.000128528, 0.000485073
20.9, 9.99964, -0.000123678, 0.00048141
20.91, 9.99964, -0.000118864, 0.000477736
20.92, 9.99964, -0.000114086, 0.000474052
20.93, 9.99964, -0.000109346, 0.000470357
20.94, 9.99964, -0.000104642, 0.000466653
20.95, 9.99964, -9.99756e-05, 0.000462939
20.96, 9.99964, -9.53462e-05, 0.000459217
20.97, 9.99964, -9.0754e-05, 0.000455486
20.98, 9.99964, -8.61992e-05, 0.000451747
20.99, 9.99963, -8.16817e-05, 0.000448001
21, 9.99963, -7.72017e-05, 0.000444249
21.01, 9.99963, -7.27592e-05, 0.000440489
21.02, 9.99963, -6.83543e-05, 0.000436724
21.03, 9.99963, -6.39871e-05, 0.000432952
21.04, 9.99963, -5.96575e-05, 0.000429176
21.05, 9.99963, -5.53658e-05, 0.000425395
21.06, 9.99963, -5.11118e-05, 0.000421609
21.07, 9.99963, -4.68957e-05, 0.00041782
21.08, 9.99963, -4.27175e-05, 0.000414027
21.09, 9.99963, -3.85773e-05, 0.000410231
21.1, 9.99963, -3.44749e-05, 0.000406432
21.11, 9.99963, -3.04106e-05, 0.000402631
21.12, 9.99963, -2.63843e-05, 0.000398829
21.13, 9.99963, -2.2396e-05, 0.000395024
21.14, 9.99963, -1.84458e-05, 0.000391219
21.15, 9.99963, -1.45336e-05, 0.000387413
21.16, 9.99963, -1.06595e-05, 0.000383607
21.17, 9.99963, -6.82339e-06, 0.0003798
21.18, 9.99963, -3.02539e-06, 0.000375995
21.19, 9.99963, 7.3456e-07, 0.00037219
21.2, 9.99963, 4.45646e-06, 0.000368386
21.21, 9.99963, 8.14031e-06, 0.000364584
21.22, 9.99963, 1.17862e-05, 0.000360784
21.23, 9.99963, 1.5394e-05, 0.000356986
21.24, 9.99963, 1.89638e-05, 0.00035319
21.25, 9.99963, 2.24957e-05, 0.000349398
21.26, 9.99963, 2.59897e-05, 0.000345609
21.27, 9.99963, 2.94458e-05, 0.000341824
21.28, 9.99963, 3.28641e-05, 0.000338043
21.29, 9.99963, 3.62445e-05, 0.000334266
21.3, 9.99963, 3.95872e-05, 0.000330494
21.31, 9.99963, 4.28921e-05, 0.000326728
21.32, 9.99963, 4.61594e-05, 0.000322966
21.33, 9.99963, 4.9389e-05, 0.00031921
21.34, 9.99963, 5.25811e-05, 0.00031546
21.35, 9.99963, 5.57357e-05, 0.000311717
21.36, 9.99963, 5.88529e-05, 0.00030798
21.37, 9.99963, 6.19327e-05, 0.00030425
21.38, 9.99963, 6.49752e-05, 0.000300527
21.39, 9.99963, 6.79805e-05, 0.000296812
21.4, 9.99964, 7.09486e-05, 0.000293105
21.41, 9.99964, 7.38797e-05, 0.000289406
21.42, 9.99964, 7.67737e-05, 0.000285715
21.43, 9.99964, 7.96309e-05, 0.000282033
21.44, 9.99964, 8.24512e-05, 0.00027836
21.45, 9.99964, 8.52348e-05, 0.000274697
21.46, 9.99964, 8.79818e-05, 0.000271042
21.47, 9.99964, 9.06922e-05, 0.000267398
21.48, 9.99964, 9.33662e-05, 0.000263764
21.49, 9.99964, 9.60038e-05, 0.00026014
21.5, 9.99964, 9.86052e-05, 0.000256526
21.51, 9.99964, 0.00010117, 0.000252924
21.52, 9.99965, 0.0001037, 0.000249332
21.53, 9.99965, 0.000106193, 0.000245752
21.54, 9.99965, 0.000108651, 0.000242184
21.55, 9.99965, 0.000111072, 0.000238627
21.56, 9.99965, 0.000113459, 0.000235082
21.57, 9.99965, 0.000115809, 0.00023155
21.58, 9.99965, 0.000118125, 0.00022803
21.59, 9.99965, 0.000120405, 0.000224523
21.6, 9.99966, 0.000122651, 0.000221029
21.61, 9.99966, 0.000124861, 0.000217548
21.62, 9.99966, 0.000127036, 0.00021408
21.63, 9.99966, 0.000129177, 0.000210627
21.64, 9.99966, 0.000131283, 0.000207187
21.65, 9.99966, 0.000133355, 0.00020376
21.66, 9.99966, 0.000135393, 0.000200349
21.67, 9.99966, 0.000137396, 0.000196951
21.68, 9.99967, 0.000139366, 0.000193569
21.69, 9.99967, 0.000141302, 0.000190201
21.7, 9.99967, 0.000143204, 0.000186848
21.71, 9.99967, 0.000145072, 0.00018351
21.72, 9.99967, 0.000146907, 0.000180187
21.73, 9.99967, 0.000148709, 0.000176881
21.74, 9.99967, 0.000150478, 0.000173589
21.75, 9.99968, 0.000152214, 0.000170314
21.76, 9.99968, 0.000153917, 0.000167055
21.77, 9.99968, 0.000155587, 0.000163812
21.78, 9.99968, 0.000157225, 0.000160585
21.79, 9.99968, 0.000158831, 0.000157375
21.8, 9.99968, 0.000160405, 0.000154182
21.81, 9.99969, 0.000161947, 0.000151005
21.82, 9.99969, 0.000163457, 0.000147846
21.83, 9.99969, 0.000164935, 0.000144703
21.84, 9.99969, 0.000166382, 0.000141578
21.85, 9.99969, 0.000167798, 0.00013847
21.86, 9.99969, 0.000169183, 0.00013538
21.87, 9.9997, 0.000170537, 0.000132307
21.88, 9.9997, 0.00017186, 0.000129253
21.89, 9.9997, 0.000173152, 0.000126216
21.9, 9.9997, 0.000174414, 0.000123197
21.91, 9.9997, 0.000175646, 0.000120197
21.92, 9.9997, 0.000176848, 0.000117214
21.93, 9.99971, 0.000178021, 0.00011425
21.94, 9.99971, 0.000179163, 0.000111305
21.95, 9.99971, 0.000180276, 0.000108378
21.96, 9.99971, 0.00018136, 0.00010547
21.97, 9.99971, 0.000182415, 0.000102581
21.98, 9.99971, 0.00018344, 9.97105e-05
21.99, 9.99972, 0.000184438, 9.68592e-05
22, 9.99972, 0.000185406, 9.40271e-05
22.01, 9.99972, 0.000186346, 9.12141e-05
22.02, 9.99972, 0.000187259, 8.84204e-05
22.03, 9.99972, 0.000188143, 8.56461e-05
22.04, 9.99973, 0.000188999, 8.28913e-05
22.05, 9.99973, 0.000189828, 8.01559e-05
22.06, 9.99973, 0.00019063, 7.74402e-05
22.07, 9.99973, 0.000191404, 7.47442e-05
22.08, 9.99973, 0.000192151, 7.2068e-05
22.09, 9.99974, 0.000192872, 6.94115e-05
22.1, 9.99974, 0.000193566, 6.6775e-05
22.11, 9.99974, 0.000194234, 6.41584e-05
22.12, 9.99974, 0.000194876, 6.15618e-05
22.13, 9.99974, 0.000195491, 5.89853e-05
22.14, 9.99975, 0.000196081, 5.64289e-05
22.15, 9.99975, 0.000196645, 5.38927e-05
22.16, 9.99975, 0.000197184, 5.13767e-05
22.17, 9.99975, 0.000197698, 4.8881e-05
22.18, 9.99975, 0.000198187, 4.64056e-05
22.19, 9.99976, 0.000198651, 4.39506e-05
22.2, 9.99976, 0.00019909, 4.1516e-05
22.21, 9.99976, 0.000199506, 3.91018e-05
22.22, 9.99976, 0.000199897, 3.67081e-05
22.23, 9.99976, 0.000200264, 3.43349e-05
22.24, 9.99977, 0.000200607, 3.19822e-05
22.25, 9.99977, 0.000200927, 2.96501e-05
22.26, 9.99977, 0.000201223, 2.73386e-05
22.27, 9.99977, 0.000201497, 2.50477e-05
22.28, 9.99977, 0.000201747, 2.27774e-05
22.29, 9.99978, 0.000201975, 2.05278e-05
22.3, 9.99978, 0.00020218, 1.82989e-05
22.31, 9.99978, 0.000202363, 1.60906e-05
22.32, 9.99978, 0.000202524, 1.39031e-05
22.33, 9.99978, 0.000202663, 1.17362e-05
22.34, 9.99979, 0.000202781, 9.59004e-06
22.35, 9.99979, 0.000202876, 7.4646e-06
22.36, 9.99979, 0.000202951, 5.35989e-06
22.37, 9.99979, 0.000203005, 3.27589e-06
22.38, 9.99979, 0.000203037, 1.21262e-06
22.39, 9.9998, 0.00020305, -8.29931e-07
22.4, 9.9998, 0.000203041, -2.85177e-06
22.41, 9.9998, 0.000203013, -4.85291e-06
22.42, 9.9998, 0.000202964, -6.83334e-06
22.43, 9.9998, 0.000202896, -8.7931e-06
22.44, 9.99981, 0.000202808, -1.07322e-05
22.45, 9.99981, 0.000202701, -1.26506e-05
22.46, 9.99981, 0.000202574, -1.45484e-05
22.47, 9.99981, 0.000202429, -1.64255e-05
22.48, 9.99981, 0.000202264, -1.82821e-05
22.49, 9.99982, 0.000202082, -2.01181e-05
22.5, 9.99982, 0.00020188, -2.19335e-05
22.51, 9.99982, 0.000201661, -2.37284e-05
22.52, 9.99982, 0.000201424, -2.55028e-05
22.53, 9.99982, 0.000201169, -2.72567e-05
22.54, 9.99983, 0.000200896, -2.89902e-05
22.55, 9.99983, 0.000200606, -3.07032e-05
22.56, 9.99983, 0.000200299, -3.23959e-05
22.57, 9.99983, 0.000199975, -3.40683e-05
22.58, 9.99983, 0.000199635, -3.57204e-05
22.59, 9.99984, 0.000199277, -3.73522e-05
22.6, 9.99984, 0.000198904, -3.89638e-05
22.61, 9.99984, 0.000198514, -4.05552e-05
22.62, 9.99984, 0.000198109, -4.21265e-05
22.63, 9.99984, 0.000197687, -4.36777e-05
22.64, 9.99985, 0.000197251, -4.52089e-05
22.65, 9.99985, 0.000196799, -4.67201e-05
22.66, 9.99985, 0.000196331, -4.82113e-05
22.67, 9.99985, 0.000195849, -4.96827e-05
22.68, 9.99985, 0.000195352, -5.11342e-05
22.69, 9.99986, 0.000194841, -5.2566e-05
22.7, 9.99986, 0.000194315, -5.39781e-05
22.71, 9.99986, 0.000193776, -5.53705e-05
22.72, 9.99986, 0.000193222, -5.67432e-05
22.73, 9.99986, 0.000192655, -5.80965e-05
22.74, 9.99987, 0.000192074, -5.94303e-05
22.75, 9.99987, 0.000191479, -6.07446e-05
22.76, 9.99987, 0.000190872, -6.20397e-05
22.77, 9.99987, 0.000190251, -6.33154e-05
22.78, 9.99987, 0.000189618, -6.45719e-05
22.79, 9.99987, 0.000188973, -6.58093e-05
22.8, 9.99988, 0.000188314, -6.70276e-05
22.81, 9.99988, 0.000187644, -6.82269e-05
22.82, 9.99988, 0.000186962, -6.94072e-05
22.83, 9.99988, 0.000186268, -7.05687e-05
22.84, 9.99988, 0.000185562, -7.17114e-05
22.85, 9.99989, 0.000184845, -7.28354e-05
22.86, 9.99989, 0.000184117, -7.39407e-05
22.87, 9.99989, 0.000183377, -7.50275e-05
22.88, 9.99989, 0.000182627, -7.60958e-05
22.89, 9.99989, 0.000181866, -7.71458e-05
22.9, 9.9999, 0.000181095, -7.81774e-05
22.91, 9.9999, 0.000180313, -7.91907e-05
22.92, 9.9999, 0.000179521, -8.01859e-05
22.93, 9.9999, 0.000178719, -8.11631e-05
22.94, 9.9999, 0.000177907, -8.21222e-05
22.95, 9.9999, 0.000177086, -8.30635e-05
22.96, 9.99991, 0.000176256, -8.39869e-05
22.97, 9.99991, 0.000175416, -8.48927e-05
22.98, 9.99991, 0.000174567, -8.57807e-05
22.99, 9.99991, 0.000173709, -8.66513e-05
23, 9.99991, 0.000172842, -8.75044e-05
23.01, 9.99991, 0.000171967, -8.83401e-05
23.02, 9.99992, 0.000171084, -8.91585e-05
23.03, 9.99992, 0.000170192, -8.99598e-05
23.04, 9.99992, 0.000169293, -9.07439e-05
23.05, 9.99992, 0.000168385, -9.15111e-05
23.06, 9.99992, 0.00016747, -9.22614e-05
23.07, 9.99992, 0.000166548, -9.29949e-05
23.08, 9.99993, 0.000165618, -9.37116e-05
23.09, 9.99993, 0.000164681, -9.44118e-05
23.1, 9.99993, 0.000163736, -9.50955e-05
23.11, 9.99993, 0.000162786, -9.57627e-05
23.12, 9.99993, 0.000161828, -9.64136e-05
23.13, 9.99993, 0.000160864, -9.70483e-05
23.14, 9.99994, 0.000159893, -9.76669e-05
23.15, 9.99994, 0.000158917, -9.82695e-05
23.16, 9.99994, 0.000157934, -9.88561e-05
23.17, 9.99994, 0.000156945, -9.9427e-05
23.18, 9.99994, 0.000155951, -9.99821e-05
23.19, 9.99994, 0.000154951, -0.000100522
23.2, 9.99995, 0.000153946, -0.000101046
23.21, 9.99995, 0.000152936, -0.000101554
23.22, 9.99995, 0.00015192, -0.000102048
23.23, 9.99995, 0.0001509, -0.000102526
23.24, 9.99995, 0.000149874, -0.000102989
23.25, 9.99995, 0.000148844, -0.000103437
23.26, 9.99995, 0.00014781, -0.00010387
23.27, 9.99996, 0.000146771, -0.000104289
23.28, 9.99996, 0.000145728, -0.000104693
23.29, 9.99996, 0.000144682, -0.000105082
23.3, 9.99996, 0.000143631, -0.000105457
23.31, 9.99996, 0.000142576, -0.000105817
23.32, 9.99996, 0.000141518, -0.000106164
23.33, 9.99996, 0.000140456, -0.000106496
23.34, 9.99997, 0.000139391, -0.000106814
23.35, 9.99997, 0.000138323, -0.000107118
23.36, 9.99997, 0.000137252, -0.000107409
23.37, 9.99997, 0.000136178, -0.000107686
23.38, 9.99997, 0.000135101, -0.000107949
23.39, 9.99997, 0.000134022, -0.000108199
23.4, 9.99997, 0.00013294, -0.000108435
23.41, 9.99998, 0.000131855, -0.000108658
23.42, 9.99998, 0.000130769, -0.000108868
23.43, 9.99998, 0.00012968, -0.000109065
23.44, 9.99998, 0.000128589, -0.00010925
23.45, 9.99998, 0.000127497, -0.000109421
23.46, 9.99998, 0.000126403, -0.00010958
23.47, 9.99998, 0.000125307, -0.000109726
23.48, 9.99998, 0.00012421, -0.00010986
23.49, 9.99999, 0.000123111, -0.000109981
23.5, 9.99999, 0.000122011, -0.00011009
23.51, 9.99999, 0.00012091, -0.000110187
23.52, 9.99999, 0.000119808, -0.000110273
23.53, 9.99999, 0.000118706, -0.000110346
23.54, 9.99999, 0.000117602, -0.000110407
23.55, 9.99999, 0.000116498, -0.000110457
23.56, 9.99999, 0.000115394, -0.000110495
23.57, 10, 0.000114289, -0.000110522
23.58, 10, 0.000113183, -0.000110537
23.59, 10, 0.000112078, -0.000110542
23.6, 10, 0.000110973, -0.000110535
23.61, 10, 0.000109867, -0.000110517
23.62, 10, 0.000108762, -0.000110488
23.63, 10, 0.000107657, -0.000110449
23.64, 10, 0.000106553, -0.000110399
23.65, 10, 0.000105449, -0.000110338
23.66, 10, 0.000104345, -0.000110267
23.67, 10, 0.000103243, -0.000110186
23.68, 10, 0.000102141, -0.000110094
23.69, 10, 0.00010104, -0.000109992
23.7, 10, 9.994e-05, -0.000109881
23.71, 10, 9.88412e-05, -0.000109759
23.72, 10, 9.77436e-05, -0.000109628
23.73, 10, 9.66473e-05, -0.000109487
23.74, 10, 9.55524e-05, -0.000109337
23.75, 10, 9.44591e-05, -0.000109177
23.76, 10, 9.33673e-05, -0.000109008
23.77, 10, 9.22772e-05, -0.00010883
23.78, 10, 9.11889e-05, -0.000108642
23.79, 10, 9.01025e-05, -0.000108446
23.8, 10, 8.9018e-05, -0.000108241
23.81, 10, 8.79356e-05, -0.000108027
23.82, 10, 8.68554e-05, -0.000107804
23.83, 10, 8.57773e-05, -0.000107573
23.84, 10, 8.47016e-05, -0.000107333
23.85, 10, 8.36283e-05, -0.000107086
23.86, 10, 8.25574e-05, -0.000106829
23.87, 10, 8.14891e-05, -0.000106565
23.88, 10, 8.04235e-05, -0.000106293
23.89, 10, 7.93605e-05, -0.000106013
23.9, 10, 7.83004e-05, -0.000105725
23.91, 10, 7.72431e-05, -0.00010543
23.92, 10, 7.61888e-05, -0.000105127
23.93, 10, 7.51376e-05, -0.000104816
23.94, 10, 7.40894e-05, -0.000104499
23.95, 10, 7.30444e-05, -0.000104173
23.96, 10, 7.20027e-05, -0.000103841
23.97, 10, 7.09643e-05, -0.000103502
23.98, 10, 6.99293e-05, -0.000103156
23.99, 10, 6.88977e-05, -0.000102803
24, 10, 6.78697e-05, -0.000102443
24.01, 10, 6.68452e-05, -0.000102077
24.02, 10, 6.58245e-05, -0.000101704
24.03, 10, 6.48074e-05, -0.000101325
24.04, 10, 6.37942e-05, -0.000100939
24.05, 10, 6.27848e-05, -0.000100548
24.06, 10, 6.17793e-05, -0.00010015
24.07, 10, 6.07778e-05, -9.97462e-05
24.08, 10, 5.97803e-05, -9.93365e-05
24.09, 10, 5.8787e-05, -9.8921e-05
24.1, 10, 5.77978e-05, -9.84998e-05
24.11, 10, 5.68128e-05, -9.80731e-05
24.12, 10, 5.5832e-05, -9.76408e-05
24.13, 10, 5.48556e-05, -9.72031e-05
24.14, 10, 5.38836e-05, -9.67601e-05
24.15, 10, 5.2916e-05, -9.6312e-05
24.16, 10, 5.19529e-05, -9.58587e-05
24.17, 10, 5.09943e-05, -9.54004e-05
24.18, 10, 5.00403e-05, -9.49372e-05
24.19, 10, 4.90909e-05, -9.44692e-05
24.2, 10, 4.81462e-05, -9.39965e-05
24.21, 10, 4.72063e-05, -9.35192e-05
24.22, 10, 4.62711e-05, -9.30373e-05
24.23, 10, 4.53407e-05, -9.2551e-05
24.24, 10, 4.44152e-05, -9.20603e-05
24.25, 10, 4.34946e-05, -9.15654e-05
24.26, 10, 4.25789e-05, -9.10664e-05
24.27, 10, 4.16683e-05, -9.05632e-05
24.28, 10, 4.07626e-05, -9.00561e-05
24.29, 10, 3.98621e-05, -8.95451e-05
24.3, 10, 3.89666e-05, -8.90304e-05
24.31, 10.0001, 3.80763e-05, -8.85119e-05
24.32, 10.0001, 3.71912e-05, -8.79898e-05
24.33, 10.0001, 3.63113e-05, -8.74642e-05
24.34, 10.0001, 3.54367e-05, -8.69351e-05
24.35, 10.0001, 3.45673e-05, -8.64027e-05
24.36, 10.0001, 3.37033e-05, -8.58671e-05
24.37, 10.0001, 3.28446e-05, -8.53282e-05
24.38, 10.0001, 3.19913e-05, -8.47863e-05
24.39, 10.0001, 3.11435e-05, -8.42414e-05
24.4, 10.0001, 3.0301e-05, -8.36935e-05
24.41, 10.0001, 2.94641e-05, -8.31428e-05
24.42, 10.0001, 2.86327e-05, -8.25894e-05
24.43, 10.0001, 2.78068e-05, -8.20333e-05
24.44, 10.0001, 2.69865e-05, -8.14746e-05
24.45, 10.0001, 2.61717e-05, -8.09134e-05
24.46, 10.0001, 2.53626e-05, -8.03497e-05
24.47, 10.0001, 2.45591e-05, -7.97838e-05
24.48, 10.0001, 2.37612e-05, -7.92155e-05
24.49, 10.0001, 2.29691e-05, -7.86451e-05
24.5, 10.0001, 2.21826e-05, -7.80726e-05
24.51, 10.0001, 2.14019e-05, -7.74981e-05
24.52, 10.0001, 2.06269e-05, -7.69216e-05
24.53, 10.0001, 1.98577e-05, -7.63433e-05
24.54, 10.0001, 1.90943e-05, -7.57631e-05
24.55, 10.0001, 1.83367e-05, -7.51813e-05
24.56, 10.0001, 1.75848e-05, -7.45978e-05
24.57, 10.0001, 1.68389e-05, -7.40127e-05
24.58, 10.0001, 1.60987e-05, -7.34262e-05
24.59, 10.0001, 1.53645e-05, -7.28382e-05
24.6, 10.0001, 1.46361e-05, -7.22489e-05
24.61, 10.0001, 1.39136e-05, -7.16583e-05
24.62, 10.0001, 1.3197e-05, -7.10665e-05
24.63, 10.0001, 1.24864e-05, -7.04736e-05
24.64, 10.0001, 1.17816e-05, -6.98796e-05
24.65, 10.0001, 1.10828e-05, -6.92846e-05
24.66, 10.0001, 1.039e-05, -6.86887e-05
24.67, 10.0001, 9.70309e-06, -6.8092e-05
24.68, 10.0001, 9.02217e-06, -6.74945e-05
24.69, 10.0001, 8.34722e-06, -6.68963e-05
24.7, 10.0001, 7.67826e-06, -6.62974e-05
24.71, 10.0001, 7.01529e-06, -6.56979e-05
24.72, 10.0001, 6.35831e-06, -6.5098e-05
24.73, 10.0001, 5.70733e-06, -6.44976e-05
24.74, 10.0001, 5.06235e-06, -6.38967e-05
24.75, 10.0001, 4.42338e-06, -6.32956e-05
24.76, 10.0001, 3.79043e-06, -6.26942e-05
24.77, 10.0001, 3.16349e-06, -6.20927e-05
24.78, 10.0001, 2.54256e-06, -6.14909e-05
24.79, 10.0001, 1.92765e-06, -6.08892e-05
24.8, 10.0001, 1.31876e-06, -6.02874e-05
24.81, 10.0001, 7.15884e-07, -5.96856e-05
24.82, 10.0001, 1.19028e-07, -5.9084e-05
24.83, 10.0001, -4.71812e-07, -5.84825e-05
24.84, 10.0001, -1.05664e-06, -5.78813e-05
24.85, 10.0001, -1.63545e-06, -5.72803e-05
24.86, 10.0001, -2.20825e-06, -5.66797e-05
24.87, 10.0001, -2.77505e-06, -5.60795e-05
24.88, 10.0001, -3.33585e-06, -5.54798e-05
24.89, 10.0001, -3.89064e-06, -5.48805e-05
24.9, 10.0001, -4.43945e-06, -5.42818e-05
24.91, 10.0001, -4.98227e-06, -5.36838e-05
24.92, 10.0001, -5.51911e-06, -5.30864e-05
24.93, 10.0001, -6.04997e-06, -5.24897e-05
24.94, 10.0001, -6.57487e-06, -5.18938e-05
24.95, 10.0001, -7.09381e-06, -5.12988e-05
24.96, 10.0001, -7.60679e-06, -5.07046e-05
24.97, 10.0001, -8.11384e-06, -5.01114e-05
24.98, 10.0001, -8.61495e-06, -4.95191e-05
24.99, 10.0001, -9.11014e-06, -4.89279e-05
25, 10.0001, -9.59942e-06, -4.83377e-05
25.01, 10.0001, -1.00828e-05, -4.77487e-05
25.02, 10.0001, -1.05603e-05, -4.71608e-05
25.03, 10.0001, -1.10319e-05, -4.65742e-05
25.04, 10.0001, -1.14976e-05, -4.59888e-05
25.05, 10.0001, -1.19575e-05, -4.54048e-05
25.06, 10.0001, -1.24116e-05, -4.48221e-05
25.07, 10.0001, -1.28598e-05, -4.42408e-05
25.08, 10.0001, -1.33022e-05, -4.3661e-05
25.09, 10.0001, -1.37388e-05, -4.30826e-05
25.1, 10.0001, -1.41696e-05, -4.25058e-05
25.11, 10.0001, -1.45947e-05, -4.19306e-05
25.12, 10.0001, -1.5014e-05, -4.1357e-05
25.13, 10.0001, -1.54276e-05, -4.0785e-05
25.14, 10.0001, -1.58354e-05, -4.02147e-05
25.15, 10.0001, -1.62376e-05, -3.96462e-05
25.16, 10.0001, -1.6634e-05, -3.90794e-05
25.17, 10.0001, -1.70248e-05, -3.85145e-05
25.18, 10.0001, -1.741e-05, -3.79514e-05
25.19, 10.0001, -1.77895e-05, -3.73903e-05
25.2, 10.0001, -1.81634e-05, -3.6831e-05
25.21, 10.0001, -1.85317e-05, -3.62737e-05
25.22, 10.0001, -1.88944e-05, -3.57184e-05
25.23, 10.0001, -1.92516e-05, -3.51652e-05
25.24, 10.0001, -1.96033e-05, -3.4614e-05
25.25, 10.0001, -1.99494e-05, -3.40649e-05
25.26, 10.0001, -2.02901e-05, -3.3518e-05
25.27, 10.0001, -2.06252e-05, -3.29732e-05
25.28, 10.0001, -2.0955e-05, -3.24307e-05
25.29, 10.0001, -2.12793e-05, -3.18903e-05
25.3, 10.0001, -2.15982e-05, -3.13523e-05
25.31, 10.0001, -2.19117e-05, -3.08165e-05
25.32, 10.0001, -2.22199e-05, -3.02831e-05
25.33, 10.0001, -2.25227e-05, -2.97521e-05
25.34, 10.0001, -2.28202e-05, -2.92234e-05
25.35, 10.0001, -2.31125e-05, -2.86971e-05
25.36, 10.0001, -2.33994e-05, -2.81733e-05
25.37, 10.0001, -2.36812e-05, -2.7652e-05
25.38, 10.0001, -2.39577e-05, -2.71331e-05
25.39, 10.0001, -2.4229e-05, -2.66168e-05
25.4, 10.0001, -2.44952e-05, -2.61031e-05
25.41, 10.0001, -2.47562e-05, -2.55919e-05
25.42, 10.0001, -2.50121e-05, -2.50833e-05
25.43, 10.0001, -2.5263e-05, -2.45774e-05
25.44, 10, -2.55087e-05, -2.40741e-05
25.45, 10, -2.57495e-05, -2.35735e-05
25.46, 10, -2.59852e-05, -2.30756e-05
25.47, 10, -2.6216e-05, -2.25804e-05
25.48, 10, -2.64418e-05, -2.20879e-05
25.49, 10, -2.66627e-05, -2.15982e-05
25.5, 10, -2.68786e-05, -2.11113e-05
25.51, 10, -2.70897e-05, -2.06272e-05
25.52, 10, -2.7296e-05, -2.0146e-05
25.53, 10, -2.74975e-05, -1.96675e-05
25.54, 10, -2.76942e-05, -1.9192e-05
25.55, 10, -2.78861e-05, -1.87193e-05
25.56, 10, -2.80733e-05, -1.82496e-05
25.57, 10, -2.82558e-05, -1.77827e-05
25.58, 10, -2.84336e-05, -1.73188e-05
25.59, 10, -2.86068e-05, -1.68578e-05
25.6, 10, -2.87754e-05, -1.63999e-05
25.61, 10, -2.89394e-05, -1.59448e-05
25.62, 10, -2.90988e-05, -1.54928e-05
25.63, 10, -2.92537e-05, -1.50439e-05
25.64, 10, -2.94042e-05, -1.45979e-05
25.65, 10, -2.95501e-05, -1.4155e-05
25.66, 10, -2.96917e-05, -1.37151e-05
25.67, 10, -2.98289e-05, -1.32784e-05
25.68, 10, -2.99616e-05, -1.28447e-05
25.69, 10, -3.00901e-05, -1.24141e-05
25.7, 10, -3.02142e-05, -1.19866e-05
25.71, 10, -3.03341e-05, -1.15622e-05
25.72, 10, -3.04497e-05, -1.1141e-05
25.73, 10, -3.05611e-05, -1.07229e-05
25.74, 10, -3.06683e-05, -1.03079e-05
25.75, 10, -3.07714e-05, -9.89611e-06
25.76, 10, -3.08704e-05, -9.48749e-06
25.77, 10, -3.09653e-05, -9.08205e-06
25.78, 10, -3.10561e-05, -8.67979e-06
25.79, 10, -3.11429e-05, -8.28073e-06
25.8, 10, -3.12257e-05, -7.88487e-06
25.81, 10, -3.13045e-05, -7.49222e-06
25.82, 10, -3.13795e-05, -7.10279e-06
25.83, 10, -3.14505e-05, -6.71658e-06
25.84, 10, -3.15177e-05, -6.33359e-06
25.85, 10, -3.1581e-05, -5.95385e-06
25.86, 10, -3.16405e-05, -5.57734e-06
25.87, 10, -3.16963e-05, -5.20408e-06
25.88, 10, -3.17483e-05, -4.83407e-06
25.89, 10, -3.17967e-05, -4.46731e-06
25.9, 10, -3.18414e-05, -4.10381e-06
25.91, 10, -3.18824e-05, -3.74357e-06
25.92, 10, -3.19198e-05, -3.3866e-06
25.93, 10, -3.19537e-05, -3.03289e-06
25.94, 10, -3.1984e-05, -2.68245e-06
25.95, 10, -3.20108e-05, -2.33528e-06
25.96, 10, -3.20342e-05, -1.99138e-06
25.97, 10, -3.20541e-05, -1.65076e-06
25.98, 10, -3.20706e-05, -1.31342e-06
25.99, 10, -3.20838e-05, -9.79348e-07
26, 10, -3.20936e-05, -6.48555e-07
26.01, 10, -3.21e-05, -3.21037e-07
26.02, 10, -3.21032e-05, 3.20489e-09
26.03, 10, -3.21032e-05, 3.24171e-07
26.04, 10, -3.21e-05, 6.41864e-07
26.05, 10, -3.20936e-05, 9.56283e-07
26.06, 10, -3.2084e-05, 1.26743e-06
26.07, 10, -3.20713e-05, 1.57531e-06
26.08, 10, -3.20556e-05, 1.87992e-06
26.09, 10, -3.20368e-05, 2.18127e-06
26.1, 10, -3.2015e-05, 2.47936e-06
26.11, 10, -3.19902e-05, 2.77418e-06
26.12, 10, -3.19624e-05, 3.06575e-06
26.13, 10, -3.19318e-05, 3.35407e-06
26.14, 10, -3.18982e-05, 3.63915e-06
26.15, 10, -3.18618e-05, 3.92098e-06
26.16, 10, -3.18226e-05, 4.19957e-06
26.17, 10, -3.17806e-05, 4.47493e-06
26.18, 10, -3.17359e-05, 4.74706e-06
26.19, 10, -3.16884e-05, 5.01596e-06
26.2, 10, -3.16382e-05, 5.28165e-06
26.21, 10, -3.15854e-05, 5.54413e-06
26.22, 10, -3.153e-05, 5.8034e-06
26.23, 10, -3.14719e-05, 6.05947e-06
26.24, 10, -3.14114e-05, 6.31235e-06
26.25, 10, -3.13482e-05, 6.56205e-06
26.26, 10, -3.12826e-05, 6.80857e-06
26.27, 10, -3.12145e-05, 7.05191e-06
26.28, 10, -3.1144e-05, 7.2921e-06
26.29, 10, -3.10711e-05, 7.52912e-06
26.3, 10, -3.09958e-05, 7.76301e-06
26.31, 10, -3.09182e-05, 7.99375e-06
26.32, 10, -3.08382e-05, 8.22136e-06
26.33, 10, -3.0756e-05, 8.44586e-06
26.34, 10, -3.06716e-05, 8.66724e-06
26.35, 10, -3.05849e-05, 8.88552e-06
26.36, 10, -3.0496e-05, 9.1007e-06
26.37, 10, -3.0405e-05, 9.3128e-06
26.38, 10, -3.03119e-05, 9.52183e-06
26.39, 10, -3.02167e-05, 9.7278e-06
26.4, 10, -3.01194e-05, 9.93071e-06
26.41, 10, -3.00201e-05, 1.01306e-05
26.42, 10, -2.99188e-05, 1.03274e-05
26.43, 10, -2.98155e-05, 1.05212e-05
26.44, 10, -2.97103e-05, 1.0712e-05
26.45, 10, -2.96032e-05, 1.08999e-05
26.46, 10, -2.94942e-05, 1.10847e-05
26.47, 10, -2.93833e-05, 1.12665e-05
26.48, 10, -2.92707e-05, 1.14454e-05
26.49, 10, -2.91562e-05, 1.16213e-05
26.5, 10, -2.904e-05, 1.17943e-05
26.51, 10, -2.89221e-05, 1.19644e-05
26.52, 10, -2.88024e-05, 1.21316e-05
26.53, 10, -2.86811e-05, 1.22958e-05
26.54, 10, -2.85581e-05, 1.24572e-05
26.55, 10, -2.84336e-05, 1.26157e-05
26.56, 10, -2.83074e-05, 1.27713e-05
26.57, 10, -2.81797e-05, 1.29241e-05
26.58, 10, -2.80505e-05, 1.3074e-05
26.59, 10, -2.79197e-05, 1.32211e-05
26.6, 10, -2.77875e-05, 1.33654e-05
26.61, 10, -2.76538e-05, 1.3507e-05
26.62, 10, -2.75188e-05, 1.36457e-05
26.63, 10, -2.73823e-05, 1.37817e-05
26.64, 10, -2.72445e-05, 1.39149e-05
26.65, 10, -2.71054e-05, 1.40454e-05
26.66, 10, -2.69649e-05, 1.41731e-05
26.67, 10, -2.68232e-05, 1.42982e-05
26.68, 10, -2.66802e-05, 1.44206e-05
26.69, 10, -2.6536e-05, 1.45403e-05
26.7, 10, -2.63906e-05, 1.46573e-05
26.71, 10, -2.6244e-05, 1.47716e-05
26.72, 10, -2.60963e-05, 1.48834e-05
26.73, 10, -2.59475e-05, 1.49925e-05
26.74, 10, -2.57975e-05, 1.5099e-05
26.75, 10, -2.56465e-05, 1.5203e-05
26.76, 10, -2.54945e-05, 1.53043e-05
26.77, 10, -2.53415e-05, 1.54032e-05
26.78, 10, -2.51874e-05, 1.54994e-05
26.79, 10, -2.50324e-05, 1.55932e-05
26.8, 10, -2.48765e-05, 1.56844e-05
26.81, 10, -2.47197e-05, 1.57732e-05
26.82, 10, -2.45619e-05, 1.58595e-05
26.83, 10, -2.44033e-05, 1.59433e-05
26.84, 10, -2.42439e-05, 1.60247e-05
26.85, 10, -2.40837e-05, 1.61037e-05
26.86, 10, -2.39226e-05, 1.61802e-05
26.87, 10, -2.37608e-05, 1.62544e-05
26.88, 10, -2.35983e-05, 1.63262e-05
26.89, 10, -2.3435e-05, 1.63956e-05
26.9, 10, -2.32711e-05, 1.64627e-05
26.91, 10, -2.31064e-05, 1.65275e-05
26.92, 10, -2.29412e-05, 1.65899e-05
26.93, 10, -2.27753e-05, 1.66501e-05
26.94, 10, -2.26088e-05, 1.6708e-05
26.95, 10, -2.24417e-05, 1.67636e-05
26.96, 10, -2.2274e-05, 1.6817e-05
26.97, 10, -2.21059e-05, 1.68682e-05
26.98, 10, -2.19372e-05, 1.69172e-05
26.99, 10, -2.1768e-05, 1.6964e-05
27, 10, -2.15984e-05, 1.70086e-05
27.01, 10, -2.14283e-05, 1.70511e-05
27.02, 10, -2.12578e-05, 1.70914e-05
27.03, 10, -2.10869e-05, 1.71297e-05
27.04, 10, -2.09156e-05, 1.71658e-05
27.05, 10, -2.07439e-05, 1.71998e-05
27.06, 10, -2.05719e-05, 1.72318e-05
27.07, 10, -2.03996e-05, 1.72617e-05
27.08, 10, -2.0227e-05, 1.72896e-05
27.09, 10, -2.00541e-05, 1.73155e-05
27.1, 10, -1.98809e-05, 1.73394e-05
27.11, 10, -1.97075e-05, 1.73614e-05
27.12, 10, -1.95339e-05, 1.73813e-05
27.13, 10, -1.93601e-05, 1.73994e-05
27.14, 10, -1.91861e-05, 1.74155e-05
27.15, 10, -1.9012e-05, 1.74297e-05
27.16, 10, -1.88377e-05, 1.7442e-05
27.17, 10, -1.86632e-05, 1.74525e-05
27.18, 10, -1.84887e-05, 1.7461e-05
27.19, 10, -1.83141e-05, 1.74678e-05
27.2, 10, -1.81394e-05, 1.74728e-05
27.21, 10, -1.79647e-05, 1.74759e-05
27.22, 10, -1.77899e-05, 1.74773e-05
27.23, 10, -1.76152e-05, 1.74769e-05
27.24, 10, -1.74404e-05, 1.74748e-05
27.25, 10, -1.72656e-05, 1.74709e-05
27.26, 10, -1.70909e-05, 1.74654e-05
27.27, 10, -1.69163e-05, 1.74581e-05
27.28, 10, -1.67417e-05, 1.74492e-05
27.29, 10, -1.65672e-05, 1.74386e-05
27.3, 10, -1.63928e-05, 1.74264e-05
27.31, 10, -1.62186e-05, 1.74125e-05
27.32, 10, -1.60444e-05, 1.73971e-05
27.33, 10, -1.58705e-05, 1.73801e-05
27.34, 10, -1.56967e-05, 1.73615e-05
27.35, 10, -1.5523e-05, 1.73414e-05
27.36, 10, -1.53496e-05, 1.73197e-05
27.37, 10, -1.51764e-05, 1.72965e-05
27.38, 10, -1.50035e-05, 1.72718e-05
27.39, 10, -1.48308e-05, 1.72457e-05
27.4, 10, -1.46583e-05, 1.72181e-05
27.41, 10, -1.44861e-05, 1.7189e-05
27.42, 10, -1.43142e-05, 1.71585e-05
27.43, 10, -1.41426e-05, 1.71266e-05
27.44, 10, -1.39714e-05, 1.70934e-05
27.45, 10, -1.38004e-05, 1.70587e-05
27.46, 10, -1.36299e-05, 1.70227e-05
27.47, 10, -1.34596e-05, 1.69854e-05
27.48, 10, -1.32898e-05, 1.69467e-05
27.49, 10, -1.31203e-05, 1.69067e-05
27.5, 10, -1.29512e-05, 1.68655e-05
27.51, 10, -1.27826e-05, 1.68229e-05
27.52, 10, -1.26144e-05, 1.67791e-05
27.53, 10, -1.24466e-05, 1.67341e-05
27.54, 10, -1.22792e-05, 1.66879e-05
27.55, 10, -1.21123e-05, 1.66405e-05
27.56, 10, -1.19459e-05, 1.65918e-05
27.57, 10, -1.178e-05, 1.6542e-05
27.58, 10, -1.16146e-05, 1.64911e-05
27.59, 10, -1.14497e-05, 1.6439e-05
27.6, 10, -1.12853e-05, 1.63858e-05
27.61, 9.99999, -1.11214e-05, 1.63315e-05
27.62, 9.99999, -1.09581e-05, 1.62762e-05
27.63, 9.99999, -1.07954e-05, 1.62197e-05
27.64, 9.99999, -1.06332e-05, 1.61622e-05
27.65, 9.99999, -1.04715e-05, 1.61037e-05
27.66, 9.99999, -1.03105e-05, 1.60441e-05
27.67, 9.99999, -1.01501e-05, 1.59836e-05
27.68, 9.99999, -9.99023e-06, 1.5922e-05
27.69, 9.99999, -9.83101e-06, 1.58595e-05
27.7, 9.99999, -9.67242e-06, 1.57961e-05
27.71, 9.99999, -9.51446e-06, 1.57317e-05
27.72, 9.99999, -9.35714e-06, 1.56663e-05
27.73, 9.99999, -9.20048e-06, 1.56001e-05
27.74, 9.99999, -9.04448e-06, 1.5533e-05
27.75, 9.99999, -8.88915e-06, 1.5465e-05
27.76, 9.99999, -8.7345e-06, 1.53961e-05
27.77, 9.99999, -8.58054e-06, 1.53264e-05
27.78, 9.99999, -8.42727e-06, 1.52559e-05
27.79, 9.99999, -8.27471e-06, 1.51845e-05
27.8, 9.99999, -8.12287e-06, 1.51124e-05
27.81, 9.99999, -7.97174e-06, 1.50395e-05
27.82, 9.99999, -7.82135e-06, 1.49658e-05
27.83, 9.99999, -7.67169e-06, 1.48913e-05
27.84, 9.99999, -7.52278e-06, 1.48161e-05
27.85, 9.99999, -7.37462e-06, 1.47402e-05
27.86, 9.99999, -7.22721e-06, 1.46636e-05
27.87, 9.99999, -7.08058e-06, 1.45863e-05
27.88, 9.99999, -6.93472e-06, 1.45083e-05
27.89, 9.99999, -6.78963e-06, 1.44297e-05
27.9, 9.99999, -6.64533e-06, 1.43504e-05
27.91, 9.99999, -6.50183e-06, 1.42705e-05
27.92, 9.99999, -6.35913e-06, 1.41899e-05
27.93, 9.99999, -6.21723e-06, 1.41088e-05
27.94, 9.99999, -6.07614e-06, 1.4027e-05
27.95, 9.99999, -5.93587e-06, 1.39447e-05
27.96, 9.99999, -5.79642e-06, 1.38618e-05
27.97, 9.99999, -5.6578e-06, 1.37784e-05
27.98, 9.99999, -5.52002e-06, 1.36944e-05
27.99, 9.99999, -5.38308e-06, 1.36099e-05
28, 9.99999, -5.24698e-06, 1.35249e-05
28.01, 9.99999, -5.11173e-06, 1.34394e-05
28.02, 9.99999, -4.97733e-06, 1.33535e-05
28.03, 9.99999, -4.8438e-06, 1.3267e-05
28.04, 9.99999, -4.71113e-06, 1.31802e-05
28.05, 9.99999, -4.57933e-06, 1.30928e-05
28.06, 9.99999, -4.4484e-06, 1.30051e-05
28.07, 9.99999, -4.31835e-06, 1.29169e-05
28.08, 9.99999, -4.18918e-06, 1.28283e-05
28.09, 9.99999, -4.06089e-06, 1.27394e-05
28.1, 9.99999, -3.9335e-06, 1.265e-05
28.11, 9.99999, -3.807e-06, 1.25603e-05
28.12, 9.99999, -3.6814e-06, 1.24703e-05
28.13, 9.99999, -3.5567e-06, 1.23799e-05
28.14, 9.99999, -3.4329e-06, 1.22892e-05
28.15, 9.99999, -3.31e-06, 1.21982e-05
28.16, 9.99999, -3.18802e-06, 1.21068e-05
28.17, 9.99999, -3.06695e-06, 1.20152e-05
28.18, 9.99999, -2.9468e-06, 1.19233e-05
28.19, 9.99999, -2.82757e-06, 1.18312e-05
28.2, 9.99999, -2.70926e-06, 1.17388e-05
28.21, 9.99999, -2.59187e-06, 1.16461e-05
28.22, 9.99999, -2.47541e-06, 1.15532e-05
28.23, 9.99999, -2.35988e-06, 1.14602e-05
28.24, 9.99999, -2.24527e-06, 1.13669e-05
28.25, 9.99999, -2.13161e-06, 1.12734e-05
28.26, 9.99999, -2.01887e-06, 1.11797e-05
28.27, 9.99999, -1.90708e-06, 1.10858e-05
28.28, 9.99999, -1.79622e-06, 1.09918e-05
28.29, 9.99999, -1.6863e-06, 1.08977e-05
28.3, 9.99999, -1.57732e-06, 1.08034e-05
28.31, 9.99999, -1.46929e-06, 1.0709e-05
28.32, 9.99999, -1.3622e-06, 1.06144e-05
28.33, 9.99999, -1.25605e-06, 1.05198e-05
28.34, 9.99999, -1.15086e-06, 1.0425e-05
28.35, 9.99999, -1.04661e-06, 1.03302e-05
28.36, 9.99999, -9.43304e-07, 1.02353e-05
28.37, 9.99999, -8.40951e-07, 1.01403e-05
28.38, 9.99999, -7.39547e-07, 1.00453e-05
28.39, 9.99999, -6.39094e-07, 9.95025e-06
28.4, 9.99999, -5.39591e-07, 9.85515e-06
28.41, 9.99999, -4.4104e-07, 9.76002e-06
28.42, 9.99999, -3.4344e-07, 9.66488e-06
28.43, 9.99999, -2.46791e-07, 9.56973e-06
28.44, 9.99999, -1.51094e-07, 9.47459e-06
28.45, 9.99999, -5.63478e-08, 9.37946e-06
28.46, 9.99999, 3.74468e-08, 9.28435e-06
28.47, 9.99999, 1.3029e-07, 9.18928e-06
28.48, 9.99999, 2.22183e-07, 9.09424e-06
28.49, 9.99999, 3.13126e-07, 8.99926e-06
28.5, 9.99999, 4.03118e-07, 8.90434e-06
28.51, 9.99999, 4.92161e-07, 8.80948e-06
28.52, 9.99999, 5.80256e-07, 8.7147e-06
28.53, 9.99999, 6.67403e-07, 8.62001e-06
28.54, 9.99999, 7.53603e-07, 8.52542e-06
28.55, 9.99999, 8.38858e-07, 8.43092e-06
28.56, 9.99999, 9.23167e-07, 8.33654e-06
28.57, 9.99999, 1.00653e-06, 8.24227e-06
28.58, 9.99999, 1.08895e-06, 8.14814e-06
28.59, 9.99999, 1.17044e-06, 8.05414e-06
28.6, 9.99999, 1.25098e-06, 7.96028e-06
28.61, 9.99999, 1.33058e-06, 7.86658e-06
28.62, 9.99999, 1.40925e-06, 7.77304e-06
28.63, 9.99999, 1.48698e-06, 7.67966e-06
28.64, 9.99999, 1.56377e-06, 7.58646e-06
28.65, 9.99999, 1.63964e-06, 7.49344e-06
28.66, 9.99999, 1.71457e-06, 7.40062e-06
28.67, 9.99999, 1.78858e-06, 7.30799e-06
28.68, 9.99999, 1.86166e-06, 7.21556e-06
28.69, 9.99999, 1.93381e-06, 7.12335e-06
28.7, 9.99999, 2.00505e-06, 7.03135e-06
28.71, 9.99999, 2.07536e-06, 6.93959e-06
28.72, 9.99999, 2.14476e-06, 6.84805e-06
28.73, 9.99999, 2.21324e-06, 6.75675e-06
28.74, 9.99999, 2.28081e-06, 6.66571e-06
28.75, 9.99999, 2.34746e-06, 6.57491e-06
28.76, 9.99999, 2.41321e-06, 6.48437e-06
28.77, 9.99999, 2.47805e-06, 6.3941e-06
28.78, 9.99999, 2.542e-06, 6.30411e-06
28.79, 9.99999, 2.60504e-06, 6.21439e-06
28.8, 9.99999, 2.66718e-06, 6.12495e-06
28.81, 9.99999, 2.72843e-06, 6.03581e-06
28.82, 9.99999, 2.78879e-06, 5.94696e-06
28.83, 9.99999, 2.84826e-06, 5.85842e-06
28.84, 9.99999, 2.90684e-06, 5.77018e-06
28.85, 9.99999, 2.96454e-06, 5.68226e-06
28.86, 9.99999, 3.02137e-06, 5.59466e-06
28.87, 9.99999, 3.07731e-06, 5.50738e-06
28.88, 9.99999, 3.13239e-06, 5.42044e-06
28.89, 9.99999, 3.18659e-06, 5.33383e-06
28.9, 9.99999, 3.23993e-06, 5.24756e-06
28.91, 9.99999, 3.29241e-06, 5.16164e-06
28.92, 9.99999, 3.34402e-06, 5.07607e-06
28.93, 9.99999, 3.39478e-06, 4.99086e-06
28.94, 9.99999, 3.44469e-06, 4.90601e-06
28.95, 9.99999, 3.49375e-06, 4.82152e-06
28.96, 9.99999, 3.54197e-06, 4.73741e-06
28.97, 9.99999, 3.58934e-06, 4.65367e-06
28.98, 9.99999, 3.63588e-06, 4.57032e-06
28.99, 9.99999, 3.68158e-06, 4.48734e-06
29, 9.99999, 3.72645e-06, 4.40476e-06
29.01, 9.99999, 3.7705e-06, 4.32257e-06
29.02, 9.99999, 3.81373e-06, 4.24078e-06
29.03, 9.99999, 3.85613e-06, 4.15939e-06
29.04, 9.99999, 3.89773e-06, 4.07841e-06
29.05, 9.99999, 3.93851e-06, 3.99783e-06
29.06, 9.99999, 3.97849e-06, 3.91768e-06
29.07, 9.99999, 4.01767e-06, 3.83793e-06
29.08, 9.99999, 4.05605e-06, 3.75861e-06
29.09, 9.99999, 4.09363e-06, 3.67972e-06
29.1, 9.99999, 4.13043e-06, 3.60126e-06
29.11, 9.99999, 4.16644e-06, 3.52322e-06
29.12, 9.99999, 4.20168e-06, 3.44563e-06
29.13, 9.99999, 4.23613e-06, 3.36847e-06
29.14, 9.99999, 4.26982e-06, 3.29175e-06
29.15, 9.99999, 4.30273e-06, 3.21548e-06
29.16, 9.99999, 4.33489e-06, 3.13966e-06
29.17, 9.99999, 4.36629e-06, 3.06429e-06
29.18, 9.99999, 4.39693e-06, 2.98938e-06
29.19, 9.99999, 4.42682e-06, 2.91492e-06
29.2, 9.99999, 4.45597e-06, 2.84093e-06
29.21, 9.99999, 4.48438e-06, 2.76739e-06
29.22, 9.99999, 4.51205e-06, 2.69433e-06
29.23, 9.99999, 4.539e-06, 2.62173e-06
29.24, 9.99999, 4.56522e-06, 2.5496e-06
29.25, 9.99999, 4.59071e-06, 2.47795e-06
29.26, 9.99999, 4.61549e-06, 2.40677e-06
29.27, 9.99999, 4.63956e-06, 2.33607e-06
29.28, 9.99999, 4.66292e-06, 2.26585e-06
29.29, 9.99999, 4.68558e-06, 2.19612e-06
29.3, 9.99999, 4.70754e-06, 2.12687e-06
29.31, 9.99999, 4.72881e-06, 2.0581e-06
29.32, 9.99999, 4.74939e-06, 1.98983e-06
29.33, 9.99999, 4.76929e-06, 1.92204e-06
29.34, 9.99999, 4.78851e-06, 1.85475e-06
29.35, 9.99999, 4.80705e-06, 1.78795e-06
29.36, 9.99999, 4.82493e-06, 1.72165e-06
29.37, 9.99999, 4.84215e-06, 1.65584e-06
29.38, 9.99999, 4.85871e-06, 1.59053e-06
29.39, 9.99999, 4.87461e-06, 1.52573e-06
29.4, 9.99999, 4.88987e-06, 1.46143e-06
29.41, 9.99999, 4.90449e-06, 1.39763e-06
29.42, 9.99999, 4.91846e-06, 1.33433e-06
29.43, 9.99999, 4.93181e-06, 1.27154e-06
29.44, 9.99999, 4.94452e-06, 1.20926e-06
29.45, 9.99999, 4.95661e-06, 1.14748e-06
29.46, 9.99999, 4.96809e-06, 1.08622e-06
29.47, 9.99999, 4.97895e-06, 1.02546e-06
29.48, 9.99999, 4.9892e-06, 9.65218e-07
29.49, 9.99999, 4.99886e-06, 9.05486e-07
29.5, 9.99999, 5.00791e-06, 8.46267e-07
29.51, 9.99999, 5.01637e-06, 7.87561e-07
29.52, 9.99999, 5.02425e-06, 7.29369e-07
29.53, 9.99999, 5.03154e-06, 6.71692e-07
29.54, 9.99999, 5.03826e-06, 6.1453e-07
29.55, 9.99999, 5.04441e-06, 5.57885e-07
29.56, 9.99999, 5.04999e-06, 5.01755e-07
29.57, 9.99999, 5.055e-06, 4.46143e-07
29.58, 9.99999, 5.05946e-06, 3.91047e-07
29.59, 9.99999, 5.06337e-06, 3.36469e-07
29.6, 9.99999, 5.06674e-06, 2.82408e-07
29.61, 9.99999, 5.06956e-06, 2.28866e-07
29.62, 9.99999, 5.07185e-06, 1.75841e-07
29.63, 9.99999, 5.07361e-06, 1.23334e-07
29.64, 9.99999, 5.07484e-06, 7.13449e-08
29.65, 9.99999, 5.07556e-06, 1.9874e-08
29.66, 9.99999, 5.07576e-06, -3.10792e-08
29.67, 9.99999, 5.07545e-06, -8.15148e-08
29.68, 10, 5.07463e-06, -1.31433e-07
29.69, 10, 5.07332e-06, -1.80833e-07
29.7, 10, 5.07151e-06, -2.29717e-07
29.71, 10, 5.06921e-06, -2.78083e-07
29.72, 10, 5.06643e-06, -3.25934e-07
29.73, 10, 5.06317e-06, -3.73268e-07
29.74, 10, 5.05944e-06, -4.20088e-07
29.75, 10, 5.05524e-06, -4.66392e-07
29.76, 10, 5.05057e-06, -5.12182e-07
29.77, 10, 5.04545e-06, -5.57458e-07
29.78, 10, 5.03988e-06, -6.02222e-07
29.79, 10, 5.03385e-06, -6.46473e-07
29.8, 10, 5.02739e-06, -6.90212e-07
29.81, 10, 5.02049e-06, -7.33441e-07
29.82, 10, 5.01315e-06, -7.76159e-07
29.83, 10, 5.00539e-06, -8.18369e-07
29.84, 10, 4.99721e-06, -8.6007e-07
29.85, 10, 4.98861e-06, -9.01265e-07
29.86, 10, 4.97959e-06, -9.41953e-07
29.87, 10, 4.97017e-06, -9.82136e-07
29.88, 10, 4.96035e-06, -1.02181e-06
29.89, 10, 4.95013e-06, -1.06099e-06
29.9, 10, 4.93953e-06, -1.09966e-06
29.91, 10, 4.92853e-06, -1.13784e-06
29.92, 10, 4.91715e-06, -1.17551e-06
29.93, 10, 4.90539e-06, -1.21269e-06
29.94, 10, 4.89327e-06, -1.24937e-06
29.95, 10, 4.88077e-06, -1.28555e-06
29.96, 10, 4.86792e-06, -1.32124e-06
29.97, 10, 4.85471e-06, -1.35644e-06
29.98, 10, 4.84114e-06, -1.39115e-06
29.99, 10, 4.82723e-06, -1.42536e-06