========================================
Experiment: PID Controller + Spring Mass Damper
========================================

Simulation Parameters
---------------------
Target Position : 10.0 m
Simulation Time : 50.0 s
Time Step (dt) : 0.01 s

Controller
----------
Kp : 2.0
Ki : 1.0
Kd : 2.0

Plant
-----
Mass : 1.0 kg
Spring Constant : 2.0
Damping Coefficient : 1.0

Observed Results
----------------
- Position converges to the target.
- The steps become shorter and shorter
- Maximum observed position: 10
- PID control is very stabe for spring mass damper

Logs
----
time,position,velocity,controller_output
0, 0, 0, 20.1
0.01, 0.00201, 0.201, 19.794
0.02, 0.00597889, 0.396889, 19.4942
0.03, 0.0118563, 0.587743, 19.2006
0.04, 0.0195927, 0.773634, 18.9132
0.05, 0.029139, 0.954638, 18.6318
0.06, 0.0404473, 1.13083, 18.3564
0.07, 0.05347, 1.30227, 18.0869
0.08, 0.0681605, 1.46905, 17.8233
0.09, 0.0844728, 1.63123, 17.5654
0.1, 0.102362, 1.78888, 17.3133
0.11, 0.121782, 1.94208, 17.0669
0.12, 0.142691, 2.09089, 16.826
0.13, 0.165045, 2.23539, 16.5907
0.14, 0.188802, 2.37564, 16.3608
0.15, 0.213919, 2.51172, 16.1362
0.16, 0.240356, 2.64368, 15.917
0.17, 0.268072, 2.77161, 15.7031
0.18, 0.297027, 2.89556, 15.4943
0.19, 0.327183, 3.01561, 15.2906
0.2, 0.358501, 3.13181, 15.092
0.21, 0.390944, 3.24425, 14.8983
0.22, 0.424474, 3.35297, 14.7096
0.23, 0.459054, 3.45804, 14.5257
0.24, 0.494649, 3.55954, 14.3465
0.25, 0.531225, 3.65752, 14.1721
0.26, 0.568745, 3.75204, 14.0023
0.27, 0.607177, 3.84317, 13.8371
0.28, 0.646486, 3.93096, 13.6765
0.29, 0.686641, 4.01549, 13.5202
0.3, 0.727609, 4.0968, 13.3684
0.31, 0.769359, 4.17497, 13.2209
0.32, 0.811859, 4.25004, 13.0776
0.33, 0.85508, 4.32208, 12.9385
0.34, 0.898991, 4.39114, 12.8036
0.35, 0.943564, 4.45728, 12.6727
0.36, 0.98877, 4.52057, 12.5459
0.37, 1.03458, 4.58104, 12.4229
0.38, 1.08097, 4.63877, 12.3039
0.39, 1.12791, 4.6938, 12.1887
0.4, 1.17537, 4.74619, 12.0772
0.41, 1.22333, 4.796, 11.9695
0.42, 1.27176, 4.84327, 11.8654
0.43, 1.32064, 4.88805, 11.7648
0.44, 1.36995, 4.93041, 11.6678
0.45, 1.41965, 4.97038, 11.5742
0.46, 1.46973, 5.00803, 11.4841
0.47, 1.52016, 5.04339, 11.3973
0.48, 1.57093, 5.07653, 11.3138
0.49, 1.622, 5.10748, 11.2335
0.5, 1.67337, 5.1363, 11.1564
0.51, 1.725, 5.16304, 11.0824
0.52, 1.77687, 5.18773, 11.0115
0.53, 1.82898, 5.21043, 10.9436
0.54, 1.88129, 5.23118, 10.8787
0.55, 1.93379, 5.25003, 10.8166
0.56, 1.98646, 5.26702, 10.7575
0.57, 2.03928, 5.2822, 10.7011
0.58, 2.09224, 5.2956, 10.6474
0.59, 2.14531, 5.30727, 10.5965
0.6, 2.19848, 5.31726, 10.5482
0.61, 2.25174, 5.3256, 10.5025
0.62, 2.30506, 5.33233, 10.4593
0.63, 2.35844, 5.3375, 10.4186
0.64, 2.41185, 5.34114, 10.3804
0.65, 2.46528, 5.3433, 10.3446
0.66, 2.51872, 5.34401, 10.3111
0.67, 2.57216, 5.3433, 10.2799
0.68, 2.62557, 5.34123, 10.251
0.69, 2.67895, 5.33781, 10.2243
0.7, 2.73228, 5.3331, 10.1997
0.71, 2.78555, 5.32712, 10.1773
0.72, 2.83875, 5.31991, 10.1569
0.73, 2.89186, 5.3115, 10.1386
0.74, 2.94488, 5.30194, 10.1222
0.75, 2.99779, 5.29124, 10.1078
0.76, 3.05059, 5.27945, 10.0953
0.77, 3.10325, 5.2666, 10.0846
0.78, 3.15578, 5.25271, 10.0758
0.79, 3.20816, 5.23783, 10.0687
0.8, 3.26038, 5.22198, 10.0634
0.81, 3.31243, 5.20518, 10.0597
0.82, 3.36431, 5.18748, 10.0578
0.83, 3.416, 5.1689, 10.0574
0.84, 3.46749, 5.14946, 10.0586
0.85, 3.51878, 5.1292, 10.0613
0.86, 3.56986, 5.10815, 10.0656
0.87, 3.62073, 5.08632, 10.0713
0.88, 3.67136, 5.06376, 10.0784
0.89, 3.72177, 5.04048, 10.087
0.9, 3.77193, 5.01651, 10.0969
0.91, 3.82185, 4.99187, 10.1081
0.92, 3.87152, 4.9666, 10.1206
0.93, 3.92093, 4.94071, 10.1343
0.94, 3.97007, 4.91423, 10.1493
0.95, 4.01894, 4.88718, 10.1655
0.96, 4.06754, 4.85958, 10.1828
0.97, 4.11585, 4.83146, 10.2013
0.98, 4.16388, 4.80284, 10.2208
0.99, 4.21162, 4.77374, 10.2414
1, 4.25906, 4.74419, 10.263
1.01, 4.3062, 4.7142, 10.2857
1.02, 4.35304, 4.68379, 10.3093
1.03, 4.39957, 4.65298, 10.3338
1.04, 4.44579, 4.6218, 10.3593
1.05, 4.49169, 4.59026, 10.3857
1.06, 4.53727, 4.55838, 10.4129
1.07, 4.58253, 4.52618, 10.441
1.08, 4.62747, 4.49367, 10.4698
1.09, 4.67208, 4.46089, 10.4994
1.1, 4.71636, 4.42783, 10.5298
1.11, 4.7603, 4.39452, 10.561
1.12, 4.80391, 4.36098, 10.5928
1.13, 4.84719, 4.32722, 10.6253
1.14, 4.89012, 4.29326, 10.6584
1.15, 4.93271, 4.25911, 10.6922
1.16, 4.97496, 4.22479, 10.7266
1.17, 5.01686, 4.1903, 10.7616
1.18, 5.05842, 4.15568, 10.7972
1.19, 5.09963, 4.12093, 10.8333
1.2, 5.14049, 4.08606, 10.8699
1.21, 5.181, 4.05109, 10.907
1.22, 5.22116, 4.01603, 10.9446
1.23, 5.26097, 3.98089, 10.9826
1.24, 5.30042, 3.94569, 11.0211
1.25, 5.33953, 3.91043, 11.06
1.26, 5.37828, 3.87514, 11.0993
1.27, 5.41668, 3.83981, 11.139
1.28, 5.45472, 3.80447, 11.1791
1.29, 5.49241, 3.76912, 11.2194
1.3, 5.52975, 3.73378, 11.2602
1.31, 5.56674, 3.69845, 11.3012
1.32, 5.60337, 3.66314, 11.3425
1.33, 5.63965, 3.62787, 11.3841
1.34, 5.67557, 3.59264, 11.426
1.35, 5.71115, 3.55746, 11.468
1.36, 5.74637, 3.52234, 11.5104
1.37, 5.78124, 3.48729, 11.5529
1.38, 5.81577, 3.45232, 11.5956
1.39, 5.84994, 3.41744, 11.6386
1.4, 5.88377, 3.38265, 11.6816
1.41, 5.91725, 3.34797, 11.7249
1.42, 5.95038, 3.31339, 11.7683
1.43, 5.98317, 3.27893, 11.8118
1.44, 6.01562, 3.2446, 11.8554
1.45, 6.04772, 3.21039, 11.8991
1.46, 6.07948, 3.17633, 11.9429
1.47, 6.11091, 3.1424, 11.9868
1.48, 6.14199, 3.10863, 12.0308
1.49, 6.17274, 3.07501, 12.0748
1.5, 6.20316, 3.04155, 12.1188
1.51, 6.23324, 3.00826, 12.1629
1.52, 6.26299, 2.97515, 12.207
1.53, 6.29242, 2.9422, 12.2511
1.54, 6.32151, 2.90945, 12.2952
1.55, 6.35028, 2.87687, 12.3394
1.56, 6.37872, 2.84449, 12.3834
1.57, 6.40685, 2.81231, 12.4275
1.58, 6.43465, 2.78032, 12.4715
1.59, 6.46214, 2.74854, 12.5155
1.6, 6.4893, 2.71697, 12.5594
1.61, 6.51616, 2.68561, 12.6032
1.62, 6.54271, 2.65446, 12.647
1.63, 6.56894, 2.62353, 12.6907
1.64, 6.59487, 2.59282, 12.7343
1.65, 6.62049, 2.56234, 12.7778
1.66, 6.64581, 2.53209, 12.8212
1.67, 6.67083, 2.50206, 12.8645
1.68, 6.69556, 2.47227, 12.9077
1.69, 6.71998, 2.44271, 12.9508
1.7, 6.74412, 2.41339, 12.9937
1.71, 6.76796, 2.38432, 13.0365
1.72, 6.79152, 2.35548, 13.0792
1.73, 6.81478, 2.32688, 13.1217
1.74, 6.83777, 2.29854, 13.164
1.75, 6.86047, 2.27044, 13.2062
1.76, 6.8829, 2.24258, 13.2482
1.77, 6.90505, 2.21498, 13.2901
1.78, 6.92693, 2.18763, 13.3318
1.79, 6.94853, 2.16054, 13.3733
1.8, 6.96987, 2.13369, 13.4146
1.81, 6.99094, 2.1071, 13.4557
1.82, 7.01175, 2.08077, 13.4966
1.83, 7.03229, 2.05469, 13.5374
1.84, 7.05258, 2.02887, 13.5779
1.85, 7.07262, 2.00331, 13.6182
1.86, 7.0924, 1.97801, 13.6583
1.87, 7.11193, 1.95297, 13.6983
1.88, 7.13121, 1.92818, 13.738
1.89, 7.15024, 1.90365, 13.7774
1.9, 7.16904, 1.87939, 13.8167
1.91, 7.18759, 1.85538, 13.8557
1.92, 7.20591, 1.83163, 13.8945
1.93, 7.22399, 1.80814, 13.9331
1.94, 7.24184, 1.78491, 13.9714
1.95, 7.25946, 1.76194, 14.0096
1.96, 7.27685, 1.73923, 14.0474
1.97, 7.29402, 1.71677, 14.0851
1.98, 7.31096, 1.69457, 14.1225
1.99, 7.32769, 1.67263, 14.1596
2, 7.3442, 1.65095, 14.1965
2.01, 7.36049, 1.62952, 14.2332
2.02, 7.37658, 1.60835, 14.2696
2.03, 7.39245, 1.58743, 14.3058
2.04, 7.40812, 1.56676, 14.3417
2.05, 7.42358, 1.54635, 14.3773
2.06, 7.43885, 1.52619, 14.4127
2.07, 7.45391, 1.50628, 14.4479
2.08, 7.46877, 1.48661, 14.4828
2.09, 7.48345, 1.4672, 14.5175
2.1, 7.49793, 1.44803, 14.5518
2.11, 7.51222, 1.42911, 14.586
2.12, 7.52632, 1.41044, 14.6199
2.13, 7.54024, 1.39201, 14.6535
2.14, 7.55398, 1.37382, 14.6868
2.15, 7.56754, 1.35587, 14.72
2.16, 7.58092, 1.33816, 14.7528
2.17, 7.59413, 1.32068, 14.7854
2.18, 7.60716, 1.30345, 14.8177
2.19, 7.62003, 1.28645, 14.8498
2.2, 7.63272, 1.26968, 14.8816
2.21, 7.64525, 1.25315, 14.9132
2.22, 7.65762, 1.23684, 14.9445
2.23, 7.66983, 1.22077, 14.9755
2.24, 7.68188, 1.20492, 15.0063
2.25, 7.69377, 1.18929, 15.0368
2.26, 7.70551, 1.17389, 15.0671
2.27, 7.7171, 1.15871, 15.0971
2.28, 7.72854, 1.14376, 15.1268
2.29, 7.73983, 1.12902, 15.1563
2.3, 7.75097, 1.11449, 15.1856
2.31, 7.76197, 1.10018, 15.2146
2.32, 7.77283, 1.08609, 15.2433
2.33, 7.78356, 1.0722, 15.2718
2.34, 7.79414, 1.05853, 15.3
2.35, 7.80459, 1.04506, 15.328
2.36, 7.81491, 1.0318, 15.3558
2.37, 7.8251, 1.01874, 15.3833
2.38, 7.83516, 1.00588, 15.4105
2.39, 7.84509, 0.993227, 15.4375
2.4, 7.8549, 0.980768, 15.4643
2.41, 7.86458, 0.968505, 15.4908
2.42, 7.87415, 0.956436, 15.517
2.43, 7.88359, 0.944559, 15.5431
2.44, 7.89292, 0.932872, 15.5689
2.45, 7.90213, 0.921374, 15.5944
2.46, 7.91123, 0.910061, 15.6197
2.47, 7.92022, 0.898933, 15.6448
2.48, 7.9291, 0.887987, 15.6696
2.49, 7.93788, 0.877222, 15.6942
2.5, 7.94654, 0.866634, 15.7186
2.51, 7.9551, 0.856223, 15.7428
2.52, 7.96356, 0.845987, 15.7667
2.53, 7.97192, 0.835922, 15.7904
2.54, 7.98018, 0.826028, 15.8138
2.55, 7.98835, 0.816303, 15.8371
2.56, 7.99641, 0.806743, 15.8601
2.57, 8.00439, 0.797349, 15.8829
2.58, 8.01227, 0.788116, 15.9055
2.59, 8.02006, 0.779045, 15.9278
2.6, 8.02776, 0.770131, 15.95
2.61, 8.03537, 0.761375, 15.9719
2.62, 8.0429, 0.752773, 15.9936
2.63, 8.05035, 0.744323, 16.0151
2.64, 8.05771, 0.736024, 16.0364
2.65, 8.06498, 0.727875, 16.0575
2.66, 8.07218, 0.719871, 16.0784
2.67, 8.0793, 0.712013, 16.0991
2.68, 8.08635, 0.704298, 16.1196
2.69, 8.09331, 0.696724, 16.1399
2.7, 8.10021, 0.689289, 16.16
2.71, 8.10703, 0.681992, 16.1798
2.72, 8.11377, 0.67483, 16.1995
2.73, 8.12045, 0.667801, 16.219
2.74, 8.12706, 0.660904, 16.2383
2.75, 8.1336, 0.654137, 16.2574
2.76, 8.14008, 0.647498, 16.2764
2.77, 8.14649, 0.640985, 16.2951
2.78, 8.15283, 0.634597, 16.3137
2.79, 8.15912, 0.628331, 16.332
2.8, 8.16534, 0.622186, 16.3502
2.81, 8.1715, 0.616159, 16.3682
2.82, 8.1776, 0.61025, 16.3861
2.83, 8.18365, 0.604457, 16.4037
2.84, 8.18964, 0.598776, 16.4212
2.85, 8.19557, 0.593208, 16.4386
2.86, 8.20145, 0.58775, 16.4557
2.87, 8.20727, 0.582401, 16.4727
2.88, 8.21304, 0.577158, 16.4895
2.89, 8.21876, 0.572021, 16.5061
2.9, 8.22443, 0.566987, 16.5226
2.91, 8.23005, 0.562055, 16.5389
2.92, 8.23562, 0.557222, 16.5551
2.93, 8.24115, 0.552489, 16.5711
2.94, 8.24663, 0.547852, 16.587
2.95, 8.25206, 0.543311, 16.6027
2.96, 8.25745, 0.538863, 16.6182
2.97, 8.26279, 0.534507, 16.6336
2.98, 8.2681, 0.530242, 16.6488
2.99, 8.27336, 0.526066, 16.6639
3, 8.27858, 0.521978, 16.6789
3.01, 8.28376, 0.517975, 16.6937
3.02, 8.2889, 0.514058, 16.7084
3.03, 8.294, 0.510223, 16.7229
3.04, 8.29906, 0.506469, 16.7373
3.05, 8.30409, 0.502796, 16.7515
3.06, 8.30908, 0.499201, 16.7656
3.07, 8.31404, 0.495684, 16.7796
3.08, 8.31896, 0.492243, 16.7935
3.09, 8.32385, 0.488876, 16.8072
3.1, 8.32871, 0.485582, 16.8208
3.11, 8.33353, 0.482359, 16.8342
3.12, 8.33832, 0.479208, 16.8476
3.13, 8.34308, 0.476125, 16.8608
3.14, 8.34782, 0.47311, 16.8739
3.15, 8.35252, 0.470161, 16.8868
3.16, 8.35719, 0.467277, 16.8997
3.17, 8.36183, 0.464458, 16.9124
3.18, 8.36645, 0.461701, 16.925
3.19, 8.37104, 0.459005, 16.9375
3.2, 8.37561, 0.45637, 16.9499
3.21, 8.38014, 0.453793, 16.9622
3.22, 8.38466, 0.451274, 16.9744
3.23, 8.38914, 0.448812, 16.9864
3.24, 8.39361, 0.446405, 16.9984
3.25, 8.39805, 0.444053, 17.0102
3.26, 8.40247, 0.441754, 17.022
3.27, 8.40686, 0.439506, 17.0336
3.28, 8.41123, 0.43731, 17.0451
3.29, 8.41559, 0.435164, 17.0566
3.3, 8.41992, 0.433066, 17.0679
3.31, 8.42423, 0.431016, 17.0791
3.32, 8.42852, 0.429012, 17.0903
3.33, 8.43279, 0.427055, 17.1013
3.34, 8.43704, 0.425142, 17.1123
3.35, 8.44127, 0.423272, 17.1231
3.36, 8.44549, 0.421445, 17.1339
3.37, 8.44968, 0.41966, 17.1446
3.38, 8.45386, 0.417916, 17.1552
3.39, 8.45802, 0.416211, 17.1657
3.4, 8.46217, 0.414545, 17.1761
3.41, 8.4663, 0.412918, 17.1864
3.42, 8.47041, 0.411327, 17.1967
3.43, 8.47451, 0.409772, 17.2069
3.44, 8.47859, 0.408253, 17.2169
3.45, 8.48266, 0.406768, 17.227
3.46, 8.48671, 0.405316, 17.2369
3.47, 8.49075, 0.403898, 17.2467
3.48, 8.49478, 0.402511, 17.2565
3.49, 8.49879, 0.401156, 17.2662
3.5, 8.50279, 0.39983, 17.2758
3.51, 8.50677, 0.398535, 17.2854
3.52, 8.51075, 0.397268, 17.2949
3.53, 8.51471, 0.396029, 17.3043
3.54, 8.51865, 0.394817, 17.3136
3.55, 8.52259, 0.393632, 17.3229
3.56, 8.52651, 0.392473, 17.3321
3.57, 8.53043, 0.391339, 17.3412
3.58, 8.53433, 0.390229, 17.3503
3.59, 8.53822, 0.389143, 17.3593
3.6, 8.5421, 0.38808, 17.3683
3.61, 8.54597, 0.38704, 17.3771
3.62, 8.54983, 0.386022, 17.386
3.63, 8.55368, 0.385024, 17.3947
3.64, 8.55752, 0.384047, 17.4034
3.65, 8.56135, 0.38309, 17.412
3.66, 8.56518, 0.382153, 17.4206
3.67, 8.56899, 0.381234, 17.4291
3.68, 8.57279, 0.380333, 17.4376
3.69, 8.57659, 0.37945, 17.446
3.7, 8.58037, 0.378584, 17.4544
3.71, 8.58415, 0.377735, 17.4627
3.72, 8.58792, 0.376901, 17.4709
3.73, 8.59168, 0.376083, 17.4791
3.74, 8.59543, 0.37528, 17.4873
3.75, 8.59918, 0.374492, 17.4954
3.76, 8.60291, 0.373717, 17.5034
3.77, 8.60664, 0.372956, 17.5114
3.78, 8.61037, 0.372207, 17.5194
3.79, 8.61408, 0.371472, 17.5273
3.8, 8.61779, 0.370748, 17.5351
3.81, 8.62149, 0.370036, 17.5429
3.82, 8.62518, 0.369335, 17.5507
3.83, 8.62887, 0.368645, 17.5584
3.84, 8.63255, 0.367965, 17.5661
3.85, 8.63622, 0.367296, 17.5737
3.86, 8.63989, 0.366635, 17.5813
3.87, 8.64355, 0.365984, 17.5889
3.88, 8.6472, 0.365342, 17.5964
3.89, 8.65085, 0.364708, 17.6038
3.9, 8.65449, 0.364082, 17.6112
3.91, 8.65812, 0.363464, 17.6186
3.92, 8.66175, 0.362854, 17.626
3.93, 8.66537, 0.36225, 17.6333
3.94, 8.66899, 0.361653, 17.6406
3.95, 8.6726, 0.361062, 17.6478
3.96, 8.67621, 0.360477, 17.655
3.97, 8.67981, 0.359898, 17.6622
3.98, 8.6834, 0.359325, 17.6693
3.99, 8.68699, 0.358756, 17.6764
4, 8.69057, 0.358193, 17.6834
4.01, 8.69414, 0.357634, 17.6905
4.02, 8.69772, 0.357079, 17.6974
4.03, 8.70128, 0.356529, 17.7044
4.04, 8.70484, 0.355982, 17.7113
4.05, 8.70839, 0.355438, 17.7182
4.06, 8.71194, 0.354898, 17.7251
4.07, 8.71549, 0.354361, 17.7319
4.08, 8.71903, 0.353827, 17.7387
4.09, 8.72256, 0.353296, 17.7455
4.1, 8.72609, 0.352766, 17.7522
4.11, 8.72961, 0.352239, 17.7589
4.12, 8.73313, 0.351714, 17.7656
4.13, 8.73664, 0.351191, 17.7723
4.14, 8.74014, 0.350669, 17.7789
4.15, 8.74365, 0.350149, 17.7855
4.16, 8.74714, 0.349629, 17.7921
4.17, 8.75063, 0.349111, 17.7986
4.18, 8.75412, 0.348594, 17.8052
4.19, 8.7576, 0.348077, 17.8117
4.2, 8.76108, 0.347561, 17.8181
4.21, 8.76455, 0.347045, 17.8246
4.22, 8.76801, 0.346529, 17.831
4.23, 8.77147, 0.346014, 17.8374
4.24, 8.77493, 0.345498, 17.8438
4.25, 8.77838, 0.344982, 17.8501
4.26, 8.78182, 0.344466, 17.8564
4.27, 8.78526, 0.343949, 17.8627
4.28, 8.78869, 0.343432, 17.869
4.29, 8.79212, 0.342914, 17.8753
4.3, 8.79555, 0.342395, 17.8815
4.31, 8.79897, 0.341875, 17.8877
4.32, 8.80238, 0.341354, 17.8939
4.33, 8.80579, 0.340832, 17.9001
4.34, 8.80919, 0.340309, 17.9062
4.35, 8.81259, 0.339784, 17.9124
4.36, 8.81598, 0.339258, 17.9185
4.37, 8.81937, 0.338731, 17.9246
4.38, 8.82275, 0.338202, 17.9306
4.39, 8.82613, 0.337671, 17.9367
4.4, 8.8295, 0.337138, 17.9427
4.41, 8.83287, 0.336604, 17.9487
4.42, 8.83623, 0.336067, 17.9547
4.43, 8.83958, 0.335529, 17.9607
4.44, 8.84293, 0.334989, 17.9666
4.45, 8.84628, 0.334446, 17.9725
4.46, 8.84961, 0.333902, 17.9785
4.47, 8.85295, 0.333355, 17.9844
4.48, 8.85628, 0.332806, 17.9902
4.49, 8.8596, 0.332255, 17.9961
4.5, 8.86292, 0.331701, 18.0019
4.51, 8.86623, 0.331145, 18.0078
4.52, 8.86953, 0.330587, 18.0136
4.53, 8.87283, 0.330026, 18.0194
4.54, 8.87613, 0.329463, 18.0251
4.55, 8.87942, 0.328897, 18.0309
4.56, 8.8827, 0.328329, 18.0366
4.57, 8.88598, 0.327758, 18.0424
4.58, 8.88925, 0.327185, 18.0481
4.59, 8.89252, 0.326609, 18.0538
4.6, 8.89578, 0.32603, 18.0595
4.61, 8.89903, 0.325449, 18.0651
4.62, 8.90228, 0.324865, 18.0708
4.63, 8.90552, 0.324279, 18.0764
4.64, 8.90876, 0.323689, 18.082
4.65, 8.91199, 0.323097, 18.0876
4.66, 8.91521, 0.322503, 18.0932
4.67, 8.91843, 0.321906, 18.0988
4.68, 8.92165, 0.321306, 18.1043
4.69, 8.92485, 0.320703, 18.1099
4.7, 8.92805, 0.320098, 18.1154
4.71, 8.93125, 0.31949, 18.1209
4.72, 8.93444, 0.318879, 18.1264
4.73, 8.93762, 0.318266, 18.1319
4.74, 8.9408, 0.31765, 18.1374
4.75, 8.94397, 0.317031, 18.1428
4.76, 8.94713, 0.31641, 18.1483
4.77, 8.95029, 0.315786, 18.1537
4.78, 8.95344, 0.315159, 18.1591
4.79, 8.95659, 0.31453, 18.1645
4.8, 8.95973, 0.313898, 18.1699
4.81, 8.96286, 0.313264, 18.1753
4.82, 8.96598, 0.312627, 18.1806
4.83, 8.9691, 0.311987, 18.186
4.84, 8.97222, 0.311345, 18.1913
4.85, 8.97533, 0.310701, 18.1967
4.86, 8.97843, 0.310054, 18.202
4.87, 8.98152, 0.309404, 18.2073
4.88, 8.98461, 0.308752, 18.2125
4.89, 8.98769, 0.308098, 18.2178
4.9, 8.99076, 0.307442, 18.2231
4.91, 8.99383, 0.306783, 18.2283
4.92, 8.99689, 0.306121, 18.2335
4.93, 8.99995, 0.305458, 18.2388
4.94, 9.00299, 0.304792, 18.244
4.95, 9.00604, 0.304124, 18.2492
4.96, 9.00907, 0.303453, 18.2543
4.97, 9.0121, 0.302781, 18.2595
4.98, 9.01512, 0.302106, 18.2647
4.99, 9.01813, 0.301429, 18.2698
5, 9.02114, 0.30075, 18.2749
5.01, 9.02414, 0.30007, 18.2801
5.02, 9.02714, 0.299387, 18.2852
5.03, 9.03012, 0.298702, 18.2903
5.04, 9.0331, 0.298015, 18.2953
5.05, 9.03608, 0.297326, 18.3004
5.06, 9.03904, 0.296635, 18.3055
5.07, 9.042, 0.295943, 18.3105
5.08, 9.04495, 0.295249, 18.3156
5.09, 9.0479, 0.294553, 18.3206
5.1, 9.05084, 0.293855, 18.3256
5.11, 9.05377, 0.293155, 18.3306
5.12, 9.05669, 0.292454, 18.3356
5.13, 9.05961, 0.291751, 18.3405
5.14, 9.06252, 0.291047, 18.3455
5.15, 9.06543, 0.290341, 18.3505
5.16, 9.06832, 0.289634, 18.3554
5.17, 9.07121, 0.288925, 18.3603
5.18, 9.07409, 0.288215, 18.3652
5.19, 9.07697, 0.287503, 18.3701
5.2, 9.07984, 0.28679, 18.375
5.21, 9.0827, 0.286076, 18.3799
5.22, 9.08555, 0.28536, 18.3848
5.23, 9.0884, 0.284644, 18.3896
5.24, 9.09124, 0.283926, 18.3945
5.25, 9.09407, 0.283206, 18.3993
5.26, 9.09689, 0.282486, 18.4041
5.27, 9.09971, 0.281765, 18.4089
5.28, 9.10252, 0.281042, 18.4137
5.29, 9.10532, 0.280319, 18.4185
5.3, 9.10812, 0.279595, 18.4233
5.31, 9.11091, 0.278869, 18.4281
5.32, 9.11369, 0.278143, 18.4328
5.33, 9.11646, 0.277416, 18.4376
5.34, 9.11923, 0.276689, 18.4423
5.35, 9.12199, 0.27596, 18.447
5.36, 9.12474, 0.275231, 18.4517
5.37, 9.12749, 0.274501, 18.4564
5.38, 9.13023, 0.27377, 18.4611
5.39, 9.13296, 0.273039, 18.4658
5.4, 9.13568, 0.272307, 18.4704
5.41, 9.1384, 0.271575, 18.4751
5.42, 9.1411, 0.270842, 18.4797
5.43, 9.1438, 0.270109, 18.4843
5.44, 9.1465, 0.269375, 18.489
5.45, 9.14918, 0.268641, 18.4936
5.46, 9.15186, 0.267906, 18.4982
5.47, 9.15454, 0.267172, 18.5027
5.48, 9.1572, 0.266437, 18.5073
5.49, 9.15986, 0.265701, 18.5119
5.5, 9.16251, 0.264966, 18.5164
5.51, 9.16515, 0.26423, 18.5209
5.52, 9.16778, 0.263494, 18.5255
5.53, 9.17041, 0.262758, 18.53
5.54, 9.17303, 0.262022, 18.5345
5.55, 9.17564, 0.261286, 18.539
5.56, 9.17825, 0.26055, 18.5435
5.57, 9.18085, 0.259814, 18.5479
5.58, 9.18344, 0.259078, 18.5524
5.59, 9.18602, 0.258343, 18.5568
5.6, 9.1886, 0.257607, 18.5613
5.61, 9.19117, 0.256871, 18.5657
5.62, 9.19373, 0.256136, 18.5701
5.63, 9.19628, 0.255401, 18.5745
5.64, 9.19883, 0.254666, 18.5789
5.65, 9.20137, 0.253932, 18.5833
5.66, 9.2039, 0.253197, 18.5876
5.67, 9.20643, 0.252464, 18.592
5.68, 9.20894, 0.25173, 18.5963
5.69, 9.21145, 0.250997, 18.6006
5.7, 9.21396, 0.250265, 18.605
5.71, 9.21645, 0.249532, 18.6093
5.72, 9.21894, 0.248801, 18.6136
5.73, 9.22142, 0.24807, 18.6179
5.74, 9.22389, 0.247339, 18.6221
5.75, 9.22636, 0.246609, 18.6264
5.76, 9.22882, 0.24588, 18.6306
5.77, 9.23127, 0.245151, 18.6349
5.78, 9.23371, 0.244423, 18.6391
5.79, 9.23615, 0.243696, 18.6433
5.8, 9.23858, 0.24297, 18.6475
5.81, 9.241, 0.242244, 18.6517
5.82, 9.24342, 0.241519, 18.6559
5.83, 9.24583, 0.240795, 18.6601
5.84, 9.24823, 0.240071, 18.6643
5.85, 9.25062, 0.239349, 18.6684
5.86, 9.25301, 0.238627, 18.6726
5.87, 9.25539, 0.237906, 18.6767
5.88, 9.25776, 0.237186, 18.6808
5.89, 9.26012, 0.236467, 18.6849
5.9, 9.26248, 0.235749, 18.689
5.91, 9.26483, 0.235033, 18.6931
5.92, 9.26717, 0.234317, 18.6972
5.93, 9.26951, 0.233602, 18.7012
5.94, 9.27184, 0.232888, 18.7053
5.95, 9.27416, 0.232175, 18.7093
5.96, 9.27647, 0.231463, 18.7134
5.97, 9.27878, 0.230753, 18.7174
5.98, 9.28108, 0.230043, 18.7214
5.99, 9.28338, 0.229335, 18.7254
6, 9.28566, 0.228628, 18.7294
6.01, 9.28794, 0.227922, 18.7333
6.02, 9.29021, 0.227218, 18.7373
6.03, 9.29248, 0.226514, 18.7413
6.04, 9.29474, 0.225812, 18.7452
6.05, 9.29699, 0.225111, 18.7491
6.06, 9.29923, 0.224411, 18.753
6.07, 9.30147, 0.223713, 18.7569
6.08, 9.3037, 0.223016, 18.7608
6.09, 9.30592, 0.22232, 18.7647
6.1, 9.30814, 0.221626, 18.7686
6.11, 9.31035, 0.220933, 18.7725
6.12, 9.31255, 0.220241, 18.7763
6.13, 9.31475, 0.219551, 18.7802
6.14, 9.31693, 0.218862, 18.784
6.15, 9.31912, 0.218175, 18.7878
6.16, 9.32129, 0.217489, 18.7916
6.17, 9.32346, 0.216805, 18.7954
6.18, 9.32562, 0.216122, 18.7992
6.19, 9.32777, 0.21544, 18.803
6.2, 9.32992, 0.21476, 18.8068
6.21, 9.33206, 0.214082, 18.8105
6.22, 9.3342, 0.213405, 18.8143
6.23, 9.33632, 0.212729, 18.818
6.24, 9.33844, 0.212055, 18.8217
6.25, 9.34056, 0.211383, 18.8254
6.26, 9.34267, 0.210712, 18.8291
6.27, 9.34477, 0.210043, 18.8328
6.28, 9.34686, 0.209375, 18.8365
6.29, 9.34895, 0.208709, 18.8402
6.3, 9.35103, 0.208044, 18.8438
6.31, 9.3531, 0.207382, 18.8475
6.32, 9.35517, 0.20672, 18.8511
6.33, 9.35723, 0.206061, 18.8547
6.34, 9.35928, 0.205403, 18.8583
6.35, 9.36133, 0.204746, 18.8619
6.36, 9.36337, 0.204092, 18.8655
6.37, 9.36541, 0.203439, 18.8691
6.38, 9.36743, 0.202788, 18.8727
6.39, 9.36945, 0.202138, 18.8763
6.4, 9.37147, 0.20149, 18.8798
6.41, 9.37348, 0.200844, 18.8833
6.42, 9.37548, 0.200199, 18.8869
6.43, 9.37748, 0.199556, 18.8904
6.44, 9.37946, 0.198915, 18.8939
6.45, 9.38145, 0.198276, 18.8974
6.46, 9.38342, 0.197638, 18.9009
6.47, 9.38539, 0.197002, 18.9044
6.48, 9.38736, 0.196368, 18.9078
6.49, 9.38932, 0.195736, 18.9113
6.5, 9.39127, 0.195105, 18.9147
6.51, 9.39321, 0.194476, 18.9182
6.52, 9.39515, 0.193849, 18.9216
6.53, 9.39708, 0.193223, 18.925
6.54, 9.39901, 0.1926, 18.9284
6.55, 9.40093, 0.191978, 18.9318
6.56, 9.40284, 0.191358, 18.9352
6.57, 9.40475, 0.190739, 18.9386
6.58, 9.40665, 0.190123, 18.9419
6.59, 9.40854, 0.189508, 18.9453
6.6, 9.41043, 0.188895, 18.9486
6.61, 9.41232, 0.188284, 18.952
6.62, 9.41419, 0.187674, 18.9553
6.63, 9.41606, 0.187066, 18.9586
6.64, 9.41793, 0.186461, 18.9619
6.65, 9.41979, 0.185857, 18.9652
6.66, 9.42164, 0.185254, 18.9685
6.67, 9.42349, 0.184654, 18.9718
6.68, 9.42533, 0.184055, 18.975
6.69, 9.42716, 0.183458, 18.9783
6.7, 9.42899, 0.182863, 18.9815
6.71, 9.43081, 0.18227, 18.9848
6.72, 9.43263, 0.181679, 18.988
6.73, 9.43444, 0.181089, 18.9912
6.74, 9.43625, 0.180501, 18.9944
6.75, 9.43804, 0.179915, 18.9976
6.76, 9.43984, 0.179331, 19.0008
6.77, 9.44163, 0.178749, 19.0039
6.78, 9.44341, 0.178168, 19.0071
6.79, 9.44518, 0.17759, 19.0103
6.8, 9.44695, 0.177013, 19.0134
6.81, 9.44872, 0.176438, 19.0165
6.82, 9.45048, 0.175864, 19.0197
6.83, 9.45223, 0.175293, 19.0228
6.84, 9.45398, 0.174723, 19.0259
6.85, 9.45572, 0.174155, 19.029
6.86, 9.45745, 0.173589, 19.0321
6.87, 9.45918, 0.173025, 19.0351
6.88, 9.46091, 0.172462, 19.0382
6.89, 9.46263, 0.171901, 19.0413
6.9, 9.46434, 0.171343, 19.0443
6.91, 9.46605, 0.170785, 19.0474
6.92, 9.46775, 0.17023, 19.0504
6.93, 9.46945, 0.169677, 19.0534
6.94, 9.47114, 0.169125, 19.0564
6.95, 9.47282, 0.168575, 19.0594
6.96, 9.47451, 0.168027, 19.0624
6.97, 9.47618, 0.16748, 19.0654
6.98, 9.47785, 0.166936, 19.0684
6.99, 9.47951, 0.166393, 19.0713
7, 9.48117, 0.165852, 19.0743
7.01, 9.48282, 0.165313, 19.0772
7.02, 9.48447, 0.164775, 19.0801
7.03, 9.48611, 0.164239, 19.0831
7.04, 9.48775, 0.163705, 19.086
7.05, 9.48938, 0.163173, 19.0889
7.06, 9.49101, 0.162643, 19.0918
7.07, 9.49263, 0.162114, 19.0947
7.08, 9.49425, 0.161587, 19.0976
7.09, 9.49586, 0.161062, 19.1004
7.1, 9.49746, 0.160539, 19.1033
7.11, 9.49906, 0.160017, 19.1061
7.12, 9.50066, 0.159497, 19.109
7.13, 9.50225, 0.158979, 19.1118
7.14, 9.50383, 0.158462, 19.1147
7.15, 9.50541, 0.157947, 19.1175
7.16, 9.50699, 0.157434, 19.1203
7.17, 9.50856, 0.156923, 19.1231
7.18, 9.51012, 0.156413, 19.1259
7.19, 9.51168, 0.155906, 19.1286
7.2, 9.51323, 0.155399, 19.1314
7.21, 9.51478, 0.154895, 19.1342
7.22, 9.51633, 0.154392, 19.1369
7.23, 9.51786, 0.153891, 19.1397
7.24, 9.5194, 0.153392, 19.1424
7.25, 9.52093, 0.152894, 19.1451
7.26, 9.52245, 0.152398, 19.1479
7.27, 9.52397, 0.151903, 19.1506
7.28, 9.52548, 0.151411, 19.1533
7.29, 9.52699, 0.15092, 19.156
7.3, 9.5285, 0.15043, 19.1587
7.31, 9.53, 0.149943, 19.1613
7.32, 9.53149, 0.149457, 19.164
7.33, 9.53298, 0.148972, 19.1667
7.34, 9.53447, 0.148489, 19.1693
7.35, 9.53595, 0.148008, 19.172
7.36, 9.53742, 0.147529, 19.1746
7.37, 9.53889, 0.147051, 19.1772
7.38, 9.54036, 0.146575, 19.1798
7.39, 9.54182, 0.1461, 19.1824
7.4, 9.54328, 0.145627, 19.185
7.41, 9.54473, 0.145156, 19.1876
7.42, 9.54617, 0.144686, 19.1902
7.43, 9.54762, 0.144218, 19.1928
7.44, 9.54905, 0.143751, 19.1954
7.45, 9.55049, 0.143286, 19.1979
7.46, 9.55191, 0.142823, 19.2005
7.47, 9.55334, 0.142361, 19.203
7.48, 9.55476, 0.141901, 19.2055
7.49, 9.55617, 0.141442, 19.2081
7.5, 9.55758, 0.140985, 19.2106
7.51, 9.55899, 0.14053, 19.2131
7.52, 9.56039, 0.140076, 19.2156
7.53, 9.56178, 0.139623, 19.2181
7.54, 9.56318, 0.139172, 19.2206
7.55, 9.56456, 0.138723, 19.2231
7.56, 9.56595, 0.138275, 19.2255
7.57, 9.56732, 0.137829, 19.228
7.58, 9.5687, 0.137384, 19.2305
7.59, 9.57007, 0.136941, 19.2329
7.6, 9.57143, 0.136499, 19.2353
7.61, 9.57279, 0.136059, 19.2378
7.62, 9.57415, 0.13562, 19.2402
7.63, 9.5755, 0.135183, 19.2426
7.64, 9.57685, 0.134747, 19.245
7.65, 9.57819, 0.134313, 19.2474
7.66, 9.57953, 0.13388, 19.2498
7.67, 9.58086, 0.133449, 19.2522
7.68, 9.5822, 0.133019, 19.2546
7.69, 9.58352, 0.132591, 19.2569
7.7, 9.58484, 0.132164, 19.2593
7.71, 9.58616, 0.131739, 19.2617
7.72, 9.58747, 0.131315, 19.264
7.73, 9.58878, 0.130892, 19.2663
7.74, 9.59009, 0.130471, 19.2687
7.75, 9.59139, 0.130051, 19.271
7.76, 9.59268, 0.129633, 19.2733
7.77, 9.59398, 0.129216, 19.2756
7.78, 9.59526, 0.128801, 19.2779
7.79, 9.59655, 0.128387, 19.2802
7.8, 9.59783, 0.127974, 19.2825
7.81, 9.5991, 0.127563, 19.2848
7.82, 9.60037, 0.127154, 19.2871
7.83, 9.60164, 0.126745, 19.2893
7.84, 9.60291, 0.126338, 19.2916
7.85, 9.60416, 0.125933, 19.2938
7.86, 9.60542, 0.125528, 19.2961
7.87, 9.60667, 0.125126, 19.2983
7.88, 9.60792, 0.124724, 19.3006
7.89, 9.60916, 0.124324, 19.3028
7.9, 9.6104, 0.123925, 19.305
7.91, 9.61164, 0.123528, 19.3072
7.92, 9.61287, 0.123132, 19.3094
7.93, 9.61409, 0.122737, 19.3116
7.94, 9.61532, 0.122344, 19.3138
7.95, 9.61654, 0.121952, 19.316
7.96, 9.61775, 0.121561, 19.3181
7.97, 9.61897, 0.121172, 19.3203
7.98, 9.62017, 0.120784, 19.3225
7.99, 9.62138, 0.120397, 19.3246
8, 9.62258, 0.120011, 19.3268
8.01, 9.62377, 0.119627, 19.3289
8.02, 9.62497, 0.119244, 19.331
8.03, 9.62615, 0.118863, 19.3331
8.04, 9.62734, 0.118483, 19.3353
8.05, 9.62852, 0.118104, 19.3374
8.06, 9.6297, 0.117726, 19.3395
8.07, 9.63087, 0.117349, 19.3416
8.08, 9.63204, 0.116974, 19.3437
8.09, 9.63321, 0.1166, 19.3457
8.1, 9.63437, 0.116228, 19.3478
8.11, 9.63553, 0.115856, 19.3499
8.12, 9.63668, 0.115486, 19.352
8.13, 9.63783, 0.115117, 19.354
8.14, 9.63898, 0.11475, 19.3561
8.15, 9.64013, 0.114383, 19.3581
8.16, 9.64127, 0.114018, 19.3601
8.17, 9.6424, 0.113654, 19.3622
8.18, 9.64353, 0.113291, 19.3642
8.19, 9.64466, 0.11293, 19.3662
8.2, 9.64579, 0.112569, 19.3682
8.21, 9.64691, 0.11221, 19.3702
8.22, 9.64803, 0.111852, 19.3722
8.23, 9.64915, 0.111495, 19.3742
8.24, 9.65026, 0.11114, 19.3762
8.25, 9.65136, 0.110785, 19.3782
8.26, 9.65247, 0.110432, 19.3802
8.27, 9.65357, 0.11008, 19.3821
8.28, 9.65467, 0.109729, 19.3841
8.29, 9.65576, 0.10938, 19.386
8.3, 9.65685, 0.109031, 19.388
8.31, 9.65794, 0.108684, 19.3899
8.32, 9.65902, 0.108337, 19.3919
8.33, 9.6601, 0.107992, 19.3938
8.34, 9.66118, 0.107648, 19.3957
8.35, 9.66225, 0.107306, 19.3976
8.36, 9.66332, 0.106964, 19.3996
8.37, 9.66439, 0.106624, 19.4015
8.38, 9.66545, 0.106284, 19.4034
8.39, 9.66651, 0.105946, 19.4052
8.4, 9.66756, 0.105609, 19.4071
8.41, 9.66862, 0.105273, 19.409
8.42, 9.66967, 0.104938, 19.4109
8.43, 9.67071, 0.104604, 19.4128
8.44, 9.67176, 0.104271, 19.4146
8.45, 9.6728, 0.10394, 19.4165
8.46, 9.67383, 0.103609, 19.4183
8.47, 9.67486, 0.10328, 19.4202
8.48, 9.67589, 0.102951, 19.422
8.49, 9.67692, 0.102624, 19.4238
8.5, 9.67794, 0.102298, 19.4257
8.51, 9.67896, 0.101973, 19.4275
8.52, 9.67998, 0.101649, 19.4293
8.53, 9.68099, 0.101326, 19.4311
8.54, 9.682, 0.101004, 19.4329
8.55, 9.68301, 0.100683, 19.4347
8.56, 9.68401, 0.100363, 19.4365
8.57, 9.68501, 0.100044, 19.4383
8.58, 9.68601, 0.0997266, 19.4401
8.59, 9.687, 0.0994099, 19.4419
8.6, 9.688, 0.0990943, 19.4436
8.61, 9.68898, 0.0987797, 19.4454
8.62, 9.68997, 0.0984661, 19.4471
8.63, 9.69095, 0.0981535, 19.4489
8.64, 9.69193, 0.097842, 19.4506
8.65, 9.6929, 0.0975314, 19.4524
8.66, 9.69388, 0.0972219, 19.4541
8.67, 9.69484, 0.0969134, 19.4559
8.68, 9.69581, 0.0966059, 19.4576
8.69, 9.69677, 0.0962994, 19.4593
8.7, 9.69773, 0.0959939, 19.461
8.71, 9.69869, 0.0956894, 19.4627
8.72, 9.69964, 0.0953859, 19.4644
8.73, 9.7006, 0.0950834, 19.4661
8.74, 9.70154, 0.0947818, 19.4678
8.75, 9.70249, 0.0944813, 19.4695
8.76, 9.70343, 0.0941817, 19.4712
8.77, 9.70437, 0.0938831, 19.4729
8.78, 9.7053, 0.0935854, 19.4745
8.79, 9.70624, 0.0932887, 19.4762
8.8, 9.70717, 0.092993, 19.4779
8.81, 9.70809, 0.0926982, 19.4795
8.82, 9.70902, 0.0924044, 19.4812
8.83, 9.70994, 0.0921115, 19.4828
8.84, 9.71086, 0.0918196, 19.4844
8.85, 9.71177, 0.0915287, 19.4861
8.86, 9.71269, 0.0912386, 19.4877
8.87, 9.71359, 0.0909495, 19.4893
8.88, 9.7145, 0.0906614, 19.4909
8.89, 9.71541, 0.0903742, 19.4926
8.9, 9.71631, 0.0900878, 19.4942
8.91, 9.7172, 0.0898025, 19.4958
8.92, 9.7181, 0.089518, 19.4974
8.93, 9.71899, 0.0892345, 19.499
8.94, 9.71988, 0.0889518, 19.5005
8.95, 9.72077, 0.0886701, 19.5021
8.96, 9.72165, 0.0883893, 19.5037
8.97, 9.72253, 0.0881094, 19.5053
8.98, 9.72341, 0.0878304, 19.5068
8.99, 9.72429, 0.0875523, 19.5084
9, 9.72516, 0.0872751, 19.51
9.01, 9.72603, 0.0869987, 19.5115
9.02, 9.7269, 0.0867233, 19.5131
9.03, 9.72776, 0.0864487, 19.5146
9.04, 9.72862, 0.0861751, 19.5161
9.05, 9.72948, 0.0859023, 19.5177
9.06, 9.73034, 0.0856303, 19.5192
9.07, 9.73119, 0.0853593, 19.5207
9.08, 9.73204, 0.0850891, 19.5222
9.09, 9.73289, 0.0848198, 19.5238
9.1, 9.73374, 0.0845513, 19.5253
9.11, 9.73458, 0.0842837, 19.5268
9.12, 9.73542, 0.084017, 19.5283
9.13, 9.73626, 0.0837511, 19.5298
9.14, 9.73709, 0.0834861, 19.5313
9.15, 9.73792, 0.0832219, 19.5327
9.16, 9.73875, 0.0829586, 19.5342
9.17, 9.73958, 0.0826961, 19.5357
9.18, 9.7404, 0.0824344, 19.5372
9.19, 9.74123, 0.0821736, 19.5386
9.2, 9.74205, 0.0819136, 19.5401
9.21, 9.74286, 0.0816544, 19.5415
9.22, 9.74368, 0.0813961, 19.543
9.23, 9.74449, 0.0811386, 19.5444
9.24, 9.7453, 0.0808819, 19.5459
9.25, 9.7461, 0.080626, 19.5473
9.26, 9.74691, 0.0803709, 19.5488
9.27, 9.74771, 0.0801167, 19.5502
9.28, 9.74851, 0.0798633, 19.5516
9.29, 9.7493, 0.0796106, 19.553
9.3, 9.7501, 0.0793588, 19.5544
9.31, 9.75089, 0.0791078, 19.5559
9.32, 9.75168, 0.0788576, 19.5573
9.33, 9.75246, 0.0786081, 19.5587
9.34, 9.75325, 0.0783595, 19.5601
9.35, 9.75403, 0.0781117, 19.5615
9.36, 9.7548, 0.0778646, 19.5628
9.37, 9.75558, 0.0776183, 19.5642
9.38, 9.75635, 0.0773728, 19.5656
9.39, 9.75713, 0.0771281, 19.567
9.4, 9.75789, 0.0768842, 19.5684
9.41, 9.75866, 0.0766411, 19.5697
9.42, 9.75943, 0.0763987, 19.5711
9.43, 9.76019, 0.0761571, 19.5724
9.44, 9.76095, 0.0759162, 19.5738
9.45, 9.7617, 0.0756761, 19.5751
9.46, 9.76246, 0.0754368, 19.5765
9.47, 9.76321, 0.0751982, 19.5778
9.48, 9.76396, 0.0749604, 19.5792
9.49, 9.76471, 0.0747234, 19.5805
9.5, 9.76545, 0.0744871, 19.5818
9.51, 9.76619, 0.0742515, 19.5832
9.52, 9.76693, 0.0740167, 19.5845
9.53, 9.76767, 0.0737827, 19.5858
9.54, 9.76841, 0.0735494, 19.5871
9.55, 9.76914, 0.0733168, 19.5884
9.56, 9.76987, 0.0730849, 19.5897
9.57, 9.7706, 0.0728538, 19.591
9.58, 9.77133, 0.0726235, 19.5923
9.59, 9.77205, 0.0723938, 19.5936
9.6, 9.77277, 0.0721649, 19.5949
9.61, 9.77349, 0.0719367, 19.5962
9.62, 9.77421, 0.0717092, 19.5974
9.63, 9.77492, 0.0714825, 19.5987
9.64, 9.77564, 0.0712564, 19.6
9.65, 9.77635, 0.0710311, 19.6013
9.66, 9.77705, 0.0708065, 19.6025
9.67, 9.77776, 0.0705826, 19.6038
9.68, 9.77846, 0.0703594, 19.605
9.69, 9.77916, 0.0701369, 19.6063
9.7, 9.77986, 0.0699152, 19.6075
9.71, 9.78056, 0.0696941, 19.6088
9.72, 9.78126, 0.0694737, 19.61
9.73, 9.78195, 0.069254, 19.6113
9.74, 9.78264, 0.069035, 19.6125
9.75, 9.78333, 0.0688167, 19.6137
9.76, 9.78401, 0.0685991, 19.6149
9.77, 9.7847, 0.0683822, 19.6162
9.78, 9.78538, 0.0681659, 19.6174
9.79, 9.78606, 0.0679504, 19.6186
9.8, 9.78673, 0.0677355, 19.6198
9.81, 9.78741, 0.0675213, 19.621
9.82, 9.78808, 0.0673078, 19.6222
9.83, 9.78875, 0.067095, 19.6234
9.84, 9.78942, 0.0668828, 19.6246
9.85, 9.79009, 0.0666713, 19.6258
9.86, 9.79075, 0.0664605, 19.627
9.87, 9.79142, 0.0662503, 19.6281
9.88, 9.79208, 0.0660408, 19.6293
9.89, 9.79274, 0.0658319, 19.6305
9.9, 9.79339, 0.0656238, 19.6317
9.91, 9.79405, 0.0654162, 19.6328
9.92, 9.7947, 0.0652094, 19.634
9.93, 9.79535, 0.0650031, 19.6351
9.94, 9.796, 0.0647976, 19.6363
9.95, 9.79664, 0.0645926, 19.6374
9.96, 9.79729, 0.0643884, 19.6386
9.97, 9.79793, 0.0641847, 19.6397
9.98, 9.79857, 0.0639817, 19.6409
9.99, 9.7992, 0.0637794, 19.642
10, 9.79984, 0.0635777, 19.6432
10.01, 9.80047, 0.0633766, 19.6443
10.02, 9.80111, 0.0631762, 19.6454
10.03, 9.80174, 0.0629764, 19.6465
10.04, 9.80236, 0.0627772, 19.6476
10.05, 9.80299, 0.0625786, 19.6488
10.06, 9.80361, 0.0623807, 19.6499
10.07, 9.80424, 0.0621834, 19.651
10.08, 9.80485, 0.0619867, 19.6521
10.09, 9.80547, 0.0617907, 19.6532
10.1, 9.80609, 0.0615952, 19.6543
10.11, 9.8067, 0.0614004, 19.6554
10.12, 9.80731, 0.0612062, 19.6565
10.13, 9.80793, 0.0610126, 19.6576
10.14, 9.80853, 0.0608196, 19.6586
10.15, 9.80914, 0.0606272, 19.6597
10.16, 9.80974, 0.0604355, 19.6608
10.17, 9.81035, 0.0602443, 19.6619
10.18, 9.81095, 0.0600537, 19.663
10.19, 9.81155, 0.0598638, 19.664
10.2, 9.81214, 0.0596744, 19.6651
10.21, 9.81274, 0.0594856, 19.6661
10.22, 9.81333, 0.0592975, 19.6672
10.23, 9.81392, 0.0591099, 19.6683
10.24, 9.81451, 0.0589229, 19.6693
10.25, 9.8151, 0.0587365, 19.6704
10.26, 9.81568, 0.0585507, 19.6714
10.27, 9.81627, 0.0583655, 19.6724
10.28, 9.81685, 0.0581808, 19.6735
10.29, 9.81743, 0.0579968, 19.6745
10.3, 9.81801, 0.0578133, 19.6755
10.31, 9.81858, 0.0576304, 19.6766
10.32, 9.81916, 0.0574481, 19.6776
10.33, 9.81973, 0.0572663, 19.6786
10.34, 9.8203, 0.0570851, 19.6796
10.35, 9.82087, 0.0569045, 19.6806
10.36, 9.82144, 0.0567245, 19.6817
10.37, 9.822, 0.056545, 19.6827
10.38, 9.82257, 0.0563661, 19.6837
10.39, 9.82313, 0.0561878, 19.6847
10.4, 9.82369, 0.05601, 19.6857
10.41, 9.82425, 0.0558328, 19.6867
10.42, 9.8248, 0.0556561, 19.6877
10.43, 9.82536, 0.05548, 19.6886
10.44, 9.82591, 0.0553045, 19.6896
10.45, 9.82646, 0.0551295, 19.6906
10.46, 9.82701, 0.0549551, 19.6916
10.47, 9.82756, 0.0547812, 19.6926
10.48, 9.82811, 0.0546078, 19.6935
10.49, 9.82865, 0.054435, 19.6945
10.5, 9.82919, 0.0542628, 19.6955
10.51, 9.82973, 0.0540911, 19.6964
10.52, 9.83027, 0.0539199, 19.6974
10.53, 9.83081, 0.0537493, 19.6984
10.54, 9.83135, 0.0535792, 19.6993
10.55, 9.83188, 0.0534096, 19.7003
10.56, 9.83241, 0.0532406, 19.7012
10.57, 9.83294, 0.0530721, 19.7022
10.58, 9.83347, 0.0529042, 19.7031
10.59, 9.834, 0.0527368, 19.704
10.6, 9.83453, 0.0525699, 19.705
10.61, 9.83505, 0.0524035, 19.7059
10.62, 9.83557, 0.0522377, 19.7068
10.63, 9.83609, 0.0520723, 19.7078
10.64, 9.83661, 0.0519075, 19.7087
10.65, 9.83713, 0.0517433, 19.7096
10.66, 9.83765, 0.0515795, 19.7105
10.67, 9.83816, 0.0514163, 19.7115
10.68, 9.83867, 0.0512535, 19.7124
10.69, 9.83918, 0.0510913, 19.7133
10.7, 9.83969, 0.0509296, 19.7142
10.71, 9.8402, 0.0507684, 19.7151
10.72, 9.84071, 0.0506077, 19.716
10.73, 9.84121, 0.0504475, 19.7169
10.74, 9.84171, 0.0502879, 19.7178
10.75, 9.84221, 0.0501287, 19.7187
10.76, 9.84271, 0.04997, 19.7196
10.77, 9.84321, 0.0498119, 19.7205
10.78, 9.84371, 0.0496542, 19.7214
10.79, 9.8442, 0.049497, 19.7222
10.8, 9.8447, 0.0493403, 19.7231
10.81, 9.84519, 0.0491842, 19.724
10.82, 9.84568, 0.0490285, 19.7249
10.83, 9.84617, 0.0488733, 19.7257
10.84, 9.84666, 0.0487186, 19.7266
10.85, 9.84714, 0.0485643, 19.7275
10.86, 9.84762, 0.0484106, 19.7283
10.87, 9.84811, 0.0482574, 19.7292
10.88, 9.84859, 0.0481046, 19.7301
10.89, 9.84907, 0.0479523, 19.7309
10.9, 9.84955, 0.0478005, 19.7318
10.91, 9.85002, 0.0476492, 19.7326
10.92, 9.8505, 0.0474984, 19.7335
10.93, 9.85097, 0.047348, 19.7343
10.94, 9.85144, 0.0471981, 19.7351
10.95, 9.85191, 0.0470487, 19.736
10.96, 9.85238, 0.0468997, 19.7368
10.97, 9.85285, 0.0467513, 19.7377
10.98, 9.85332, 0.0466032, 19.7385
10.99, 9.85378, 0.0464557, 19.7393
11, 9.85424, 0.0463086, 19.7401
11.01, 9.85471, 0.046162, 19.741
11.02, 9.85517, 0.0460159, 19.7418
11.03, 9.85562, 0.0458702, 19.7426
11.04, 9.85608, 0.045725, 19.7434
11.05, 9.85654, 0.0455802, 19.7442
11.06, 9.85699, 0.0454359, 19.745
11.07, 9.85744, 0.045292, 19.7458
11.08, 9.8579, 0.0451486, 19.7466
11.09, 9.85835, 0.0450057, 19.7474
11.1, 9.85879, 0.0448632, 19.7482
11.11, 9.85924, 0.0447211, 19.749
11.12, 9.85969, 0.0445795, 19.7498
11.13, 9.86013, 0.0444384, 19.7506
11.14, 9.86058, 0.0442977, 19.7514
11.15, 9.86102, 0.0441574, 19.7522
11.16, 9.86146, 0.0440176, 19.753
11.17, 9.8619, 0.0438782, 19.7538
11.18, 9.86233, 0.0437393, 19.7546
11.19, 9.86277, 0.0436008, 19.7553
11.2, 9.8632, 0.0434628, 19.7561
11.21, 9.86364, 0.0433251, 19.7569
11.22, 9.86407, 0.043188, 19.7577
11.23, 9.8645, 0.0430512, 19.7584
11.24, 9.86493, 0.0429149, 19.7592
11.25, 9.86536, 0.042779, 19.7599
11.26, 9.86578, 0.0426435, 19.7607
11.27, 9.86621, 0.0425085, 19.7615
11.28, 9.86663, 0.0423739, 19.7622
11.29, 9.86705, 0.0422397, 19.763
11.3, 9.86747, 0.042106, 19.7637
11.31, 9.86789, 0.0419726, 19.7645
11.32, 9.86831, 0.0418397, 19.7652
11.33, 9.86873, 0.0417072, 19.766
11.34, 9.86915, 0.0415751, 19.7667
11.35, 9.86956, 0.0414435, 19.7674
11.36, 9.86997, 0.0413123, 19.7682
11.37, 9.87039, 0.0411814, 19.7689
11.38, 9.8708, 0.041051, 19.7696
11.39, 9.8712, 0.040921, 19.7704
11.4, 9.87161, 0.0407914, 19.7711
11.41, 9.87202, 0.0406623, 19.7718
11.42, 9.87242, 0.0405335, 19.7725
11.43, 9.87283, 0.0404051, 19.7733
11.44, 9.87323, 0.0402772, 19.774
11.45, 9.87363, 0.0401496, 19.7747
11.46, 9.87403, 0.0400225, 19.7754
11.47, 9.87443, 0.0398957, 19.7761
11.48, 9.87483, 0.0397694, 19.7768
11.49, 9.87523, 0.0396434, 19.7775
11.5, 9.87562, 0.0395179, 19.7782
11.51, 9.87602, 0.0393927, 19.7789
11.52, 9.87641, 0.039268, 19.7796
11.53, 9.8768, 0.0391436, 19.7803
11.54, 9.87719, 0.0390197, 19.781
11.55, 9.87758, 0.0388961, 19.7817
11.56, 9.87797, 0.0387729, 19.7824
11.57, 9.87835, 0.0386501, 19.7831
11.58, 9.87874, 0.0385277, 19.7838
11.59, 9.87912, 0.0384057, 19.7845
11.6, 9.87951, 0.0382841, 19.7852
11.61, 9.87989, 0.0381628, 19.7859
11.62, 9.88027, 0.038042, 19.7865
11.63, 9.88065, 0.0379215, 19.7872
11.64, 9.88102, 0.0378014, 19.7879
11.65, 9.8814, 0.0376817, 19.7886
11.66, 9.88178, 0.0375623, 19.7892
11.67, 9.88215, 0.0374434, 19.7899
11.68, 9.88252, 0.0373248, 19.7906
11.69, 9.8829, 0.0372066, 19.7912
11.7, 9.88327, 0.0370887, 19.7919
11.71, 9.88364, 0.0369713, 19.7925
11.72, 9.88401, 0.0368542, 19.7932
11.73, 9.88437, 0.0367374, 19.7938
11.74, 9.88474, 0.0366211, 19.7945
11.75, 9.8851, 0.0365051, 19.7952
11.76, 9.88547, 0.0363895, 19.7958
11.77, 9.88583, 0.0362742, 19.7964
11.78, 9.88619, 0.0361593, 19.7971
11.79, 9.88655, 0.0360448, 19.7977
11.8, 9.88691, 0.0359307, 19.7984
11.81, 9.88727, 0.0358169, 19.799
11.82, 9.88763, 0.0357034, 19.7997
11.83, 9.88798, 0.0355903, 19.8003
11.84, 9.88834, 0.0354776, 19.8009
11.85, 9.88869, 0.0353652, 19.8015
11.86, 9.88904, 0.0352532, 19.8022
11.87, 9.8894, 0.0351416, 19.8028
11.88, 9.88975, 0.0350303, 19.8034
11.89, 9.8901, 0.0349193, 19.8041
11.9, 9.89044, 0.0348087, 19.8047
11.91, 9.89079, 0.0346985, 19.8053
11.92, 9.89114, 0.0345886, 19.8059
11.93, 9.89148, 0.034479, 19.8065
11.94, 9.89182, 0.0343698, 19.8071
11.95, 9.89217, 0.034261, 19.8077
11.96, 9.89251, 0.0341525, 19.8084
11.97, 9.89285, 0.0340443, 19.809
11.98, 9.89319, 0.0339365, 19.8096
11.99, 9.89353, 0.033829, 19.8102
12, 9.89386, 0.0337218, 19.8108
12.01, 9.8942, 0.033615, 19.8114
12.02, 9.89454, 0.0335085, 19.812
12.03, 9.89487, 0.0334024, 19.8126
12.04, 9.8952, 0.0332966, 19.8132
12.05, 9.89553, 0.0331912, 19.8137
12.06, 9.89587, 0.033086, 19.8143
12.07, 9.8962, 0.0329812, 19.8149
12.08, 9.89652, 0.0328768, 19.8155
12.09, 9.89685, 0.0327726, 19.8161
12.1, 9.89718, 0.0326688, 19.8167
12.11, 9.8975, 0.0325654, 19.8173
12.12, 9.89783, 0.0324622, 19.8178
12.13, 9.89815, 0.0323594, 19.8184
12.14, 9.89847, 0.0322569, 19.819
12.15, 9.8988, 0.0321547, 19.8196
12.16, 9.89912, 0.0320529, 19.8201
12.17, 9.89944, 0.0319514, 19.8207
12.18, 9.89975, 0.0318502, 19.8213
12.19, 9.90007, 0.0317493, 19.8218
12.2, 9.90039, 0.0316487, 19.8224
12.21, 9.9007, 0.0315485, 19.823
12.22, 9.90102, 0.0314486, 19.8235
12.23, 9.90133, 0.0313489, 19.8241
12.24, 9.90164, 0.0312497, 19.8246
12.25, 9.90196, 0.0311507, 19.8252
12.26, 9.90227, 0.031052, 19.8258
12.27, 9.90258, 0.0309537, 19.8263
12.28, 9.90288, 0.0308556, 19.8269
12.29, 9.90319, 0.0307579, 19.8274
12.3, 9.9035, 0.0306605, 19.8279
12.31, 9.9038, 0.0305634, 19.8285
12.32, 9.90411, 0.0304665, 19.829
12.33, 9.90441, 0.03037, 19.8296
12.34, 9.90472, 0.0302739, 19.8301
12.35, 9.90502, 0.030178, 19.8307
12.36, 9.90532, 0.0300824, 19.8312
12.37, 9.90562, 0.0299871, 19.8317
12.38, 9.90592, 0.0298921, 19.8323
12.39, 9.90622, 0.0297974, 19.8328
12.4, 9.90651, 0.0297031, 19.8333
12.41, 9.90681, 0.029609, 19.8338
12.42, 9.9071, 0.0295152, 19.8344
12.43, 9.9074, 0.0294217, 19.8349
12.44, 9.90769, 0.0293285, 19.8354
12.45, 9.90798, 0.0292356, 19.8359
12.46, 9.90827, 0.029143, 19.8365
12.47, 9.90857, 0.0290507, 19.837
12.48, 9.90885, 0.0289587, 19.8375
12.49, 9.90914, 0.028867, 19.838
12.5, 9.90943, 0.0287755, 19.8385
12.51, 9.90972, 0.0286844, 19.839
12.52, 9.91, 0.0285936, 19.8395
12.53, 9.91029, 0.028503, 19.8401
12.54, 9.91057, 0.0284127, 19.8406
12.55, 9.91086, 0.0283227, 19.8411
12.56, 9.91114, 0.028233, 19.8416
12.57, 9.91142, 0.0281436, 19.8421
12.58, 9.9117, 0.0280544, 19.8426
12.59, 9.91198, 0.0279656, 19.8431
12.6, 9.91226, 0.027877, 19.8436
12.61, 9.91254, 0.0277887, 19.8441
12.62, 9.91281, 0.0277007, 19.8446
12.63, 9.91309, 0.027613, 19.845
12.64, 9.91337, 0.0275255, 19.8455
12.65, 9.91364, 0.0274383, 19.846
12.66, 9.91391, 0.0273514, 19.8465
12.67, 9.91419, 0.0272648, 19.847
12.68, 9.91446, 0.0271784, 19.8475
12.69, 9.91473, 0.0270923, 19.848
12.7, 9.915, 0.0270065, 19.8485
12.71, 9.91527, 0.026921, 19.8489
12.72, 9.91554, 0.0268357, 19.8494
12.73, 9.9158, 0.0267507, 19.8499
12.74, 9.91607, 0.026666, 19.8504
12.75, 9.91634, 0.0265815, 19.8508
12.76, 9.9166, 0.0264973, 19.8513
12.77, 9.91687, 0.0264134, 19.8518
12.78, 9.91713, 0.0263297, 19.8522
12.79, 9.91739, 0.0262464, 19.8527
12.8, 9.91765, 0.0261632, 19.8532
12.81, 9.91791, 0.0260804, 19.8536
12.82, 9.91817, 0.0259977, 19.8541
12.83, 9.91843, 0.0259154, 19.8546
12.84, 9.91869, 0.0258333, 19.855
12.85, 9.91895, 0.0257515, 19.8555
12.86, 9.91921, 0.0256699, 19.856
12.87, 9.91946, 0.0255886, 19.8564
12.88, 9.91972, 0.0255076, 19.8569
12.89, 9.91997, 0.0254268, 19.8573
12.9, 9.92022, 0.0253463, 19.8578
12.91, 9.92048, 0.025266, 19.8582
12.92, 9.92073, 0.025186, 19.8587
12.93, 9.92098, 0.0251062, 19.8591
12.94, 9.92123, 0.0250267, 19.8596
12.95, 9.92148, 0.0249474, 19.86
12.96, 9.92173, 0.0248684, 19.8604
12.97, 9.92198, 0.0247896, 19.8609
12.98, 9.92222, 0.0247111, 19.8613
12.99, 9.92247, 0.0246328, 19.8618
13, 9.92271, 0.0245548, 19.8622
13.01, 9.92296, 0.024477, 19.8626
13.02, 9.9232, 0.0243995, 19.8631
13.03, 9.92345, 0.0243222, 19.8635
13.04, 9.92369, 0.0242452, 19.8639
13.05, 9.92393, 0.0241684, 19.8644
13.06, 9.92417, 0.0240919, 19.8648
13.07, 9.92441, 0.0240156, 19.8652
13.08, 9.92465, 0.0239395, 19.8657
13.09, 9.92489, 0.0238637, 19.8661
13.1, 9.92513, 0.0237881, 19.8665
13.11, 9.92537, 0.0237127, 19.8669
13.12, 9.9256, 0.0236376, 19.8674
13.13, 9.92584, 0.0235628, 19.8678
13.14, 9.92607, 0.0234881, 19.8682
13.15, 9.92631, 0.0234138, 19.8686
13.16, 9.92654, 0.0233396, 19.869
13.17, 9.92677, 0.0232657, 19.8694
13.18, 9.927, 0.023192, 19.8699
13.19, 9.92724, 0.0231185, 19.8703
13.2, 9.92747, 0.0230453, 19.8707
13.21, 9.9277, 0.0229723, 19.8711
13.22, 9.92792, 0.0228996, 19.8715
13.23, 9.92815, 0.022827, 19.8719
13.24, 9.92838, 0.0227547, 19.8723
13.25, 9.92861, 0.0226827, 19.8727
13.26, 9.92883, 0.0226108, 19.8731
13.27, 9.92906, 0.0225392, 19.8735
13.28, 9.92928, 0.0224678, 19.8739
13.29, 9.92951, 0.0223967, 19.8743
13.3, 9.92973, 0.0223257, 19.8747
13.31, 9.92995, 0.022255, 19.8751
13.32, 9.93017, 0.0221845, 19.8755
13.33, 9.9304, 0.0221143, 19.8759
13.34, 9.93062, 0.0220442, 19.8763
13.35, 9.93084, 0.0219744, 19.8767
13.36, 9.93106, 0.0219048, 19.8771
13.37, 9.93127, 0.0218354, 19.8775
13.38, 9.93149, 0.0217663, 19.8779
13.39, 9.93171, 0.0216973, 19.8782
13.4, 9.93192, 0.0216286, 19.8786
13.41, 9.93214, 0.0215601, 19.879
13.42, 9.93236, 0.0214918, 19.8794
13.43, 9.93257, 0.0214238, 19.8798
13.44, 9.93278, 0.0213559, 19.8802
13.45, 9.933, 0.0212883, 19.8805
13.46, 9.93321, 0.0212208, 19.8809
13.47, 9.93342, 0.0211536, 19.8813
13.48, 9.93363, 0.0210866, 19.8817
13.49, 9.93384, 0.0210198, 19.882
13.5, 9.93405, 0.0209533, 19.8824
13.51, 9.93426, 0.0208869, 19.8828
13.52, 9.93447, 0.0208208, 19.8832
13.53, 9.93467, 0.0207548, 19.8835
13.54, 9.93488, 0.0206891, 19.8839
13.55, 9.93509, 0.0206236, 19.8843
13.56, 9.93529, 0.0205582, 19.8846
13.57, 9.9355, 0.0204931, 19.885
13.58, 9.9357, 0.0204282, 19.8854
13.59, 9.93591, 0.0203635, 19.8857
13.6, 9.93611, 0.020299, 19.8861
13.61, 9.93631, 0.0202347, 19.8864
13.62, 9.93651, 0.0201706, 19.8868
13.63, 9.93671, 0.0201068, 19.8872
13.64, 9.93691, 0.0200431, 19.8875
13.65, 9.93711, 0.0199796, 19.8879
13.66, 9.93731, 0.0199163, 19.8882
13.67, 9.93751, 0.0198532, 19.8886
13.68, 9.93771, 0.0197904, 19.8889
13.69, 9.93791, 0.0197277, 19.8893
13.7, 9.9381, 0.0196652, 19.8896
13.71, 9.9383, 0.0196029, 19.89
13.72, 9.9385, 0.0195408, 19.8903
13.73, 9.93869, 0.019479, 19.8907
13.74, 9.93888, 0.0194173, 19.891
13.75, 9.93908, 0.0193558, 19.8914
13.76, 9.93927, 0.0192945, 19.8917
13.77, 9.93946, 0.0192334, 19.8921
13.78, 9.93966, 0.0191724, 19.8924
13.79, 9.93985, 0.0191117, 19.8928
13.8, 9.94004, 0.0190512, 19.8931
13.81, 9.94023, 0.0189908, 19.8934
13.82, 9.94042, 0.0189307, 19.8938
13.83, 9.9406, 0.0188707, 19.8941
13.84, 9.94079, 0.018811, 19.8944
13.85, 9.94098, 0.0187514, 19.8948
13.86, 9.94117, 0.018692, 19.8951
13.87, 9.94135, 0.0186328, 19.8954
13.88, 9.94154, 0.0185738, 19.8958
13.89, 9.94172, 0.018515, 19.8961
13.9, 9.94191, 0.0184563, 19.8964
13.91, 9.94209, 0.0183979, 19.8968
13.92, 9.94228, 0.0183396, 19.8971
13.93, 9.94246, 0.0182815, 19.8974
13.94, 9.94264, 0.0182236, 19.8977
13.95, 9.94282, 0.0181659, 19.8981
13.96, 9.943, 0.0181084, 19.8984
13.97, 9.94318, 0.018051, 19.8987
13.98, 9.94336, 0.0179939, 19.899
13.99, 9.94354, 0.0179369, 19.8993
14, 9.94372, 0.0178801, 19.8997
14.01, 9.9439, 0.0178234, 19.9
14.02, 9.94408, 0.017767, 19.9003
14.03, 9.94426, 0.0177107, 19.9006
14.04, 9.94443, 0.0176546, 19.9009
14.05, 9.94461, 0.0175987, 19.9012
14.06, 9.94478, 0.017543, 19.9016
14.07, 9.94496, 0.0174874, 19.9019
14.08, 9.94513, 0.017432, 19.9022
14.09, 9.94531, 0.0173768, 19.9025
14.1, 9.94548, 0.0173218, 19.9028
14.11, 9.94565, 0.0172669, 19.9031
14.12, 9.94582, 0.0172122, 19.9034
14.13, 9.946, 0.0171577, 19.9037
14.14, 9.94617, 0.0171034, 19.904
14.15, 9.94634, 0.0170492, 19.9043
14.16, 9.94651, 0.0169952, 19.9046
14.17, 9.94668, 0.0169414, 19.9049
14.18, 9.94685, 0.0168877, 19.9052
14.19, 9.94701, 0.0168343, 19.9055
14.2, 9.94718, 0.0167809, 19.9058
14.21, 9.94735, 0.0167278, 19.9061
14.22, 9.94752, 0.0166748, 19.9064
14.23, 9.94768, 0.016622, 19.9067
14.24, 9.94785, 0.0165694, 19.907
14.25, 9.94801, 0.0165169, 19.9073
14.26, 9.94818, 0.0164646, 19.9076
14.27, 9.94834, 0.0164124, 19.9079
14.28, 9.94851, 0.0163604, 19.9082
14.29, 9.94867, 0.0163086, 19.9085
14.3, 9.94883, 0.016257, 19.9088
14.31, 9.94899, 0.0162055, 19.9091
14.32, 9.94915, 0.0161542, 19.9093
14.33, 9.94932, 0.016103, 19.9096
14.34, 9.94948, 0.016052, 19.9099
14.35, 9.94964, 0.0160012, 19.9102
14.36, 9.9498, 0.0159505, 19.9105
14.37, 9.94996, 0.0159, 19.9108
14.38, 9.95011, 0.0158496, 19.9111
14.39, 9.95027, 0.0157994, 19.9113
14.4, 9.95043, 0.0157494, 19.9116
14.41, 9.95059, 0.0156995, 19.9119
14.42, 9.95074, 0.0156498, 19.9122
14.43, 9.9509, 0.0156002, 19.9125
14.44, 9.95105, 0.0155508, 19.9127
14.45, 9.95121, 0.0155016, 19.913
14.46, 9.95136, 0.0154525, 19.9133
14.47, 9.95152, 0.0154035, 19.9136
14.48, 9.95167, 0.0153547, 19.9138
14.49, 9.95182, 0.0153061, 19.9141
14.5, 9.95198, 0.0152576, 19.9144
14.51, 9.95213, 0.0152093, 19.9147
14.52, 9.95228, 0.0151611, 19.9149
14.53, 9.95243, 0.0151131, 19.9152
14.54, 9.95258, 0.0150653, 19.9155
14.55, 9.95273, 0.0150176, 19.9157
14.56, 9.95288, 0.01497, 19.916
14.57, 9.95303, 0.0149226, 19.9163
14.58, 9.95318, 0.0148753, 19.9165
14.59, 9.95333, 0.0148282, 19.9168
14.6, 9.95348, 0.0147812, 19.9171
14.61, 9.95362, 0.0147344, 19.9173
14.62, 9.95377, 0.0146878, 19.9176
14.63, 9.95392, 0.0146413, 19.9178
14.64, 9.95406, 0.0145949, 19.9181
14.65, 9.95421, 0.0145487, 19.9184
14.66, 9.95435, 0.0145026, 19.9186
14.67, 9.9545, 0.0144567, 19.9189
14.68, 9.95464, 0.0144109, 19.9191
14.69, 9.95479, 0.0143652, 19.9194
14.7, 9.95493, 0.0143197, 19.9196
14.71, 9.95507, 0.0142744, 19.9199
14.72, 9.95521, 0.0142292, 19.9202
14.73, 9.95536, 0.0141841, 19.9204
14.74, 9.9555, 0.0141392, 19.9207
14.75, 9.95564, 0.0140944, 19.9209
14.76, 9.95578, 0.0140498, 19.9212
14.77, 9.95592, 0.0140053, 19.9214
14.78, 9.95606, 0.0139609, 19.9217
14.79, 9.9562, 0.0139167, 19.9219
14.8, 9.95634, 0.0138726, 19.9222
14.81, 9.95647, 0.0138287, 19.9224
14.82, 9.95661, 0.0137849, 19.9226
14.83, 9.95675, 0.0137412, 19.9229
14.84, 9.95689, 0.0136977, 19.9231
14.85, 9.95702, 0.0136543, 19.9234
14.86, 9.95716, 0.0136111, 19.9236
14.87, 9.95729, 0.013568, 19.9239
14.88, 9.95743, 0.013525, 19.9241
14.89, 9.95757, 0.0134822, 19.9243
14.9, 9.9577, 0.0134395, 19.9246
14.91, 9.95783, 0.0133969, 19.9248
14.92, 9.95797, 0.0133545, 19.9251
14.93, 9.9581, 0.0133122, 19.9253
14.94, 9.95823, 0.01327, 19.9255
14.95, 9.95837, 0.013228, 19.9258
14.96, 9.9585, 0.0131861, 19.926
14.97, 9.95863, 0.0131443, 19.9262
14.98, 9.95876, 0.0131027, 19.9265
14.99, 9.95889, 0.0130612, 19.9267
15, 9.95902, 0.0130199, 19.9269
15.01, 9.95915, 0.0129786, 19.9272
15.02, 9.95928, 0.0129375, 19.9274
15.03, 9.95941, 0.0128965, 19.9276
15.04, 9.95954, 0.0128557, 19.9279
15.05, 9.95967, 0.012815, 19.9281
15.06, 9.95979, 0.0127744, 19.9283
15.07, 9.95992, 0.0127339, 19.9285
15.08, 9.96005, 0.0126936, 19.9288
15.09, 9.96017, 0.0126534, 19.929
15.1, 9.9603, 0.0126133, 19.9292
15.11, 9.96043, 0.0125734, 19.9294
15.12, 9.96055, 0.0125336, 19.9297
15.13, 9.96068, 0.0124939, 19.9299
15.14, 9.9608, 0.0124543, 19.9301
15.15, 9.96092, 0.0124149, 19.9303
15.16, 9.96105, 0.0123755, 19.9306
15.17, 9.96117, 0.0123363, 19.9308
15.18, 9.96129, 0.0122973, 19.931
15.19, 9.96142, 0.0122583, 19.9312
15.2, 9.96154, 0.0122195, 19.9314
15.21, 9.96166, 0.0121808, 19.9316
15.22, 9.96178, 0.0121422, 19.9319
15.23, 9.9619, 0.0121038, 19.9321
15.24, 9.96202, 0.0120654, 19.9323
15.25, 9.96214, 0.0120272, 19.9325
15.26, 9.96226, 0.0119891, 19.9327
15.27, 9.96238, 0.0119512, 19.9329
15.28, 9.9625, 0.0119133, 19.9331
15.29, 9.96262, 0.0118756, 19.9334
15.3, 9.96274, 0.011838, 19.9336
15.31, 9.96286, 0.0118005, 19.9338
15.32, 9.96298, 0.0117631, 19.934
15.33, 9.96309, 0.0117259, 19.9342
15.34, 9.96321, 0.0116887, 19.9344
15.35, 9.96333, 0.0116517, 19.9346
15.36, 9.96344, 0.0116148, 19.9348
15.37, 9.96356, 0.011578, 19.935
15.38, 9.96367, 0.0115413, 19.9352
15.39, 9.96379, 0.0115048, 19.9354
15.4, 9.9639, 0.0114684, 19.9356
15.41, 9.96402, 0.011432, 19.9358
15.42, 9.96413, 0.0113958, 19.9361
15.43, 9.96425, 0.0113597, 19.9363
15.44, 9.96436, 0.0113238, 19.9365
15.45, 9.96447, 0.0112879, 19.9367
15.46, 9.96458, 0.0112521, 19.9369
15.47, 9.9647, 0.0112165, 19.9371
15.48, 9.96481, 0.011181, 19.9373
15.49, 9.96492, 0.0111456, 19.9375
15.5, 9.96503, 0.0111103, 19.9377
15.51, 9.96514, 0.0110751, 19.9379
15.52, 9.96525, 0.01104, 19.938
15.53, 9.96536, 0.0110051, 19.9382
15.54, 9.96547, 0.0109702, 19.9384
15.55, 9.96558, 0.0109355, 19.9386
15.56, 9.96569, 0.0109008, 19.9388
15.57, 9.9658, 0.0108663, 19.939
15.58, 9.96591, 0.0108319, 19.9392
15.59, 9.96601, 0.0107976, 19.9394
15.6, 9.96612, 0.0107634, 19.9396
15.61, 9.96623, 0.0107293, 19.9398
15.62, 9.96634, 0.0106953, 19.94
15.63, 9.96644, 0.0106614, 19.9402
15.64, 9.96655, 0.0106277, 19.9404
15.65, 9.96666, 0.010594, 19.9405
15.66, 9.96676, 0.0105605, 19.9407
15.67, 9.96687, 0.010527, 19.9409
15.68, 9.96697, 0.0104937, 19.9411
15.69, 9.96708, 0.0104604, 19.9413
15.7, 9.96718, 0.0104273, 19.9415
15.71, 9.96728, 0.0103943, 19.9417
15.72, 9.96739, 0.0103614, 19.9419
15.73, 9.96749, 0.0103286, 19.942
15.74, 9.96759, 0.0102958, 19.9422
15.75, 9.9677, 0.0102632, 19.9424
15.76, 9.9678, 0.0102307, 19.9426
15.77, 9.9679, 0.0101983, 19.9428
15.78, 9.968, 0.010166, 19.943
15.79, 9.9681, 0.0101338, 19.9431
15.8, 9.9682, 0.0101017, 19.9433
15.81, 9.96831, 0.0100697, 19.9435
15.82, 9.96841, 0.0100379, 19.9437
15.83, 9.96851, 0.0100061, 19.9438
15.84, 9.96861, 0.00997438, 19.944
15.85, 9.96871, 0.00994279, 19.9442
15.86, 9.9688, 0.0099113, 19.9444
15.87, 9.9689, 0.00987991, 19.9446
15.88, 9.969, 0.00984862, 19.9447
15.89, 9.9691, 0.00981743, 19.9449
15.9, 9.9692, 0.00978633, 19.9451
15.91, 9.9693, 0.00975534, 19.9453
15.92, 9.96939, 0.00972444, 19.9454
15.93, 9.96949, 0.00969365, 19.9456
15.94, 9.96959, 0.00966295, 19.9458
15.95, 9.96968, 0.00963234, 19.9459
15.96, 9.96978, 0.00960184, 19.9461
15.97, 9.96987, 0.00957143, 19.9463
15.98, 9.96997, 0.00954111, 19.9465
15.99, 9.97006, 0.0095109, 19.9466
16, 9.97016, 0.00948077, 19.9468
16.01, 9.97025, 0.00945075, 19.947
16.02, 9.97035, 0.00942082, 19.9471
16.03, 9.97044, 0.00939098, 19.9473
16.04, 9.97054, 0.00936124, 19.9475
16.05, 9.97063, 0.00933159, 19.9476
16.06, 9.97072, 0.00930204, 19.9478
16.07, 9.97081, 0.00927258, 19.948
16.08, 9.97091, 0.00924321, 19.9481
16.09, 9.971, 0.00921394, 19.9483
16.1, 9.97109, 0.00918475, 19.9485
16.11, 9.97118, 0.00915567, 19.9486
16.12, 9.97127, 0.00912667, 19.9488
16.13, 9.97136, 0.00909776, 19.9489
16.14, 9.97146, 0.00906895, 19.9491
16.15, 9.97155, 0.00904023, 19.9493
16.16, 9.97164, 0.0090116, 19.9494
16.17, 9.97173, 0.00898306, 19.9496
16.18, 9.97182, 0.00895461, 19.9497
16.19, 9.9719, 0.00892625, 19.9499
16.2, 9.97199, 0.00889798, 19.9501
16.21, 9.97208, 0.0088698, 19.9502
16.22, 9.97217, 0.0088417, 19.9504
16.23, 9.97226, 0.0088137, 19.9505
16.24, 9.97235, 0.00878579, 19.9507
16.25, 9.97243, 0.00875796, 19.9509
16.26, 9.97252, 0.00873023, 19.951
16.27, 9.97261, 0.00870258, 19.9512
16.28, 9.9727, 0.00867502, 19.9513
16.29, 9.97278, 0.00864754, 19.9515
16.3, 9.97287, 0.00862015, 19.9516
16.31, 9.97295, 0.00859285, 19.9518
16.32, 9.97304, 0.00856564, 19.9519
16.33, 9.97313, 0.00853851, 19.9521
16.34, 9.97321, 0.00851147, 19.9522
16.35, 9.9733, 0.00848451, 19.9524
16.36, 9.97338, 0.00845764, 19.9525
16.37, 9.97346, 0.00843085, 19.9527
16.38, 9.97355, 0.00840415, 19.9528
16.39, 9.97363, 0.00837754, 19.953
16.4, 9.97372, 0.008351, 19.9531
16.41, 9.9738, 0.00832456, 19.9533
16.42, 9.97388, 0.00829819, 19.9534
16.43, 9.97396, 0.00827191, 19.9536
16.44, 9.97405, 0.00824571, 19.9537
16.45, 9.97413, 0.0082196, 19.9539
16.46, 9.97421, 0.00819357, 19.954
16.47, 9.97429, 0.00816762, 19.9542
16.48, 9.97437, 0.00814175, 19.9543
16.49, 9.97446, 0.00811596, 19.9545
16.5, 9.97454, 0.00809026, 19.9546
16.51, 9.97462, 0.00806464, 19.9547
16.52, 9.9747, 0.0080391, 19.9549
16.53, 9.97478, 0.00801363, 19.955
16.54, 9.97486, 0.00798826, 19.9552
16.55, 9.97494, 0.00796296, 19.9553
16.56, 9.97502, 0.00793774, 19.9555
16.57, 9.9751, 0.0079126, 19.9556
16.58, 9.97517, 0.00788754, 19.9557
16.59, 9.97525, 0.00786256, 19.9559
16.6, 9.97533, 0.00783766, 19.956
16.61, 9.97541, 0.00781283, 19.9562
16.62, 9.97549, 0.00778809, 19.9563
16.63, 9.97556, 0.00776342, 19.9564
16.64, 9.97564, 0.00773884, 19.9566
16.65, 9.97572, 0.00771433, 19.9567
16.66, 9.9758, 0.00768989, 19.9568
16.67, 9.97587, 0.00766554, 19.957
16.68, 9.97595, 0.00764126, 19.9571
16.69, 9.97603, 0.00761706, 19.9573
16.7, 9.9761, 0.00759294, 19.9574
16.71, 9.97618, 0.00756889, 19.9575
16.72, 9.97625, 0.00754492, 19.9577
16.73, 9.97633, 0.00752102, 19.9578
16.74, 9.9764, 0.0074972, 19.9579
16.75, 9.97648, 0.00747346, 19.9581
16.76, 9.97655, 0.00744979, 19.9582
16.77, 9.97663, 0.0074262, 19.9583
16.78, 9.9767, 0.00740268, 19.9585
16.79, 9.97677, 0.00737923, 19.9586
16.8, 9.97685, 0.00735586, 19.9587
16.81, 9.97692, 0.00733257, 19.9589
16.82, 9.97699, 0.00730934, 19.959
16.83, 9.97707, 0.00728619, 19.9591
16.84, 9.97714, 0.00726312, 19.9592
16.85, 9.97721, 0.00724011, 19.9594
16.86, 9.97728, 0.00721718, 19.9595
16.87, 9.97736, 0.00719433, 19.9596
16.88, 9.97743, 0.00717154, 19.9598
16.89, 9.9775, 0.00714883, 19.9599
16.9, 9.97757, 0.00712619, 19.96
16.91, 9.97764, 0.00710362, 19.9601
16.92, 9.97771, 0.00708112, 19.9603
16.93, 9.97778, 0.00705869, 19.9604
16.94, 9.97785, 0.00703634, 19.9605
16.95, 9.97792, 0.00701405, 19.9606
16.96, 9.97799, 0.00699184, 19.9608
16.97, 9.97806, 0.0069697, 19.9609
16.98, 9.97813, 0.00694762, 19.961
16.99, 9.9782, 0.00692562, 19.9611
17, 9.97827, 0.00690369, 19.9613
17.01, 9.97834, 0.00688182, 19.9614
17.02, 9.97841, 0.00686003, 19.9615
17.03, 9.97848, 0.0068383, 19.9616
17.04, 9.97854, 0.00681664, 19.9617
17.05, 9.97861, 0.00679505, 19.9619
17.06, 9.97868, 0.00677353, 19.962
17.07, 9.97875, 0.00675208, 19.9621
17.08, 9.97882, 0.0067307, 19.9622
17.09, 9.97888, 0.00670938, 19.9623
17.1, 9.97895, 0.00668813, 19.9625
17.11, 9.97902, 0.00666695, 19.9626
17.12, 9.97908, 0.00664583, 19.9627
17.13, 9.97915, 0.00662479, 19.9628
17.14, 9.97921, 0.0066038, 19.9629
17.15, 9.97928, 0.00658289, 19.9631
17.16, 9.97935, 0.00656204, 19.9632
17.17, 9.97941, 0.00654126, 19.9633
17.18, 9.97948, 0.00652054, 19.9634
17.19, 9.97954, 0.00649989, 19.9635
17.2, 9.97961, 0.0064793, 19.9636
17.21, 9.97967, 0.00645878, 19.9638
17.22, 9.97974, 0.00643833, 19.9639
17.23, 9.9798, 0.00641794, 19.964
17.24, 9.97986, 0.00639761, 19.9641
17.25, 9.97993, 0.00637735, 19.9642
17.26, 9.97999, 0.00635715, 19.9643
17.27, 9.98005, 0.00633702, 19.9644
17.28, 9.98012, 0.00631695, 19.9646
17.29, 9.98018, 0.00629694, 19.9647
17.3, 9.98024, 0.006277, 19.9648
17.31, 9.98031, 0.00625712, 19.9649
17.32, 9.98037, 0.0062373, 19.965
17.33, 9.98043, 0.00621755, 19.9651
17.34, 9.98049, 0.00619786, 19.9652
17.35, 9.98055, 0.00617823, 19.9653
17.36, 9.98062, 0.00615866, 19.9654
17.37, 9.98068, 0.00613916, 19.9655
17.38, 9.98074, 0.00611971, 19.9657
17.39, 9.9808, 0.00610033, 19.9658
17.4, 9.98086, 0.00608101, 19.9659
17.41, 9.98092, 0.00606175, 19.966
17.42, 9.98098, 0.00604255, 19.9661
17.43, 9.98104, 0.00602342, 19.9662
17.44, 9.9811, 0.00600434, 19.9663
17.45, 9.98116, 0.00598532, 19.9664
17.46, 9.98122, 0.00596637, 19.9665
17.47, 9.98128, 0.00594747, 19.9666
17.48, 9.98134, 0.00592864, 19.9667
17.49, 9.9814, 0.00590986, 19.9668
17.5, 9.98146, 0.00589114, 19.9669
17.51, 9.98152, 0.00587248, 19.967
17.52, 9.98158, 0.00585389, 19.9671
17.53, 9.98163, 0.00583535, 19.9673
17.54, 9.98169, 0.00581687, 19.9674
17.55, 9.98175, 0.00579844, 19.9675
17.56, 9.98181, 0.00578008, 19.9676
17.57, 9.98186, 0.00576177, 19.9677
17.58, 9.98192, 0.00574352, 19.9678
17.59, 9.98198, 0.00572533, 19.9679
17.6, 9.98204, 0.0057072, 19.968
17.61, 9.98209, 0.00568913, 19.9681
17.62, 9.98215, 0.00567111, 19.9682
17.63, 9.98221, 0.00565315, 19.9683
17.64, 9.98226, 0.00563524, 19.9684
17.65, 9.98232, 0.0056174, 19.9685
17.66, 9.98238, 0.00559961, 19.9686
17.67, 9.98243, 0.00558187, 19.9687
17.68, 9.98249, 0.00556419, 19.9688
17.69, 9.98254, 0.00554657, 19.9689
17.7, 9.9826, 0.005529, 19.969
17.71, 9.98265, 0.00551149, 19.9691
17.72, 9.98271, 0.00549404, 19.9692
17.73, 9.98276, 0.00547664, 19.9693
17.74, 9.98282, 0.00545929, 19.9694
17.75, 9.98287, 0.005442, 19.9695
17.76, 9.98293, 0.00542477, 19.9696
17.77, 9.98298, 0.00540759, 19.9697
17.78, 9.98303, 0.00539046, 19.9698
17.79, 9.98309, 0.00537339, 19.9698
17.8, 9.98314, 0.00535637, 19.9699
17.81, 9.98319, 0.00533941, 19.97
17.82, 9.98325, 0.0053225, 19.9701
17.83, 9.9833, 0.00530564, 19.9702
17.84, 9.98335, 0.00528884, 19.9703
17.85, 9.98341, 0.00527209, 19.9704
17.86, 9.98346, 0.00525539, 19.9705
17.87, 9.98351, 0.00523874, 19.9706
17.88, 9.98356, 0.00522215, 19.9707
17.89, 9.98362, 0.00520561, 19.9708
17.9, 9.98367, 0.00518913, 19.9709
17.91, 9.98372, 0.00517269, 19.971
17.92, 9.98377, 0.00515631, 19.9711
17.93, 9.98382, 0.00513998, 19.9712
17.94, 9.98387, 0.0051237, 19.9712
17.95, 9.98392, 0.00510747, 19.9713
17.96, 9.98398, 0.0050913, 19.9714
17.97, 9.98403, 0.00507517, 19.9715
17.98, 9.98408, 0.0050591, 19.9716
17.99, 9.98413, 0.00504308, 19.9717
18, 9.98418, 0.00502711, 19.9718
18.01, 9.98423, 0.00501118, 19.9719
18.02, 9.98428, 0.00499531, 19.972
18.03, 9.98433, 0.00497949, 19.9721
18.04, 9.98438, 0.00496372, 19.9721
18.05, 9.98443, 0.004948, 19.9722
18.06, 9.98448, 0.00493233, 19.9723
18.07, 9.98452, 0.00491671, 19.9724
18.08, 9.98457, 0.00490114, 19.9725
18.09, 9.98462, 0.00488562, 19.9726
18.1, 9.98467, 0.00487014, 19.9727
18.11, 9.98472, 0.00485472, 19.9728
18.12, 9.98477, 0.00483934, 19.9728
18.13, 9.98482, 0.00482402, 19.9729
18.14, 9.98486, 0.00480874, 19.973
18.15, 9.98491, 0.00479351, 19.9731
18.16, 9.98496, 0.00477833, 19.9732
18.17, 9.98501, 0.00476319, 19.9733
18.18, 9.98506, 0.00474811, 19.9734
18.19, 9.9851, 0.00473307, 19.9734
18.2, 9.98515, 0.00471808, 19.9735
18.21, 9.9852, 0.00470314, 19.9736
18.22, 9.98524, 0.00468824, 19.9737
18.23, 9.98529, 0.0046734, 19.9738
18.24, 9.98534, 0.00465859, 19.9739
18.25, 9.98538, 0.00464384, 19.9739
18.26, 9.98543, 0.00462913, 19.974
18.27, 9.98548, 0.00461447, 19.9741
18.28, 9.98552, 0.00459986, 19.9742
18.29, 9.98557, 0.00458529, 19.9743
18.3, 9.98561, 0.00457077, 19.9744
18.31, 9.98566, 0.00455629, 19.9744
18.32, 9.9857, 0.00454186, 19.9745
18.33, 9.98575, 0.00452748, 19.9746
18.34, 9.98579, 0.00451314, 19.9747
18.35, 9.98584, 0.00449884, 19.9748
18.36, 9.98588, 0.0044846, 19.9748
18.37, 9.98593, 0.00447039, 19.9749
18.38, 9.98597, 0.00445623, 19.975
18.39, 9.98602, 0.00444212, 19.9751
18.4, 9.98606, 0.00442805, 19.9752
18.41, 9.98611, 0.00441403, 19.9752
18.42, 9.98615, 0.00440005, 19.9753
18.43, 9.98619, 0.00438611, 19.9754
18.44, 9.98624, 0.00437222, 19.9755
18.45, 9.98628, 0.00435838, 19.9755
18.46, 9.98633, 0.00434457, 19.9756
18.47, 9.98637, 0.00433081, 19.9757
18.48, 9.98641, 0.0043171, 19.9758
18.49, 9.98646, 0.00430342, 19.9759
18.5, 9.9865, 0.00428979, 19.9759
18.51, 9.98654, 0.00427621, 19.976
18.52, 9.98658, 0.00426267, 19.9761
18.53, 9.98663, 0.00424917, 19.9762
18.54, 9.98667, 0.00423571, 19.9762
18.55, 9.98671, 0.00422229, 19.9763
18.56, 9.98675, 0.00420892, 19.9764
18.57, 9.98679, 0.00419559, 19.9765
18.58, 9.98684, 0.0041823, 19.9765
18.59, 9.98688, 0.00416906, 19.9766
18.6, 9.98692, 0.00415585, 19.9767
18.61, 9.98696, 0.00414269, 19.9768
18.62, 9.987, 0.00412957, 19.9768
18.63, 9.98704, 0.00411649, 19.9769
18.64, 9.98708, 0.00410346, 19.977
18.65, 9.98713, 0.00409046, 19.977
18.66, 9.98717, 0.0040775, 19.9771
18.67, 9.98721, 0.00406459, 19.9772
18.68, 9.98725, 0.00405172, 19.9773
18.69, 9.98729, 0.00403889, 19.9773
18.7, 9.98733, 0.00402609, 19.9774
18.71, 9.98737, 0.00401334, 19.9775
18.72, 9.98741, 0.00400063, 19.9775
18.73, 9.98745, 0.00398796, 19.9776
18.74, 9.98749, 0.00397533, 19.9777
18.75, 9.98753, 0.00396274, 19.9778
18.76, 9.98757, 0.00395019, 19.9778
18.77, 9.98761, 0.00393768, 19.9779
18.78, 9.98765, 0.00392521, 19.978
18.79, 9.98768, 0.00391278, 19.978
18.8, 9.98772, 0.00390039, 19.9781
18.81, 9.98776, 0.00388803, 19.9782
18.82, 9.9878, 0.00387572, 19.9783
18.83, 9.98784, 0.00386344, 19.9783
18.84, 9.98788, 0.00385121, 19.9784
18.85, 9.98792, 0.00383901, 19.9785
18.86, 9.98796, 0.00382685, 19.9785
18.87, 9.98799, 0.00381473, 19.9786
18.88, 9.98803, 0.00380265, 19.9787
18.89, 9.98807, 0.00379061, 19.9787
18.9, 9.98811, 0.0037786, 19.9788
18.91, 9.98814, 0.00376664, 19.9789
18.92, 9.98818, 0.00375471, 19.9789
18.93, 9.98822, 0.00374282, 19.979
18.94, 9.98826, 0.00373096, 19.9791
18.95, 9.98829, 0.00371915, 19.9791
18.96, 9.98833, 0.00370737, 19.9792
18.97, 9.98837, 0.00369563, 19.9793
18.98, 9.9884, 0.00368392, 19.9793
18.99, 9.98844, 0.00367225, 19.9794
19, 9.98848, 0.00366062, 19.9795
19.01, 9.98851, 0.00364903, 19.9795
19.02, 9.98855, 0.00363747, 19.9796
19.03, 9.98859, 0.00362595, 19.9797
19.04, 9.98862, 0.00361447, 19.9797
19.05, 9.98866, 0.00360302, 19.9798
19.06, 9.9887, 0.00359161, 19.9798
19.07, 9.98873, 0.00358024, 19.9799
19.08, 9.98877, 0.0035689, 19.98
19.09, 9.9888, 0.00355759, 19.98
19.1, 9.98884, 0.00354633, 19.9801
19.11, 9.98887, 0.0035351, 19.9802
19.12, 9.98891, 0.0035239, 19.9802
19.13, 9.98894, 0.00351274, 19.9803
19.14, 9.98898, 0.00350161, 19.9804
19.15, 9.98901, 0.00349052, 19.9804
19.16, 9.98905, 0.00347947, 19.9805
19.17, 9.98908, 0.00346845, 19.9805
19.18, 9.98912, 0.00345746, 19.9806
19.19, 9.98915, 0.00344651, 19.9807
19.2, 9.98919, 0.0034356, 19.9807
19.21, 9.98922, 0.00342472, 19.9808
19.22, 9.98925, 0.00341387, 19.9808
19.23, 9.98929, 0.00340306, 19.9809
19.24, 9.98932, 0.00339228, 19.981
19.25, 9.98936, 0.00338154, 19.981
19.26, 9.98939, 0.00337083, 19.9811
19.27, 9.98942, 0.00336015, 19.9811
19.28, 9.98946, 0.00334951, 19.9812
19.29, 9.98949, 0.0033389, 19.9813
19.3, 9.98952, 0.00332833, 19.9813
19.31, 9.98956, 0.00331779, 19.9814
19.32, 9.98959, 0.00330728, 19.9814
19.33, 9.98962, 0.0032968, 19.9815
19.34, 9.98966, 0.00328636, 19.9816
19.35, 9.98969, 0.00327596, 19.9816
19.36, 9.98972, 0.00326558, 19.9817
19.37, 9.98975, 0.00325524, 19.9817
19.38, 9.98979, 0.00324493, 19.9818
19.39, 9.98982, 0.00323465, 19.9818
19.4, 9.98985, 0.00322441, 19.9819
19.41, 9.98988, 0.00321419, 19.982
19.42, 9.98992, 0.00320402, 19.982
19.43, 9.98995, 0.00319387, 19.9821
19.44, 9.98998, 0.00318375, 19.9821
19.45, 9.99001, 0.00317367, 19.9822
19.46, 9.99004, 0.00316362, 19.9822
19.47, 9.99007, 0.0031536, 19.9823
19.48, 9.99011, 0.00314361, 19.9824
19.49, 9.99014, 0.00313365, 19.9824
19.5, 9.99017, 0.00312373, 19.9825
19.51, 9.9902, 0.00311384, 19.9825
19.52, 9.99023, 0.00310398, 19.9826
19.53, 9.99026, 0.00309414, 19.9826
19.54, 9.99029, 0.00308435, 19.9827
19.55, 9.99032, 0.00307458, 19.9827
19.56, 9.99035, 0.00306484, 19.9828
19.57, 9.99038, 0.00305513, 19.9829
19.58, 9.99041, 0.00304546, 19.9829
19.59, 9.99044, 0.00303581, 19.983
19.6, 9.99048, 0.0030262, 19.983
19.61, 9.99051, 0.00301661, 19.9831
19.62, 9.99054, 0.00300706, 19.9831
19.63, 9.99057, 0.00299754, 19.9832
19.64, 9.9906, 0.00298804, 19.9832
19.65, 9.99062, 0.00297858, 19.9833
19.66, 9.99065, 0.00296915, 19.9833
19.67, 9.99068, 0.00295974, 19.9834
19.68, 9.99071, 0.00295037, 19.9834
19.69, 9.99074, 0.00294102, 19.9835
19.7, 9.99077, 0.00293171, 19.9835
19.71, 9.9908, 0.00292242, 19.9836
19.72, 9.99083, 0.00291317, 19.9837
19.73, 9.99086, 0.00290394, 19.9837
19.74, 9.99089, 0.00289475, 19.9838
19.75, 9.99092, 0.00288558, 19.9838
19.76, 9.99095, 0.00287644, 19.9839
19.77, 9.99098, 0.00286733, 19.9839
19.78, 9.991, 0.00285825, 19.984
19.79, 9.99103, 0.0028492, 19.984
19.8, 9.99106, 0.00284017, 19.9841
19.81, 9.99109, 0.00283118, 19.9841
19.82, 9.99112, 0.00282221, 19.9842
19.83, 9.99115, 0.00281327, 19.9842
19.84, 9.99117, 0.00280436, 19.9843
19.85, 9.9912, 0.00279548, 19.9843
19.86, 9.99123, 0.00278663, 19.9844
19.87, 9.99126, 0.0027778, 19.9844
19.88, 9.99128, 0.002769, 19.9845
19.89, 9.99131, 0.00276023, 19.9845
19.9, 9.99134, 0.00275149, 19.9846
19.91, 9.99137, 0.00274278, 19.9846
19.92, 9.99139, 0.00273409, 19.9847
19.93, 9.99142, 0.00272543, 19.9847
19.94, 9.99145, 0.0027168, 19.9848
19.95, 9.99148, 0.0027082, 19.9848
19.96, 9.9915, 0.00269962, 19.9849
19.97, 9.99153, 0.00269107, 19.9849
19.98, 9.99156, 0.00268255, 19.9849
19.99, 9.99158, 0.00267405, 19.985
20, 9.99161, 0.00266558, 19.985
20.01, 9.99164, 0.00265714, 19.9851
20.02, 9.99166, 0.00264872, 19.9851
20.03, 9.99169, 0.00264034, 19.9852
20.04, 9.99172, 0.00263197, 19.9852
20.05, 9.99174, 0.00262364, 19.9853
20.06, 9.99177, 0.00261533, 19.9853
20.07, 9.99179, 0.00260705, 19.9854
20.08, 9.99182, 0.00259879, 19.9854
20.09, 9.99185, 0.00259056, 19.9855
20.1, 9.99187, 0.00258235, 19.9855
20.11, 9.9919, 0.00257418, 19.9856
20.12, 9.99192, 0.00256602, 19.9856
20.13, 9.99195, 0.0025579, 19.9856
20.14, 9.99197, 0.00254979, 19.9857
20.15, 9.992, 0.00254172, 19.9857
20.16, 9.99203, 0.00253367, 19.9858
20.17, 9.99205, 0.00252565, 19.9858
20.18, 9.99208, 0.00251765, 19.9859
20.19, 9.9921, 0.00250967, 19.9859
20.2, 9.99213, 0.00250172, 19.986
20.21, 9.99215, 0.0024938, 19.986
20.22, 9.99218, 0.0024859, 19.986
20.23, 9.9922, 0.00247803, 19.9861
20.24, 9.99223, 0.00247018, 19.9861
20.25, 9.99225, 0.00246236, 19.9862
20.26, 9.99227, 0.00245456, 19.9862
20.27, 9.9923, 0.00244679, 19.9863
20.28, 9.99232, 0.00243904, 19.9863
20.29, 9.99235, 0.00243131, 19.9864
20.3, 9.99237, 0.00242361, 19.9864
20.31, 9.9924, 0.00241594, 19.9864
20.32, 9.99242, 0.00240829, 19.9865
20.33, 9.99244, 0.00240066, 19.9865
20.34, 9.99247, 0.00239305, 19.9866
20.35, 9.99249, 0.00238548, 19.9866
20.36, 9.99252, 0.00237792, 19.9867
20.37, 9.99254, 0.00237039, 19.9867
20.38, 9.99256, 0.00236288, 19.9867
20.39, 9.99259, 0.0023554, 19.9868
20.4, 9.99261, 0.00234794, 19.9868
20.41, 9.99263, 0.0023405, 19.9869
20.42, 9.99266, 0.00233309, 19.9869
20.43, 9.99268, 0.0023257, 19.9869
20.44, 9.9927, 0.00231834, 19.987
20.45, 9.99273, 0.00231099, 19.987
20.46, 9.99275, 0.00230367, 19.9871
20.47, 9.99277, 0.00229638, 19.9871
20.48, 9.9928, 0.00228911, 19.9872
20.49, 9.99282, 0.00228186, 19.9872
20.5, 9.99284, 0.00227463, 19.9872
20.51, 9.99286, 0.00226743, 19.9873
20.52, 9.99289, 0.00226024, 19.9873
20.53, 9.99291, 0.00225309, 19.9874
20.54, 9.99293, 0.00224595, 19.9874
20.55, 9.99295, 0.00223884, 19.9874
20.56, 9.99298, 0.00223175, 19.9875
20.57, 9.993, 0.00222468, 19.9875
20.58, 9.99302, 0.00221763, 19.9876
20.59, 9.99304, 0.00221061, 19.9876
20.6, 9.99306, 0.00220361, 19.9876
20.61, 9.99309, 0.00219663, 19.9877
20.62, 9.99311, 0.00218967, 19.9877
20.63, 9.99313, 0.00218274, 19.9878
20.64, 9.99315, 0.00217582, 19.9878
20.65, 9.99317, 0.00216893, 19.9878
20.66, 9.99319, 0.00216206, 19.9879
20.67, 9.99322, 0.00215522, 19.9879
20.68, 9.99324, 0.00214839, 19.9879
20.69, 9.99326, 0.00214159, 19.988
20.7, 9.99328, 0.0021348, 19.988
20.71, 9.9933, 0.00212804, 19.9881
20.72, 9.99332, 0.0021213, 19.9881
20.73, 9.99334, 0.00211458, 19.9881
20.74, 9.99337, 0.00210789, 19.9882
20.75, 9.99339, 0.00210121, 19.9882
20.76, 9.99341, 0.00209456, 19.9882
20.77, 9.99343, 0.00208792, 19.9883
20.78, 9.99345, 0.00208131, 19.9883
20.79, 9.99347, 0.00207472, 19.9884
20.8, 9.99349, 0.00206815, 19.9884
20.81, 9.99351, 0.0020616, 19.9884
20.82, 9.99353, 0.00205507, 19.9885
20.83, 9.99355, 0.00204856, 19.9885
20.84, 9.99357, 0.00204207, 19.9885
20.85, 9.99359, 0.00203561, 19.9886
20.86, 9.99361, 0.00202916, 19.9886
20.87, 9.99363, 0.00202273, 19.9886
20.88, 9.99365, 0.00201633, 19.9887
20.89, 9.99367, 0.00200994, 19.9887
20.9, 9.99369, 0.00200357, 19.9888
20.91, 9.99371, 0.00199723, 19.9888
20.92, 9.99373, 0.0019909, 19.9888
20.93, 9.99375, 0.0019846, 19.9889
20.94, 9.99377, 0.00197831, 19.9889
20.95, 9.99379, 0.00197205, 19.9889
20.96, 9.99381, 0.0019658, 19.989
20.97, 9.99383, 0.00195958, 19.989
20.98, 9.99385, 0.00195337, 19.989
20.99, 9.99387, 0.00194718, 19.9891
21, 9.99389, 0.00194102, 19.9891
21.01, 9.99391, 0.00193487, 19.9891
21.02, 9.99393, 0.00192874, 19.9892
21.03, 9.99395, 0.00192263, 19.9892
21.04, 9.99397, 0.00191654, 19.9892
21.05, 9.99399, 0.00191047, 19.9893
21.06, 9.99401, 0.00190442, 19.9893
21.07, 9.99402, 0.00189839, 19.9893
21.08, 9.99404, 0.00189238, 19.9894
21.09, 9.99406, 0.00188639, 19.9894
21.1, 9.99408, 0.00188041, 19.9894
21.11, 9.9941, 0.00187446, 19.9895
21.12, 9.99412, 0.00186852, 19.9895
21.13, 9.99414, 0.0018626, 19.9895
21.14, 9.99416, 0.0018567, 19.9896
21.15, 9.99417, 0.00185082, 19.9896
21.16, 9.99419, 0.00184496, 19.9896
21.17, 9.99421, 0.00183912, 19.9897
21.18, 9.99423, 0.00183329, 19.9897
21.19, 9.99425, 0.00182749, 19.9897
21.2, 9.99427, 0.0018217, 19.9898
21.21, 9.99428, 0.00181593, 19.9898
21.22, 9.9943, 0.00181018, 19.9898
21.23, 9.99432, 0.00180444, 19.9899
21.24, 9.99434, 0.00179873, 19.9899
21.25, 9.99436, 0.00179303, 19.9899
21.26, 9.99437, 0.00178735, 19.99
21.27, 9.99439, 0.00178169, 19.99
21.28, 9.99441, 0.00177605, 19.99
21.29, 9.99443, 0.00177043, 19.9901
21.3, 9.99445, 0.00176482, 19.9901
21.31, 9.99446, 0.00175923, 19.9901
21.32, 9.99448, 0.00175366, 19.9902
21.33, 9.9945, 0.0017481, 19.9902
21.34, 9.99452, 0.00174257, 19.9902
21.35, 9.99453, 0.00173705, 19.9903
21.36, 9.99455, 0.00173155, 19.9903
21.37, 9.99457, 0.00172606, 19.9903
21.38, 9.99458, 0.0017206, 19.9903
21.39, 9.9946, 0.00171515, 19.9904
21.4, 9.99462, 0.00170972, 19.9904
21.41, 9.99464, 0.0017043, 19.9904
21.42, 9.99465, 0.0016989, 19.9905
21.43, 9.99467, 0.00169352, 19.9905
21.44, 9.99469, 0.00168816, 19.9905
21.45, 9.9947, 0.00168281, 19.9906
21.46, 9.99472, 0.00167748, 19.9906
21.47, 9.99474, 0.00167217, 19.9906
21.48, 9.99475, 0.00166687, 19.9906
21.49, 9.99477, 0.0016616, 19.9907
21.5, 9.99479, 0.00165633, 19.9907
21.51, 9.9948, 0.00165109, 19.9907
21.52, 9.99482, 0.00164586, 19.9908
21.53, 9.99484, 0.00164065, 19.9908
21.54, 9.99485, 0.00163545, 19.9908
21.55, 9.99487, 0.00163027, 19.9909
21.56, 9.99489, 0.00162511, 19.9909
21.57, 9.9949, 0.00161996, 19.9909
21.58, 9.99492, 0.00161483, 19.9909
21.59, 9.99493, 0.00160971, 19.991
21.6, 9.99495, 0.00160462, 19.991
21.61, 9.99497, 0.00159953, 19.991
21.62, 9.99498, 0.00159447, 19.9911
21.63, 9.995, 0.00158942, 19.9911
21.64, 9.99501, 0.00158439, 19.9911
21.65, 9.99503, 0.00157937, 19.9911
21.66, 9.99504, 0.00157437, 19.9912
21.67, 9.99506, 0.00156938, 19.9912
21.68, 9.99508, 0.00156441, 19.9912
21.69, 9.99509, 0.00155945, 19.9912
21.7, 9.99511, 0.00155452, 19.9913
21.71, 9.99512, 0.00154959, 19.9913
21.72, 9.99514, 0.00154468, 19.9913
21.73, 9.99515, 0.00153979, 19.9914
21.74, 9.99517, 0.00153492, 19.9914
21.75, 9.99518, 0.00153005, 19.9914
21.76, 9.9952, 0.00152521, 19.9914
21.77, 9.99521, 0.00152038, 19.9915
21.78, 9.99523, 0.00151556, 19.9915
21.79, 9.99524, 0.00151076, 19.9915
21.8, 9.99526, 0.00150598, 19.9915
21.81, 9.99527, 0.00150121, 19.9916
21.82, 9.99529, 0.00149645, 19.9916
21.83, 9.9953, 0.00149171, 19.9916
21.84, 9.99532, 0.00148699, 19.9917
21.85, 9.99533, 0.00148228, 19.9917
21.86, 9.99535, 0.00147759, 19.9917
21.87, 9.99536, 0.00147291, 19.9917
21.88, 9.99538, 0.00146824, 19.9918
21.89, 9.99539, 0.00146359, 19.9918
21.9, 9.99541, 0.00145896, 19.9918
21.91, 9.99542, 0.00145434, 19.9918
21.92, 9.99544, 0.00144973, 19.9919
21.93, 9.99545, 0.00144514, 19.9919
21.94, 9.99547, 0.00144056, 19.9919
21.95, 9.99548, 0.001436, 19.9919
21.96, 9.99549, 0.00143145, 19.992
21.97, 9.99551, 0.00142692, 19.992
21.98, 9.99552, 0.0014224, 19.992
21.99, 9.99554, 0.00141789, 19.992
22, 9.99555, 0.0014134, 19.9921
22.01, 9.99557, 0.00140893, 19.9921
22.02, 9.99558, 0.00140446, 19.9921
22.03, 9.99559, 0.00140002, 19.9921
22.04, 9.99561, 0.00139558, 19.9922
22.05, 9.99562, 0.00139116, 19.9922
22.06, 9.99564, 0.00138676, 19.9922
22.07, 9.99565, 0.00138237, 19.9922
22.08, 9.99566, 0.00137799, 19.9923
22.09, 9.99568, 0.00137362, 19.9923
22.1, 9.99569, 0.00136927, 19.9923
22.11, 9.9957, 0.00136494, 19.9923
22.12, 9.99572, 0.00136061, 19.9924
22.13, 9.99573, 0.0013563, 19.9924
22.14, 9.99574, 0.00135201, 19.9924
22.15, 9.99576, 0.00134773, 19.9924
22.16, 9.99577, 0.00134346, 19.9925
22.17, 9.99578, 0.0013392, 19.9925
22.18, 9.9958, 0.00133496, 19.9925
22.19, 9.99581, 0.00133073, 19.9925
22.2, 9.99582, 0.00132652, 19.9926
22.21, 9.99584, 0.00132232, 19.9926
22.22, 9.99585, 0.00131813, 19.9926
22.23, 9.99586, 0.00131396, 19.9926
22.24, 9.99588, 0.00130979, 19.9926
22.25, 9.99589, 0.00130565, 19.9927
22.26, 9.9959, 0.00130151, 19.9927
22.27, 9.99592, 0.00129739, 19.9927
22.28, 9.99593, 0.00129328, 19.9927
22.29, 9.99594, 0.00128918, 19.9928
22.3, 9.99596, 0.0012851, 19.9928
22.31, 9.99597, 0.00128103, 19.9928
22.32, 9.99598, 0.00127697, 19.9928
22.33, 9.99599, 0.00127293, 19.9929
22.34, 9.99601, 0.0012689, 19.9929
22.35, 9.99602, 0.00126488, 19.9929
22.36, 9.99603, 0.00126087, 19.9929
22.37, 9.99604, 0.00125688, 19.9929
22.38, 9.99606, 0.0012529, 19.993
22.39, 9.99607, 0.00124893, 19.993
22.4, 9.99608, 0.00124498, 19.993
22.41, 9.99609, 0.00124103, 19.993
22.42, 9.99611, 0.0012371, 19.9931
22.43, 9.99612, 0.00123318, 19.9931
22.44, 9.99613, 0.00122928, 19.9931
22.45, 9.99614, 0.00122539, 19.9931
22.46, 9.99616, 0.0012215, 19.9931
22.47, 9.99617, 0.00121764, 19.9932
22.48, 9.99618, 0.00121378, 19.9932
22.49, 9.99619, 0.00120994, 19.9932
22.5, 9.9962, 0.0012061, 19.9932
22.51, 9.99622, 0.00120228, 19.9933
22.52, 9.99623, 0.00119848, 19.9933
22.53, 9.99624, 0.00119468, 19.9933
22.54, 9.99625, 0.0011909, 19.9933
22.55, 9.99626, 0.00118713, 19.9933
22.56, 9.99628, 0.00118337, 19.9934
22.57, 9.99629, 0.00117962, 19.9934
22.58, 9.9963, 0.00117588, 19.9934
22.59, 9.99631, 0.00117216, 19.9934
22.6, 9.99632, 0.00116845, 19.9934
22.61, 9.99633, 0.00116474, 19.9935
22.62, 9.99635, 0.00116106, 19.9935
22.63, 9.99636, 0.00115738, 19.9935
22.64, 9.99637, 0.00115371, 19.9935
22.65, 9.99638, 0.00115006, 19.9935
22.66, 9.99639, 0.00114642, 19.9936
22.67, 9.9964, 0.00114279, 19.9936
22.68, 9.99641, 0.00113917, 19.9936
22.69, 9.99643, 0.00113556, 19.9936
22.7, 9.99644, 0.00113196, 19.9936
22.71, 9.99645, 0.00112838, 19.9937
22.72, 9.99646, 0.0011248, 19.9937
22.73, 9.99647, 0.00112124, 19.9937
22.74, 9.99648, 0.00111769, 19.9937
22.75, 9.99649, 0.00111415, 19.9937
22.76, 9.9965, 0.00111062, 19.9938
22.77, 9.99652, 0.0011071, 19.9938
22.78, 9.99653, 0.0011036, 19.9938
22.79, 9.99654, 0.0011001, 19.9938
22.8, 9.99655, 0.00109662, 19.9938
22.81, 9.99656, 0.00109315, 19.9939
22.82, 9.99657, 0.00108968, 19.9939
22.83, 9.99658, 0.00108623, 19.9939
22.84, 9.99659, 0.00108279, 19.9939
22.85, 9.9966, 0.00107936, 19.9939
22.86, 9.99661, 0.00107594, 19.994
22.87, 9.99662, 0.00107254, 19.994
22.88, 9.99663, 0.00106914, 19.994
22.89, 9.99665, 0.00106575, 19.994
22.9, 9.99666, 0.00106238, 19.994
22.91, 9.99667, 0.00105901, 19.9941
22.92, 9.99668, 0.00105566, 19.9941
22.93, 9.99669, 0.00105232, 19.9941
22.94, 9.9967, 0.00104898, 19.9941
22.95, 9.99671, 0.00104566, 19.9941
22.96, 9.99672, 0.00104235, 19.9942
22.97, 9.99673, 0.00103905, 19.9942
22.98, 9.99674, 0.00103576, 19.9942
22.99, 9.99675, 0.00103248, 19.9942
23, 9.99676, 0.00102921, 19.9942
23.01, 9.99677, 0.00102595, 19.9942
23.02, 9.99678, 0.0010227, 19.9943
23.03, 9.99679, 0.00101946, 19.9943
23.04, 9.9968, 0.00101623, 19.9943
23.05, 9.99681, 0.00101301, 19.9943
23.06, 9.99682, 0.0010098, 19.9943
23.07, 9.99683, 0.00100661, 19.9944
23.08, 9.99684, 0.00100342, 19.9944
23.09, 9.99685, 0.00100024, 19.9944
23.1, 9.99686, 0.000997073, 19.9944
23.11, 9.99687, 0.000993915, 19.9944
23.12, 9.99688, 0.000990767, 19.9944
23.13, 9.99689, 0.000987629, 19.9945
23.14, 9.9969, 0.000984501, 19.9945
23.15, 9.99691, 0.000981383, 19.9945
23.16, 9.99692, 0.000978275, 19.9945
23.17, 9.99693, 0.000975177, 19.9945
23.18, 9.99694, 0.000972089, 19.9945
23.19, 9.99695, 0.00096901, 19.9946
23.2, 9.99696, 0.000965941, 19.9946
23.21, 9.99697, 0.000962882, 19.9946
23.22, 9.99698, 0.000959832, 19.9946
23.23, 9.99699, 0.000956792, 19.9946
23.24, 9.997, 0.000953762, 19.9946
23.25, 9.99701, 0.000950742, 19.9947
23.26, 9.99702, 0.00094773, 19.9947
23.27, 9.99703, 0.000944729, 19.9947
23.28, 9.99704, 0.000941737, 19.9947
23.29, 9.99705, 0.000938754, 19.9947
23.3, 9.99705, 0.000935781, 19.9947
23.31, 9.99706, 0.000932817, 19.9948
23.32, 9.99707, 0.000929863, 19.9948
23.33, 9.99708, 0.000926918, 19.9948
23.34, 9.99709, 0.000923983, 19.9948
23.35, 9.9971, 0.000921056, 19.9948
23.36, 9.99711, 0.000918139, 19.9948
23.37, 9.99712, 0.000915231, 19.9949
23.38, 9.99713, 0.000912333, 19.9949
23.39, 9.99714, 0.000909443, 19.9949
23.4, 9.99715, 0.000906563, 19.9949
23.41, 9.99716, 0.000903692, 19.9949
23.42, 9.99716, 0.00090083, 19.9949
23.43, 9.99717, 0.000897977, 19.995
23.44, 9.99718, 0.000895133, 19.995
23.45, 9.99719, 0.000892298, 19.995
23.46, 9.9972, 0.000889472, 19.995
23.47, 9.99721, 0.000886655, 19.995
23.48, 9.99722, 0.000883847, 19.995
23.49, 9.99723, 0.000881048, 19.9951
23.5, 9.99724, 0.000878257, 19.9951
23.51, 9.99724, 0.000875476, 19.9951
23.52, 9.99725, 0.000872703, 19.9951
23.53, 9.99726, 0.000869939, 19.9951
23.54, 9.99727, 0.000867184, 19.9951
23.55, 9.99728, 0.000864437, 19.9951
23.56, 9.99729, 0.0008617, 19.9952
23.57, 9.9973, 0.000858971, 19.9952
23.58, 9.9973, 0.00085625, 19.9952
23.59, 9.99731, 0.000853538, 19.9952
23.6, 9.99732, 0.000850835, 19.9952
23.61, 9.99733, 0.00084814, 19.9952
23.62, 9.99734, 0.000845454, 19.9953
23.63, 9.99735, 0.000842777, 19.9953
23.64, 9.99736, 0.000840108, 19.9953
23.65, 9.99736, 0.000837447, 19.9953
23.66, 9.99737, 0.000834795, 19.9953
23.67, 9.99738, 0.000832151, 19.9953
23.68, 9.99739, 0.000829515, 19.9953
23.69, 9.9974, 0.000826888, 19.9954
23.7, 9.99741, 0.000824269, 19.9954
23.71, 9.99741, 0.000821659, 19.9954
23.72, 9.99742, 0.000819057, 19.9954
23.73, 9.99743, 0.000816462, 19.9954
23.74, 9.99744, 0.000813877, 19.9954
23.75, 9.99745, 0.000811299, 19.9954
23.76, 9.99745, 0.00080873, 19.9955
23.77, 9.99746, 0.000806168, 19.9955
23.78, 9.99747, 0.000803615, 19.9955
23.79, 9.99748, 0.00080107, 19.9955
23.8, 9.99749, 0.000798533, 19.9955
23.81, 9.99749, 0.000796004, 19.9955
23.82, 9.9975, 0.000793483, 19.9955
23.83, 9.99751, 0.00079097, 19.9956
23.84, 9.99752, 0.000788465, 19.9956
23.85, 9.99753, 0.000785968, 19.9956
23.86, 9.99753, 0.000783478, 19.9956
23.87, 9.99754, 0.000780997, 19.9956
23.88, 9.99755, 0.000778524, 19.9956
23.89, 9.99756, 0.000776058, 19.9956
23.9, 9.99757, 0.0007736, 19.9957
23.91, 9.99757, 0.00077115, 19.9957
23.92, 9.99758, 0.000768708, 19.9957
23.93, 9.99759, 0.000766273, 19.9957
23.94, 9.9976, 0.000763846, 19.9957
23.95, 9.9976, 0.000761427, 19.9957
23.96, 9.99761, 0.000759016, 19.9957
23.97, 9.99762, 0.000756612, 19.9958
23.98, 9.99763, 0.000754216, 19.9958
23.99, 9.99763, 0.000751827, 19.9958
24, 9.99764, 0.000749446, 19.9958
24.01, 9.99765, 0.000747072, 19.9958
24.02, 9.99766, 0.000744706, 19.9958
24.03, 9.99766, 0.000742348, 19.9958
24.04, 9.99767, 0.000739997, 19.9958
24.05, 9.99768, 0.000737653, 19.9959
24.06, 9.99769, 0.000735317, 19.9959
24.07, 9.99769, 0.000732988, 19.9959
24.08, 9.9977, 0.000730667, 19.9959
24.09, 9.99771, 0.000728352, 19.9959
24.1, 9.99771, 0.000726046, 19.9959
24.11, 9.99772, 0.000723746, 19.9959
24.12, 9.99773, 0.000721454, 19.996
24.13, 9.99774, 0.000719169, 19.996
24.14, 9.99774, 0.000716891, 19.996
24.15, 9.99775, 0.000714621, 19.996
24.16, 9.99776, 0.000712358, 19.996
24.17, 9.99776, 0.000710102, 19.996
24.18, 9.99777, 0.000707853, 19.996
24.19, 9.99778, 0.000705611, 19.996
24.2, 9.99779, 0.000703376, 19.9961
24.21, 9.99779, 0.000701149, 19.9961
24.22, 9.9978, 0.000698928, 19.9961
24.23, 9.99781, 0.000696714, 19.9961
24.24, 9.99781, 0.000694508, 19.9961
24.25, 9.99782, 0.000692308, 19.9961
24.26, 9.99783, 0.000690116, 19.9961
24.27, 9.99783, 0.00068793, 19.9961
24.28, 9.99784, 0.000685751, 19.9962
24.29, 9.99785, 0.000683579, 19.9962
24.3, 9.99786, 0.000681414, 19.9962
24.31, 9.99786, 0.000679256, 19.9962
24.32, 9.99787, 0.000677105, 19.9962
24.33, 9.99788, 0.000674961, 19.9962
24.34, 9.99788, 0.000672823, 19.9962
24.35, 9.99789, 0.000670692, 19.9962
24.36, 9.9979, 0.000668568, 19.9962
24.37, 9.9979, 0.000666451, 19.9963
24.38, 9.99791, 0.00066434, 19.9963
24.39, 9.99792, 0.000662236, 19.9963
24.4, 9.99792, 0.000660138, 19.9963
24.41, 9.99793, 0.000658048, 19.9963
24.42, 9.99794, 0.000655964, 19.9963
24.43, 9.99794, 0.000653886, 19.9963
24.44, 9.99795, 0.000651815, 19.9963
24.45, 9.99795, 0.000649751, 19.9964
24.46, 9.99796, 0.000647693, 19.9964
24.47, 9.99797, 0.000645642, 19.9964
24.48, 9.99797, 0.000643597, 19.9964
24.49, 9.99798, 0.000641559, 19.9964
24.5, 9.99799, 0.000639527, 19.9964
24.51, 9.99799, 0.000637501, 19.9964
24.52, 9.998, 0.000635482, 19.9964
24.53, 9.99801, 0.00063347, 19.9964
24.54, 9.99801, 0.000631463, 19.9965
24.55, 9.99802, 0.000629464, 19.9965
24.56, 9.99803, 0.00062747, 19.9965
24.57, 9.99803, 0.000625483, 19.9965
24.58, 9.99804, 0.000623502, 19.9965
24.59, 9.99804, 0.000621527, 19.9965
24.6, 9.99805, 0.000619559, 19.9965
24.61, 9.99806, 0.000617597, 19.9965
24.62, 9.99806, 0.000615641, 19.9965
24.63, 9.99807, 0.000613691, 19.9966
24.64, 9.99807, 0.000611747, 19.9966
24.65, 9.99808, 0.00060981, 19.9966
24.66, 9.99809, 0.000607878, 19.9966
24.67, 9.99809, 0.000605953, 19.9966
24.68, 9.9981, 0.000604034, 19.9966
24.69, 9.9981, 0.000602121, 19.9966
24.7, 9.99811, 0.000600214, 19.9966
24.71, 9.99812, 0.000598313, 19.9966
24.72, 9.99812, 0.000596418, 19.9967
24.73, 9.99813, 0.000594529, 19.9967
24.74, 9.99813, 0.000592646, 19.9967
24.75, 9.99814, 0.000590769, 19.9967
24.76, 9.99815, 0.000588898, 19.9967
24.77, 9.99815, 0.000587033, 19.9967
24.78, 9.99816, 0.000585174, 19.9967
24.79, 9.99816, 0.000583321, 19.9967
24.8, 9.99817, 0.000581473, 19.9967
24.81, 9.99818, 0.000579632, 19.9967
24.82, 9.99818, 0.000577796, 19.9968
24.83, 9.99819, 0.000575966, 19.9968
24.84, 9.99819, 0.000574142, 19.9968
24.85, 9.9982, 0.000572324, 19.9968
24.86, 9.9982, 0.000570511, 19.9968
24.87, 9.99821, 0.000568704, 19.9968
24.88, 9.99822, 0.000566903, 19.9968
24.89, 9.99822, 0.000565108, 19.9968
24.9, 9.99823, 0.000563318, 19.9968
24.91, 9.99823, 0.000561534, 19.9968
24.92, 9.99824, 0.000559755, 19.9969
24.93, 9.99824, 0.000557983, 19.9969
24.94, 9.99825, 0.000556215, 19.9969
24.95, 9.99825, 0.000554454, 19.9969
24.96, 9.99826, 0.000552698, 19.9969
24.97, 9.99827, 0.000550947, 19.9969
24.98, 9.99827, 0.000549203, 19.9969
24.99, 9.99828, 0.000547463, 19.9969
25, 9.99828, 0.000545729, 19.9969
25.01, 9.99829, 0.000544001, 19.9969
25.02, 9.99829, 0.000542278, 19.997
25.03, 9.9983, 0.000540561, 19.997
25.04, 9.9983, 0.000538849, 19.997
25.05, 9.99831, 0.000537142, 19.997
25.06, 9.99831, 0.000535441, 19.997
25.07, 9.99832, 0.000533745, 19.997
25.08, 9.99833, 0.000532055, 19.997
25.09, 9.99833, 0.00053037, 19.997
25.1, 9.99834, 0.00052869, 19.997
25.11, 9.99834, 0.000527015, 19.997
25.12, 9.99835, 0.000525346, 19.9971
25.13, 9.99835, 0.000523683, 19.9971
25.14, 9.99836, 0.000522024, 19.9971
25.15, 9.99836, 0.000520371, 19.9971
25.16, 9.99837, 0.000518723, 19.9971
25.17, 9.99837, 0.00051708, 19.9971
25.18, 9.99838, 0.000515442, 19.9971
25.19, 9.99838, 0.00051381, 19.9971
25.2, 9.99839, 0.000512182, 19.9971
25.21, 9.99839, 0.00051056, 19.9971
25.22, 9.9984, 0.000508943, 19.9971
25.23, 9.9984, 0.000507331, 19.9972
25.24, 9.99841, 0.000505725, 19.9972
25.25, 9.99841, 0.000504123, 19.9972
25.26, 9.99842, 0.000502526, 19.9972
25.27, 9.99842, 0.000500935, 19.9972
25.28, 9.99843, 0.000499348, 19.9972
25.29, 9.99843, 0.000497767, 19.9972
25.3, 9.99844, 0.00049619, 19.9972
25.31, 9.99844, 0.000494619, 19.9972
25.32, 9.99845, 0.000493052, 19.9972
25.33, 9.99845, 0.000491491, 19.9972
25.34, 9.99846, 0.000489934, 19.9973
25.35, 9.99846, 0.000488383, 19.9973
25.36, 9.99847, 0.000486836, 19.9973
25.37, 9.99847, 0.000485294, 19.9973
25.38, 9.99848, 0.000483757, 19.9973
25.39, 9.99848, 0.000482225, 19.9973
25.4, 9.99849, 0.000480698, 19.9973
25.41, 9.99849, 0.000479175, 19.9973
25.42, 9.9985, 0.000477658, 19.9973
25.43, 9.9985, 0.000476145, 19.9973
25.44, 9.99851, 0.000474637, 19.9973
25.45, 9.99851, 0.000473134, 19.9973
25.46, 9.99852, 0.000471635, 19.9974
25.47, 9.99852, 0.000470142, 19.9974
25.48, 9.99852, 0.000468653, 19.9974
25.49, 9.99853, 0.000467168, 19.9974
25.5, 9.99853, 0.000465689, 19.9974
25.51, 9.99854, 0.000464214, 19.9974
25.52, 9.99854, 0.000462744, 19.9974
25.53, 9.99855, 0.000461278, 19.9974
25.54, 9.99855, 0.000459817, 19.9974
25.55, 9.99856, 0.000458361, 19.9974
25.56, 9.99856, 0.000456909, 19.9974
25.57, 9.99857, 0.000455462, 19.9974
25.58, 9.99857, 0.00045402, 19.9975
25.59, 9.99858, 0.000452582, 19.9975
25.6, 9.99858, 0.000451148, 19.9975
25.61, 9.99858, 0.00044972, 19.9975
25.62, 9.99859, 0.000448295, 19.9975
25.63, 9.99859, 0.000446876, 19.9975
25.64, 9.9986, 0.00044546, 19.9975
25.65, 9.9986, 0.000444049, 19.9975
25.66, 9.99861, 0.000442643, 19.9975
25.67, 9.99861, 0.000441241, 19.9975
25.68, 9.99862, 0.000439844, 19.9975
25.69, 9.99862, 0.000438451, 19.9975
25.7, 9.99862, 0.000437062, 19.9975
25.71, 9.99863, 0.000435678, 19.9976
25.72, 9.99863, 0.000434298, 19.9976
25.73, 9.99864, 0.000432923, 19.9976
25.74, 9.99864, 0.000431552, 19.9976
25.75, 9.99865, 0.000430185, 19.9976
25.76, 9.99865, 0.000428822, 19.9976
25.77, 9.99865, 0.000427464, 19.9976
25.78, 9.99866, 0.00042611, 19.9976
25.79, 9.99866, 0.000424761, 19.9976
25.8, 9.99867, 0.000423416, 19.9976
25.81, 9.99867, 0.000422075, 19.9976
25.82, 9.99868, 0.000420738, 19.9976
25.83, 9.99868, 0.000419405, 19.9976
25.84, 9.99868, 0.000418077, 19.9977
25.85, 9.99869, 0.000416753, 19.9977
25.86, 9.99869, 0.000415433, 19.9977
25.87, 9.9987, 0.000414117, 19.9977
25.88, 9.9987, 0.000412806, 19.9977
25.89, 9.9987, 0.000411498, 19.9977
25.9, 9.99871, 0.000410195, 19.9977
25.91, 9.99871, 0.000408896, 19.9977
25.92, 9.99872, 0.000407601, 19.9977
25.93, 9.99872, 0.00040631, 19.9977
25.94, 9.99873, 0.000405023, 19.9977
25.95, 9.99873, 0.000403741, 19.9977
25.96, 9.99873, 0.000402462, 19.9977
25.97, 9.99874, 0.000401187, 19.9977
25.98, 9.99874, 0.000399917, 19.9978
25.99, 9.99875, 0.00039865, 19.9978
26, 9.99875, 0.000397388, 19.9978
26.01, 9.99875, 0.000396129, 19.9978
26.02, 9.99876, 0.000394874, 19.9978
26.03, 9.99876, 0.000393624, 19.9978
26.04, 9.99877, 0.000392377, 19.9978
26.05, 9.99877, 0.000391135, 19.9978
26.06, 9.99877, 0.000389896, 19.9978
26.07, 9.99878, 0.000388661, 19.9978
26.08, 9.99878, 0.00038743, 19.9978
26.09, 9.99878, 0.000386203, 19.9978
26.1, 9.99879, 0.00038498, 19.9978
26.11, 9.99879, 0.000383761, 19.9978
26.12, 9.9988, 0.000382545, 19.9979
26.13, 9.9988, 0.000381334, 19.9979
26.14, 9.9988, 0.000380126, 19.9979
26.15, 9.99881, 0.000378922, 19.9979
26.16, 9.99881, 0.000377722, 19.9979
26.17, 9.99881, 0.000376526, 19.9979
26.18, 9.99882, 0.000375333, 19.9979
26.19, 9.99882, 0.000374144, 19.9979
26.2, 9.99883, 0.00037296, 19.9979
26.21, 9.99883, 0.000371778, 19.9979
26.22, 9.99883, 0.000370601, 19.9979
26.23, 9.99884, 0.000369427, 19.9979
26.24, 9.99884, 0.000368257, 19.9979
26.25, 9.99884, 0.000367091, 19.9979
26.26, 9.99885, 0.000365928, 19.9979
26.27, 9.99885, 0.000364769, 19.998
26.28, 9.99886, 0.000363614, 19.998
26.29, 9.99886, 0.000362462, 19.998
26.3, 9.99886, 0.000361315, 19.998
26.31, 9.99887, 0.00036017, 19.998
26.32, 9.99887, 0.00035903, 19.998
26.33, 9.99887, 0.000357892, 19.998
26.34, 9.99888, 0.000356759, 19.998
26.35, 9.99888, 0.000355629, 19.998
26.36, 9.99888, 0.000354503, 19.998
26.37, 9.99889, 0.00035338, 19.998
26.38, 9.99889, 0.000352261, 19.998
26.39, 9.99889, 0.000351145, 19.998
26.4, 9.9989, 0.000350033, 19.998
26.41, 9.9989, 0.000348925, 19.998
26.42, 9.99891, 0.000347819, 19.998
26.43, 9.99891, 0.000346718, 19.9981
26.44, 9.99891, 0.00034562, 19.9981
26.45, 9.99892, 0.000344525, 19.9981
26.46, 9.99892, 0.000343434, 19.9981
26.47, 9.99892, 0.000342346, 19.9981
26.48, 9.99893, 0.000341262, 19.9981
26.49, 9.99893, 0.000340181, 19.9981
26.5, 9.99893, 0.000339104, 19.9981
26.51, 9.99894, 0.00033803, 19.9981
26.52, 9.99894, 0.000336959, 19.9981
26.53, 9.99894, 0.000335892, 19.9981
26.54, 9.99895, 0.000334828, 19.9981
26.55, 9.99895, 0.000333768, 19.9981
26.56, 9.99895, 0.000332711, 19.9981
26.57, 9.99896, 0.000331657, 19.9981
26.58, 9.99896, 0.000330607, 19.9981
26.59, 9.99896, 0.00032956, 19.9982
26.6, 9.99897, 0.000328516, 19.9982
26.61, 9.99897, 0.000327476, 19.9982
26.62, 9.99897, 0.000326438, 19.9982
26.63, 9.99898, 0.000325405, 19.9982
26.64, 9.99898, 0.000324374, 19.9982
26.65, 9.99898, 0.000323347, 19.9982
26.66, 9.99899, 0.000322323, 19.9982
26.67, 9.99899, 0.000321302, 19.9982
26.68, 9.99899, 0.000320284, 19.9982
26.69, 9.999, 0.00031927, 19.9982
26.7, 9.999, 0.000318259, 19.9982
26.71, 9.999, 0.000317251, 19.9982
26.72, 9.999, 0.000316246, 19.9982
26.73, 9.99901, 0.000315244, 19.9982
26.74, 9.99901, 0.000314246, 19.9982
26.75, 9.99901, 0.000313251, 19.9982
26.76, 9.99902, 0.000312259, 19.9982
26.77, 9.99902, 0.00031127, 19.9983
26.78, 9.99902, 0.000310284, 19.9983
26.79, 9.99903, 0.000309301, 19.9983
26.8, 9.99903, 0.000308322, 19.9983
26.81, 9.99903, 0.000307345, 19.9983
26.82, 9.99904, 0.000306372, 19.9983
26.83, 9.99904, 0.000305401, 19.9983
26.84, 9.99904, 0.000304434, 19.9983
26.85, 9.99904, 0.00030347, 19.9983
26.86, 9.99905, 0.000302509, 19.9983
26.87, 9.99905, 0.000301551, 19.9983
26.88, 9.99905, 0.000300596, 19.9983
26.89, 9.99906, 0.000299644, 19.9983
26.9, 9.99906, 0.000298695, 19.9983
26.91, 9.99906, 0.000297749, 19.9983
26.92, 9.99907, 0.000296806, 19.9983
26.93, 9.99907, 0.000295866, 19.9983
26.94, 9.99907, 0.000294929, 19.9983
26.95, 9.99907, 0.000293995, 19.9984
26.96, 9.99908, 0.000293064, 19.9984
26.97, 9.99908, 0.000292135, 19.9984
26.98, 9.99908, 0.00029121, 19.9984
26.99, 9.99909, 0.000290288, 19.9984
27, 9.99909, 0.000289369, 19.9984
27.01, 9.99909, 0.000288452, 19.9984
27.02, 9.99909, 0.000287539, 19.9984
27.03, 9.9991, 0.000286628, 19.9984
27.04, 9.9991, 0.00028572, 19.9984
27.05, 9.9991, 0.000284815, 19.9984
27.06, 9.99911, 0.000283913, 19.9984
27.07, 9.99911, 0.000283014, 19.9984
27.08, 9.99911, 0.000282118, 19.9984
27.09, 9.99911, 0.000281224, 19.9984
27.1, 9.99912, 0.000280334, 19.9984
27.11, 9.99912, 0.000279446, 19.9984
27.12, 9.99912, 0.000278561, 19.9984
27.13, 9.99913, 0.000277678, 19.9984
27.14, 9.99913, 0.000276799, 19.9984
27.15, 9.99913, 0.000275922, 19.9985
27.16, 9.99913, 0.000275049, 19.9985
27.17, 9.99914, 0.000274177, 19.9985
27.18, 9.99914, 0.000273309, 19.9985
27.19, 9.99914, 0.000272443, 19.9985
27.2, 9.99915, 0.000271581, 19.9985
27.21, 9.99915, 0.000270721, 19.9985
27.22, 9.99915, 0.000269863, 19.9985
27.23, 9.99915, 0.000269008, 19.9985
27.24, 9.99916, 0.000268156, 19.9985
27.25, 9.99916, 0.000267307, 19.9985
27.26, 9.99916, 0.000266461, 19.9985
27.27, 9.99916, 0.000265617, 19.9985
27.28, 9.99917, 0.000264775, 19.9985
27.29, 9.99917, 0.000263937, 19.9985
27.3, 9.99917, 0.000263101, 19.9985
27.31, 9.99917, 0.000262268, 19.9985
27.32, 9.99918, 0.000261437, 19.9985
27.33, 9.99918, 0.000260609, 19.9985
27.34, 9.99918, 0.000259784, 19.9985
27.35, 9.99918, 0.000258961, 19.9985
27.36, 9.99919, 0.000258141, 19.9986
27.37, 9.99919, 0.000257323, 19.9986
27.38, 9.99919, 0.000256508, 19.9986
27.39, 9.9992, 0.000255696, 19.9986
27.4, 9.9992, 0.000254886, 19.9986
27.41, 9.9992, 0.000254079, 19.9986
27.42, 9.9992, 0.000253274, 19.9986
27.43, 9.99921, 0.000252472, 19.9986
27.44, 9.99921, 0.000251672, 19.9986
27.45, 9.99921, 0.000250875, 19.9986
27.46, 9.99921, 0.000250081, 19.9986
27.47, 9.99922, 0.000249289, 19.9986
27.48, 9.99922, 0.000248499, 19.9986
27.49, 9.99922, 0.000247712, 19.9986
27.5, 9.99922, 0.000246928, 19.9986
27.51, 9.99923, 0.000246146, 19.9986
27.52, 9.99923, 0.000245366, 19.9986
27.53, 9.99923, 0.000244589, 19.9986
27.54, 9.99923, 0.000243814, 19.9986
27.55, 9.99924, 0.000243042, 19.9986
27.56, 9.99924, 0.000242272, 19.9986
27.57, 9.99924, 0.000241505, 19.9986
27.58, 9.99924, 0.00024074, 19.9986
27.59, 9.99924, 0.000239978, 19.9987
27.6, 9.99925, 0.000239218, 19.9987
27.61, 9.99925, 0.00023846, 19.9987
27.62, 9.99925, 0.000237705, 19.9987
27.63, 9.99925, 0.000236952, 19.9987
27.64, 9.99926, 0.000236202, 19.9987
27.65, 9.99926, 0.000235454, 19.9987
27.66, 9.99926, 0.000234708, 19.9987
27.67, 9.99926, 0.000233965, 19.9987
27.68, 9.99927, 0.000233224, 19.9987
27.69, 9.99927, 0.000232485, 19.9987
27.7, 9.99927, 0.000231749, 19.9987
27.71, 9.99927, 0.000231015, 19.9987
27.72, 9.99928, 0.000230283, 19.9987
27.73, 9.99928, 0.000229554, 19.9987
27.74, 9.99928, 0.000228827, 19.9987
27.75, 9.99928, 0.000228102, 19.9987
27.76, 9.99928, 0.00022738, 19.9987
27.77, 9.99929, 0.000226659, 19.9987
27.78, 9.99929, 0.000225942, 19.9987
27.79, 9.99929, 0.000225226, 19.9987
27.8, 9.99929, 0.000224513, 19.9987
27.81, 9.9993, 0.000223802, 19.9987
27.82, 9.9993, 0.000223093, 19.9987
27.83, 9.9993, 0.000222386, 19.9988
27.84, 9.9993, 0.000221682, 19.9988
27.85, 9.9993, 0.00022098, 19.9988
27.86, 9.99931, 0.00022028, 19.9988
27.87, 9.99931, 0.000219582, 19.9988
27.88, 9.99931, 0.000218887, 19.9988
27.89, 9.99931, 0.000218194, 19.9988
27.9, 9.99932, 0.000217503, 19.9988
27.91, 9.99932, 0.000216814, 19.9988
27.92, 9.99932, 0.000216127, 19.9988
27.93, 9.99932, 0.000215443, 19.9988
27.94, 9.99932, 0.00021476, 19.9988
27.95, 9.99933, 0.00021408, 19.9988
27.96, 9.99933, 0.000213402, 19.9988
27.97, 9.99933, 0.000212726, 19.9988
27.98, 9.99933, 0.000212053, 19.9988
27.99, 9.99933, 0.000211381, 19.9988
28, 9.99934, 0.000210712, 19.9988
28.01, 9.99934, 0.000210044, 19.9988
28.02, 9.99934, 0.000209379, 19.9988
28.03, 9.99934, 0.000208716, 19.9988
28.04, 9.99935, 0.000208055, 19.9988
28.05, 9.99935, 0.000207396, 19.9988
28.06, 9.99935, 0.000206739, 19.9988
28.07, 9.99935, 0.000206084, 19.9988
28.08, 9.99935, 0.000205432, 19.9988
28.09, 9.99936, 0.000204781, 19.9989
28.1, 9.99936, 0.000204132, 19.9989
28.11, 9.99936, 0.000203486, 19.9989
28.12, 9.99936, 0.000202842, 19.9989
28.13, 9.99936, 0.000202199, 19.9989
28.14, 9.99937, 0.000201559, 19.9989
28.15, 9.99937, 0.00020092, 19.9989
28.16, 9.99937, 0.000200284, 19.9989
28.17, 9.99937, 0.00019965, 19.9989
28.18, 9.99937, 0.000199017, 19.9989
28.19, 9.99938, 0.000198387, 19.9989
28.2, 9.99938, 0.000197759, 19.9989
28.21, 9.99938, 0.000197132, 19.9989
28.22, 9.99938, 0.000196508, 19.9989
28.23, 9.99938, 0.000195886, 19.9989
28.24, 9.99939, 0.000195265, 19.9989
28.25, 9.99939, 0.000194647, 19.9989
28.26, 9.99939, 0.000194031, 19.9989
28.27, 9.99939, 0.000193416, 19.9989
28.28, 9.99939, 0.000192803, 19.9989
28.29, 9.9994, 0.000192193, 19.9989
28.3, 9.9994, 0.000191584, 19.9989
28.31, 9.9994, 0.000190977, 19.9989
28.32, 9.9994, 0.000190373, 19.9989
28.33, 9.9994, 0.00018977, 19.9989
28.34, 9.9994, 0.000189169, 19.9989
28.35, 9.99941, 0.000188569, 19.9989
28.36, 9.99941, 0.000187972, 19.9989
28.37, 9.99941, 0.000187377, 19.9989
28.38, 9.99941, 0.000186783, 19.999
28.39, 9.99941, 0.000186192, 19.999
28.4, 9.99942, 0.000185602, 19.999
28.41, 9.99942, 0.000185014, 19.999
28.42, 9.99942, 0.000184428, 19.999
28.43, 9.99942, 0.000183844, 19.999
28.44, 9.99942, 0.000183262, 19.999
28.45, 9.99943, 0.000182682, 19.999
28.46, 9.99943, 0.000182103, 19.999
28.47, 9.99943, 0.000181526, 19.999
28.48, 9.99943, 0.000180952, 19.999
28.49, 9.99943, 0.000180378, 19.999
28.5, 9.99943, 0.000179807, 19.999
28.51, 9.99944, 0.000179238, 19.999
28.52, 9.99944, 0.00017867, 19.999
28.53, 9.99944, 0.000178104, 19.999
28.54, 9.99944, 0.00017754, 19.999
28.55, 9.99944, 0.000176978, 19.999
28.56, 9.99944, 0.000176417, 19.999
28.57, 9.99945, 0.000175859, 19.999
28.58, 9.99945, 0.000175302, 19.999
28.59, 9.99945, 0.000174746, 19.999
28.6, 9.99945, 0.000174193, 19.999
28.61, 9.99945, 0.000173641, 19.999
28.62, 9.99946, 0.000173091, 19.999
28.63, 9.99946, 0.000172543, 19.999
28.64, 9.99946, 0.000171997, 19.999
28.65, 9.99946, 0.000171452, 19.999
28.66, 9.99946, 0.000170909, 19.999
28.67, 9.99946, 0.000170368, 19.999
28.68, 9.99947, 0.000169828, 19.999
28.69, 9.99947, 0.00016929, 19.999
28.7, 9.99947, 0.000168754, 19.9991
28.71, 9.99947, 0.00016822, 19.9991
28.72, 9.99947, 0.000167687, 19.9991
28.73, 9.99947, 0.000167156, 19.9991
28.74, 9.99948, 0.000166626, 19.9991
28.75, 9.99948, 0.000166099, 19.9991
28.76, 9.99948, 0.000165573, 19.9991
28.77, 9.99948, 0.000165048, 19.9991
28.78, 9.99948, 0.000164526, 19.9991
28.79, 9.99948, 0.000164004, 19.9991
28.8, 9.99949, 0.000163485, 19.9991
28.81, 9.99949, 0.000162967, 19.9991
28.82, 9.99949, 0.000162451, 19.9991
28.83, 9.99949, 0.000161937, 19.9991
28.84, 9.99949, 0.000161424, 19.9991
28.85, 9.99949, 0.000160913, 19.9991
28.86, 9.9995, 0.000160403, 19.9991
28.87, 9.9995, 0.000159895, 19.9991
28.88, 9.9995, 0.000159389, 19.9991
28.89, 9.9995, 0.000158884, 19.9991
28.9, 9.9995, 0.000158381, 19.9991
28.91, 9.9995, 0.000157879, 19.9991
28.92, 9.9995, 0.000157379, 19.9991
28.93, 9.99951, 0.00015688, 19.9991
28.94, 9.99951, 0.000156384, 19.9991
28.95, 9.99951, 0.000155888, 19.9991
28.96, 9.99951, 0.000155395, 19.9991
28.97, 9.99951, 0.000154902, 19.9991
28.98, 9.99951, 0.000154412, 19.9991
28.99, 9.99952, 0.000153923, 19.9991
29, 9.99952, 0.000153435, 19.9991
29.01, 9.99952, 0.000152949, 19.9991
29.02, 9.99952, 0.000152465, 19.9991
29.03, 9.99952, 0.000151982, 19.9991
29.04, 9.99952, 0.000151501, 19.9991
29.05, 9.99952, 0.000151021, 19.9992
29.06, 9.99953, 0.000150543, 19.9992
29.07, 9.99953, 0.000150066, 19.9992
29.08, 9.99953, 0.000149591, 19.9992
29.09, 9.99953, 0.000149117, 19.9992
29.1, 9.99953, 0.000148645, 19.9992
29.11, 9.99953, 0.000148174, 19.9992
29.12, 9.99954, 0.000147705, 19.9992
29.13, 9.99954, 0.000147237, 19.9992
29.14, 9.99954, 0.00014677, 19.9992
29.15, 9.99954, 0.000146306, 19.9992
29.16, 9.99954, 0.000145842, 19.9992
29.17, 9.99954, 0.00014538, 19.9992
29.18, 9.99954, 0.00014492, 19.9992
29.19, 9.99955, 0.000144461, 19.9992
29.2, 9.99955, 0.000144003, 19.9992
29.21, 9.99955, 0.000143547, 19.9992
29.22, 9.99955, 0.000143093, 19.9992
29.23, 9.99955, 0.00014264, 19.9992
29.24, 9.99955, 0.000142188, 19.9992
29.25, 9.99955, 0.000141737, 19.9992
29.26, 9.99956, 0.000141289, 19.9992
29.27, 9.99956, 0.000140841, 19.9992
29.28, 9.99956, 0.000140395, 19.9992
29.29, 9.99956, 0.00013995, 19.9992
29.3, 9.99956, 0.000139507, 19.9992
29.31, 9.99956, 0.000139065, 19.9992
29.32, 9.99956, 0.000138625, 19.9992
29.33, 9.99957, 0.000138186, 19.9992
29.34, 9.99957, 0.000137748, 19.9992
29.35, 9.99957, 0.000137312, 19.9992
29.36, 9.99957, 0.000136877, 19.9992
29.37, 9.99957, 0.000136444, 19.9992
29.38, 9.99957, 0.000136011, 19.9992
29.39, 9.99957, 0.000135581, 19.9992
29.4, 9.99957, 0.000135151, 19.9992
29.41, 9.99958, 0.000134723, 19.9992
29.42, 9.99958, 0.000134297, 19.9992
29.43, 9.99958, 0.000133871, 19.9992
29.44, 9.99958, 0.000133447, 19.9993
29.45, 9.99958, 0.000133025, 19.9993
29.46, 9.99958, 0.000132603, 19.9993
29.47, 9.99958, 0.000132183, 19.9993
29.48, 9.99959, 0.000131765, 19.9993
29.49, 9.99959, 0.000131347, 19.9993
29.5, 9.99959, 0.000130931, 19.9993
29.51, 9.99959, 0.000130517, 19.9993
29.52, 9.99959, 0.000130103, 19.9993
29.53, 9.99959, 0.000129691, 19.9993
29.54, 9.99959, 0.000129281, 19.9993
29.55, 9.99959, 0.000128871, 19.9993
29.56, 9.9996, 0.000128463, 19.9993
29.57, 9.9996, 0.000128056, 19.9993
29.58, 9.9996, 0.000127651, 19.9993
29.59, 9.9996, 0.000127246, 19.9993
29.6, 9.9996, 0.000126843, 19.9993
29.61, 9.9996, 0.000126442, 19.9993
29.62, 9.9996, 0.000126041, 19.9993
29.63, 9.9996, 0.000125642, 19.9993
29.64, 9.99961, 0.000125244, 19.9993
29.65, 9.99961, 0.000124847, 19.9993
29.66, 9.99961, 0.000124452, 19.9993
29.67, 9.99961, 0.000124058, 19.9993
29.68, 9.99961, 0.000123665, 19.9993
29.69, 9.99961, 0.000123273, 19.9993
29.7, 9.99961, 0.000122883, 19.9993
29.71, 9.99961, 0.000122494, 19.9993
29.72, 9.99962, 0.000122106, 19.9993
29.73, 9.99962, 0.000121719, 19.9993
29.74, 9.99962, 0.000121334, 19.9993
29.75, 9.99962, 0.000120949, 19.9993
29.76, 9.99962, 0.000120566, 19.9993
29.77, 9.99962, 0.000120184, 19.9993
29.78, 9.99962, 0.000119804, 19.9993
29.79, 9.99962, 0.000119424, 19.9993
29.8, 9.99963, 0.000119046, 19.9993
29.81, 9.99963, 0.000118669, 19.9993
29.82, 9.99963, 0.000118293, 19.9993
29.83, 9.99963, 0.000117919, 19.9993
29.84, 9.99963, 0.000117545, 19.9993
29.85, 9.99963, 0.000117173, 19.9993
29.86, 9.99963, 0.000116802, 19.9993
29.87, 9.99963, 0.000116432, 19.9993
29.88, 9.99963, 0.000116063, 19.9993
29.89, 9.99964, 0.000115695, 19.9994
29.9, 9.99964, 0.000115329, 19.9994
29.91, 9.99964, 0.000114964, 19.9994
29.92, 9.99964, 0.0001146, 19.9994
29.93, 9.99964, 0.000114237, 19.9994
29.94, 9.99964, 0.000113875, 19.9994
29.95, 9.99964, 0.000113514, 19.9994
29.96, 9.99964, 0.000113155, 19.9994
29.97, 9.99964, 0.000112796, 19.9994
29.98, 9.99965, 0.000112439, 19.9994
29.99, 9.99965, 0.000112083, 19.9994
30, 9.99965, 0.000111728, 19.9994
30.01, 9.99965, 0.000111374, 19.9994
30.02, 9.99965, 0.000111022, 19.9994
30.03, 9.99965, 0.00011067, 19.9994
30.04, 9.99965, 0.000110319, 19.9994
30.05, 9.99965, 0.00010997, 19.9994
30.06, 9.99965, 0.000109622, 19.9994
30.07, 9.99966, 0.000109275, 19.9994
30.08, 9.99966, 0.000108928, 19.9994
30.09, 9.99966, 0.000108583, 19.9994
30.1, 9.99966, 0.00010824, 19.9994
30.11, 9.99966, 0.000107897, 19.9994
30.12, 9.99966, 0.000107555, 19.9994
30.13, 9.99966, 0.000107214, 19.9994
30.14, 9.99966, 0.000106875, 19.9994
30.15, 9.99966, 0.000106536, 19.9994
30.16, 9.99967, 0.000106199, 19.9994
30.17, 9.99967, 0.000105863, 19.9994
30.18, 9.99967, 0.000105527, 19.9994
30.19, 9.99967, 0.000105193, 19.9994
30.2, 9.99967, 0.00010486, 19.9994
30.21, 9.99967, 0.000104528, 19.9994
30.22, 9.99967, 0.000104197, 19.9994
30.23, 9.99967, 0.000103867, 19.9994
30.24, 9.99967, 0.000103538, 19.9994
30.25, 9.99968, 0.00010321, 19.9994
30.26, 9.99968, 0.000102883, 19.9994
30.27, 9.99968, 0.000102557, 19.9994
30.28, 9.99968, 0.000102232, 19.9994
30.29, 9.99968, 0.000101909, 19.9994
30.3, 9.99968, 0.000101586, 19.9994
30.31, 9.99968, 0.000101264, 19.9994
30.32, 9.99968, 0.000100943, 19.9994
30.33, 9.99968, 0.000100624, 19.9994
30.34, 9.99968, 0.000100305, 19.9994
30.35, 9.99969, 9.99874e-05, 19.9994
30.36, 9.99969, 9.96708e-05, 19.9994
30.37, 9.99969, 9.93551e-05, 19.9994
30.38, 9.99969, 9.90404e-05, 19.9994
30.39, 9.99969, 9.87268e-05, 19.9994
30.4, 9.99969, 9.84141e-05, 19.9994
30.41, 9.99969, 9.81024e-05, 19.9994
30.42, 9.99969, 9.77917e-05, 19.9995
30.43, 9.99969, 9.7482e-05, 19.9995
30.44, 9.99969, 9.71733e-05, 19.9995
30.45, 9.9997, 9.68655e-05, 19.9995
30.46, 9.9997, 9.65587e-05, 19.9995
30.47, 9.9997, 9.62529e-05, 19.9995
30.48, 9.9997, 9.59481e-05, 19.9995
30.49, 9.9997, 9.56442e-05, 19.9995
30.5, 9.9997, 9.53413e-05, 19.9995
30.51, 9.9997, 9.50393e-05, 19.9995
30.52, 9.9997, 9.47383e-05, 19.9995
30.53, 9.9997, 9.44383e-05, 19.9995
30.54, 9.9997, 9.41392e-05, 19.9995
30.55, 9.9997, 9.38411e-05, 19.9995
30.56, 9.99971, 9.35439e-05, 19.9995
30.57, 9.99971, 9.32476e-05, 19.9995
30.58, 9.99971, 9.29523e-05, 19.9995
30.59, 9.99971, 9.26579e-05, 19.9995
30.6, 9.99971, 9.23644e-05, 19.9995
30.61, 9.99971, 9.20719e-05, 19.9995
30.62, 9.99971, 9.17803e-05, 19.9995
30.63, 9.99971, 9.14896e-05, 19.9995
30.64, 9.99971, 9.11999e-05, 19.9995
30.65, 9.99971, 9.0911e-05, 19.9995
30.66, 9.99971, 9.06231e-05, 19.9995
30.67, 9.99972, 9.03361e-05, 19.9995
30.68, 9.99972, 9.005e-05, 19.9995
30.69, 9.99972, 8.97648e-05, 19.9995
30.7, 9.99972, 8.94805e-05, 19.9995
30.71, 9.99972, 8.91971e-05, 19.9995
30.72, 9.99972, 8.89146e-05, 19.9995
30.73, 9.99972, 8.8633e-05, 19.9995
30.74, 9.99972, 8.83523e-05, 19.9995
30.75, 9.99972, 8.80725e-05, 19.9995
30.76, 9.99972, 8.77936e-05, 19.9995
30.77, 9.99972, 8.75155e-05, 19.9995
30.78, 9.99973, 8.72383e-05, 19.9995
30.79, 9.99973, 8.6962e-05, 19.9995
30.8, 9.99973, 8.66866e-05, 19.9995
30.81, 9.99973, 8.64121e-05, 19.9995
30.82, 9.99973, 8.61384e-05, 19.9995
30.83, 9.99973, 8.58656e-05, 19.9995
30.84, 9.99973, 8.55937e-05, 19.9995
30.85, 9.99973, 8.53226e-05, 19.9995
30.86, 9.99973, 8.50524e-05, 19.9995
30.87, 9.99973, 8.4783e-05, 19.9995
30.88, 9.99973, 8.45145e-05, 19.9995
30.89, 9.99973, 8.42468e-05, 19.9995
30.9, 9.99974, 8.398e-05, 19.9995
30.91, 9.99974, 8.3714e-05, 19.9995
30.92, 9.99974, 8.34489e-05, 19.9995
30.93, 9.99974, 8.31846e-05, 19.9995
30.94, 9.99974, 8.29212e-05, 19.9995
30.95, 9.99974, 8.26585e-05, 19.9995
30.96, 9.99974, 8.23967e-05, 19.9995
30.97, 9.99974, 8.21358e-05, 19.9995
30.98, 9.99974, 8.18757e-05, 19.9995
30.99, 9.99974, 8.16164e-05, 19.9995
31, 9.99974, 8.13579e-05, 19.9995
31.01, 9.99974, 8.11002e-05, 19.9995
31.02, 9.99975, 8.08433e-05, 19.9995
31.03, 9.99975, 8.05873e-05, 19.9995
31.04, 9.99975, 8.03321e-05, 19.9995
31.05, 9.99975, 8.00777e-05, 19.9996
31.06, 9.99975, 7.98241e-05, 19.9996
31.07, 9.99975, 7.95712e-05, 19.9996
31.08, 9.99975, 7.93192e-05, 19.9996
31.09, 9.99975, 7.9068e-05, 19.9996
31.1, 9.99975, 7.88176e-05, 19.9996
31.11, 9.99975, 7.8568e-05, 19.9996
31.12, 9.99975, 7.83192e-05, 19.9996
31.13, 9.99975, 7.80711e-05, 19.9996
31.14, 9.99976, 7.78239e-05, 19.9996
31.15, 9.99976, 7.75774e-05, 19.9996
31.16, 9.99976, 7.73317e-05, 19.9996
31.17, 9.99976, 7.70868e-05, 19.9996
31.18, 9.99976, 7.68426e-05, 19.9996
31.19, 9.99976, 7.65993e-05, 19.9996
31.2, 9.99976, 7.63567e-05, 19.9996
31.21, 9.99976, 7.61148e-05, 19.9996
31.22, 9.99976, 7.58738e-05, 19.9996
31.23, 9.99976, 7.56335e-05, 19.9996
31.24, 9.99976, 7.53939e-05, 19.9996
31.25, 9.99976, 7.51552e-05, 19.9996
31.26, 9.99976, 7.49171e-05, 19.9996
31.27, 9.99976, 7.46799e-05, 19.9996
31.28, 9.99977, 7.44434e-05, 19.9996
31.29, 9.99977, 7.42076e-05, 19.9996
31.3, 9.99977, 7.39726e-05, 19.9996
31.31, 9.99977, 7.37383e-05, 19.9996
31.32, 9.99977, 7.35047e-05, 19.9996
31.33, 9.99977, 7.3272e-05, 19.9996
31.34, 9.99977, 7.30399e-05, 19.9996
31.35, 9.99977, 7.28086e-05, 19.9996
31.36, 9.99977, 7.2578e-05, 19.9996
31.37, 9.99977, 7.23481e-05, 19.9996
31.38, 9.99977, 7.2119e-05, 19.9996
31.39, 9.99977, 7.18906e-05, 19.9996
31.4, 9.99977, 7.16629e-05, 19.9996
31.41, 9.99978, 7.14359e-05, 19.9996
31.42, 9.99978, 7.12097e-05, 19.9996
31.43, 9.99978, 7.09842e-05, 19.9996
31.44, 9.99978, 7.07594e-05, 19.9996
31.45, 9.99978, 7.05352e-05, 19.9996
31.46, 9.99978, 7.03119e-05, 19.9996
31.47, 9.99978, 7.00892e-05, 19.9996
31.48, 9.99978, 6.98672e-05, 19.9996
31.49, 9.99978, 6.96459e-05, 19.9996
31.5, 9.99978, 6.94253e-05, 19.9996
31.51, 9.99978, 6.92055e-05, 19.9996
31.52, 9.99978, 6.89863e-05, 19.9996
31.53, 9.99978, 6.87678e-05, 19.9996
31.54, 9.99978, 6.855e-05, 19.9996
31.55, 9.99978, 6.83329e-05, 19.9996
31.56, 9.99979, 6.81165e-05, 19.9996
31.57, 9.99979, 6.79008e-05, 19.9996
31.58, 9.99979, 6.76857e-05, 19.9996
31.59, 9.99979, 6.74713e-05, 19.9996
31.6, 9.99979, 6.72577e-05, 19.9996
31.61, 9.99979, 6.70447e-05, 19.9996
31.62, 9.99979, 6.68323e-05, 19.9996
31.63, 9.99979, 6.66207e-05, 19.9996
31.64, 9.99979, 6.64097e-05, 19.9996
31.65, 9.99979, 6.61993e-05, 19.9996
31.66, 9.99979, 6.59897e-05, 19.9996
31.67, 9.99979, 6.57807e-05, 19.9996
31.68, 9.99979, 6.55723e-05, 19.9996
31.69, 9.99979, 6.53647e-05, 19.9996
31.7, 9.99979, 6.51577e-05, 19.9996
31.71, 9.9998, 6.49513e-05, 19.9996
31.72, 9.9998, 6.47456e-05, 19.9996
31.73, 9.9998, 6.45405e-05, 19.9996
31.74, 9.9998, 6.43361e-05, 19.9996
31.75, 9.9998, 6.41324e-05, 19.9996
31.76, 9.9998, 6.39293e-05, 19.9996
31.77, 9.9998, 6.37268e-05, 19.9996
31.78, 9.9998, 6.3525e-05, 19.9996
31.79, 9.9998, 6.33238e-05, 19.9996
31.8, 9.9998, 6.31232e-05, 19.9996
31.81, 9.9998, 6.29233e-05, 19.9996
31.82, 9.9998, 6.2724e-05, 19.9996
31.83, 9.9998, 6.25254e-05, 19.9996
31.84, 9.9998, 6.23273e-05, 19.9997
31.85, 9.9998, 6.213e-05, 19.9997
31.86, 9.99981, 6.19332e-05, 19.9997
31.87, 9.99981, 6.1737e-05, 19.9997
31.88, 9.99981, 6.15415e-05, 19.9997
31.89, 9.99981, 6.13466e-05, 19.9997
31.9, 9.99981, 6.11523e-05, 19.9997
31.91, 9.99981, 6.09586e-05, 19.9997
31.92, 9.99981, 6.07656e-05, 19.9997
31.93, 9.99981, 6.05731e-05, 19.9997
31.94, 9.99981, 6.03813e-05, 19.9997
31.95, 9.99981, 6.01901e-05, 19.9997
31.96, 9.99981, 5.99994e-05, 19.9997
31.97, 9.99981, 5.98094e-05, 19.9997
31.98, 9.99981, 5.962e-05, 19.9997
31.99, 9.99981, 5.94312e-05, 19.9997
32, 9.99981, 5.92429e-05, 19.9997
32.01, 9.99981, 5.90553e-05, 19.9997
32.02, 9.99981, 5.88683e-05, 19.9997
32.03, 9.99982, 5.86818e-05, 19.9997
32.04, 9.99982, 5.8496e-05, 19.9997
32.05, 9.99982, 5.83107e-05, 19.9997
32.06, 9.99982, 5.8126e-05, 19.9997
32.07, 9.99982, 5.7942e-05, 19.9997
32.08, 9.99982, 5.77585e-05, 19.9997
32.09, 9.99982, 5.75755e-05, 19.9997
32.1, 9.99982, 5.73932e-05, 19.9997
32.11, 9.99982, 5.72114e-05, 19.9997
32.12, 9.99982, 5.70302e-05, 19.9997
32.13, 9.99982, 5.68496e-05, 19.9997
32.14, 9.99982, 5.66696e-05, 19.9997
32.15, 9.99982, 5.64901e-05, 19.9997
32.16, 9.99982, 5.63112e-05, 19.9997
32.17, 9.99982, 5.61328e-05, 19.9997
32.18, 9.99982, 5.5955e-05, 19.9997
32.19, 9.99982, 5.57778e-05, 19.9997
32.2, 9.99982, 5.56012e-05, 19.9997
32.21, 9.99983, 5.54251e-05, 19.9997
32.22, 9.99983, 5.52495e-05, 19.9997
32.23, 9.99983, 5.50746e-05, 19.9997
32.24, 9.99983, 5.49001e-05, 19.9997
32.25, 9.99983, 5.47263e-05, 19.9997
32.26, 9.99983, 5.45529e-05, 19.9997
32.27, 9.99983, 5.43802e-05, 19.9997
32.28, 9.99983, 5.42079e-05, 19.9997
32.29, 9.99983, 5.40363e-05, 19.9997
32.3, 9.99983, 5.38651e-05, 19.9997
32.31, 9.99983, 5.36945e-05, 19.9997
32.32, 9.99983, 5.35245e-05, 19.9997
32.33, 9.99983, 5.3355e-05, 19.9997
32.34, 9.99983, 5.3186e-05, 19.9997
32.35, 9.99983, 5.30175e-05, 19.9997
32.36, 9.99983, 5.28496e-05, 19.9997
32.37, 9.99983, 5.26822e-05, 19.9997
32.38, 9.99983, 5.25154e-05, 19.9997
32.39, 9.99984, 5.23491e-05, 19.9997
32.4, 9.99984, 5.21833e-05, 19.9997
32.41, 9.99984, 5.2018e-05, 19.9997
32.42, 9.99984, 5.18533e-05, 19.9997
32.43, 9.99984, 5.1689e-05, 19.9997
32.44, 9.99984, 5.15253e-05, 19.9997
32.45, 9.99984, 5.13622e-05, 19.9997
32.46, 9.99984, 5.11995e-05, 19.9997
32.47, 9.99984, 5.10373e-05, 19.9997
32.48, 9.99984, 5.08757e-05, 19.9997
32.49, 9.99984, 5.07146e-05, 19.9997
32.5, 9.99984, 5.0554e-05, 19.9997
32.51, 9.99984, 5.03938e-05, 19.9997
32.52, 9.99984, 5.02342e-05, 19.9997
32.53, 9.99984, 5.00751e-05, 19.9997
32.54, 9.99984, 4.99166e-05, 19.9997
32.55, 9.99984, 4.97585e-05, 19.9997
32.56, 9.99984, 4.96009e-05, 19.9997
32.57, 9.99984, 4.94438e-05, 19.9997
32.58, 9.99984, 4.92872e-05, 19.9997
32.59, 9.99985, 4.91311e-05, 19.9997
32.6, 9.99985, 4.89755e-05, 19.9997
32.61, 9.99985, 4.88204e-05, 19.9997
32.62, 9.99985, 4.86658e-05, 19.9997
32.63, 9.99985, 4.85116e-05, 19.9997
32.64, 9.99985, 4.8358e-05, 19.9997
32.65, 9.99985, 4.82048e-05, 19.9997
32.66, 9.99985, 4.80522e-05, 19.9997
32.67, 9.99985, 4.79e-05, 19.9997
32.68, 9.99985, 4.77483e-05, 19.9997
32.69, 9.99985, 4.75971e-05, 19.9997
32.7, 9.99985, 4.74463e-05, 19.9997
32.71, 9.99985, 4.72961e-05, 19.9997
32.72, 9.99985, 4.71463e-05, 19.9997
32.73, 9.99985, 4.69969e-05, 19.9997
32.74, 9.99985, 4.68481e-05, 19.9997
32.75, 9.99985, 4.66997e-05, 19.9997
32.76, 9.99985, 4.65518e-05, 19.9997
32.77, 9.99985, 4.64044e-05, 19.9997
32.78, 9.99985, 4.62574e-05, 19.9997
32.79, 9.99985, 4.61109e-05, 19.9997
32.8, 9.99986, 4.59649e-05, 19.9997
32.81, 9.99986, 4.58193e-05, 19.9997
32.82, 9.99986, 4.56742e-05, 19.9997
32.83, 9.99986, 4.55295e-05, 19.9997
32.84, 9.99986, 4.53854e-05, 19.9997
32.85, 9.99986, 4.52416e-05, 19.9997
32.86, 9.99986, 4.50983e-05, 19.9997
32.87, 9.99986, 4.49555e-05, 19.9997
32.88, 9.99986, 4.48131e-05, 19.9997
32.89, 9.99986, 4.46712e-05, 19.9997
32.9, 9.99986, 4.45297e-05, 19.9998
32.91, 9.99986, 4.43887e-05, 19.9998
32.92, 9.99986, 4.42481e-05, 19.9998
32.93, 9.99986, 4.4108e-05, 19.9998
32.94, 9.99986, 4.39683e-05, 19.9998
32.95, 9.99986, 4.3829e-05, 19.9998
32.96, 9.99986, 4.36902e-05, 19.9998
32.97, 9.99986, 4.35518e-05, 19.9998
32.98, 9.99986, 4.34139e-05, 19.9998
32.99, 9.99986, 4.32764e-05, 19.9998
33, 9.99986, 4.31394e-05, 19.9998
33.01, 9.99986, 4.30027e-05, 19.9998
33.02, 9.99987, 4.28665e-05, 19.9998
33.03, 9.99987, 4.27308e-05, 19.9998
33.04, 9.99987, 4.25954e-05, 19.9998
33.05, 9.99987, 4.24605e-05, 19.9998
33.06, 9.99987, 4.23261e-05, 19.9998
33.07, 9.99987, 4.2192e-05, 19.9998
33.08, 9.99987, 4.20584e-05, 19.9998
33.09, 9.99987, 4.19252e-05, 19.9998
33.1, 9.99987, 4.17924e-05, 19.9998
33.11, 9.99987, 4.166e-05, 19.9998
33.12, 9.99987, 4.15281e-05, 19.9998
33.13, 9.99987, 4.13966e-05, 19.9998
33.14, 9.99987, 4.12655e-05, 19.9998
33.15, 9.99987, 4.11348e-05, 19.9998
33.16, 9.99987, 4.10045e-05, 19.9998
33.17, 9.99987, 4.08746e-05, 19.9998
33.18, 9.99987, 4.07452e-05, 19.9998
33.19, 9.99987, 4.06161e-05, 19.9998
33.2, 9.99987, 4.04875e-05, 19.9998
33.21, 9.99987, 4.03593e-05, 19.9998
33.22, 9.99987, 4.02315e-05, 19.9998
33.23, 9.99987, 4.0104e-05, 19.9998
33.24, 9.99987, 3.9977e-05, 19.9998
33.25, 9.99987, 3.98504e-05, 19.9998
33.26, 9.99987, 3.97242e-05, 19.9998
33.27, 9.99988, 3.95984e-05, 19.9998
33.28, 9.99988, 3.9473e-05, 19.9998
33.29, 9.99988, 3.9348e-05, 19.9998
33.3, 9.99988, 3.92234e-05, 19.9998
33.31, 9.99988, 3.90991e-05, 19.9998
33.32, 9.99988, 3.89753e-05, 19.9998
33.33, 9.99988, 3.88519e-05, 19.9998
33.34, 9.99988, 3.87288e-05, 19.9998
33.35, 9.99988, 3.86062e-05, 19.9998
33.36, 9.99988, 3.84839e-05, 19.9998
33.37, 9.99988, 3.8362e-05, 19.9998
33.38, 9.99988, 3.82405e-05, 19.9998
33.39, 9.99988, 3.81194e-05, 19.9998
33.4, 9.99988, 3.79987e-05, 19.9998
33.41, 9.99988, 3.78783e-05, 19.9998
33.42, 9.99988, 3.77584e-05, 19.9998
33.43, 9.99988, 3.76388e-05, 19.9998
33.44, 9.99988, 3.75196e-05, 19.9998
33.45, 9.99988, 3.74007e-05, 19.9998
33.46, 9.99988, 3.72823e-05, 19.9998
33.47, 9.99988, 3.71642e-05, 19.9998
33.48, 9.99988, 3.70465e-05, 19.9998
33.49, 9.99988, 3.69292e-05, 19.9998
33.5, 9.99988, 3.68122e-05, 19.9998
33.51, 9.99988, 3.66956e-05, 19.9998
33.52, 9.99988, 3.65794e-05, 19.9998
33.53, 9.99989, 3.64636e-05, 19.9998
33.54, 9.99989, 3.63481e-05, 19.9998
33.55, 9.99989, 3.6233e-05, 19.9998
33.56, 9.99989, 3.61182e-05, 19.9998
33.57, 9.99989, 3.60038e-05, 19.9998
33.58, 9.99989, 3.58898e-05, 19.9998
33.59, 9.99989, 3.57761e-05, 19.9998
33.6, 9.99989, 3.56628e-05, 19.9998
33.61, 9.99989, 3.55499e-05, 19.9998
33.62, 9.99989, 3.54373e-05, 19.9998
33.63, 9.99989, 3.53251e-05, 19.9998
33.64, 9.99989, 3.52132e-05, 19.9998
33.65, 9.99989, 3.51017e-05, 19.9998
33.66, 9.99989, 3.49905e-05, 19.9998
33.67, 9.99989, 3.48797e-05, 19.9998
33.68, 9.99989, 3.47692e-05, 19.9998
33.69, 9.99989, 3.46591e-05, 19.9998
33.7, 9.99989, 3.45493e-05, 19.9998
33.71, 9.99989, 3.44399e-05, 19.9998
33.72, 9.99989, 3.43308e-05, 19.9998
33.73, 9.99989, 3.42221e-05, 19.9998
33.74, 9.99989, 3.41137e-05, 19.9998
33.75, 9.99989, 3.40057e-05, 19.9998
33.76, 9.99989, 3.3898e-05, 19.9998
33.77, 9.99989, 3.37906e-05, 19.9998
33.78, 9.99989, 3.36836e-05, 19.9998
33.79, 9.99989, 3.35769e-05, 19.9998
33.8, 9.99989, 3.34706e-05, 19.9998
33.81, 9.99989, 3.33646e-05, 19.9998
33.82, 9.9999, 3.32589e-05, 19.9998
33.83, 9.9999, 3.31536e-05, 19.9998
33.84, 9.9999, 3.30486e-05, 19.9998
33.85, 9.9999, 3.29439e-05, 19.9998
33.86, 9.9999, 3.28396e-05, 19.9998
33.87, 9.9999, 3.27356e-05, 19.9998
33.88, 9.9999, 3.26319e-05, 19.9998
33.89, 9.9999, 3.25285e-05, 19.9998
33.9, 9.9999, 3.24255e-05, 19.9998
33.91, 9.9999, 3.23228e-05, 19.9998
33.92, 9.9999, 3.22205e-05, 19.9998
33.93, 9.9999, 3.21184e-05, 19.9998
33.94, 9.9999, 3.20167e-05, 19.9998
33.95, 9.9999, 3.19153e-05, 19.9998
33.96, 9.9999, 3.18142e-05, 19.9998
33.97, 9.9999, 3.17135e-05, 19.9998
33.98, 9.9999, 3.1613e-05, 19.9998
33.99, 9.9999, 3.15129e-05, 19.9998
34, 9.9999, 3.14131e-05, 19.9998
34.01, 9.9999, 3.13136e-05, 19.9998
34.02, 9.9999, 3.12144e-05, 19.9998
34.03, 9.9999, 3.11156e-05, 19.9998
34.04, 9.9999, 3.1017e-05, 19.9998
34.05, 9.9999, 3.09188e-05, 19.9998
34.06, 9.9999, 3.08209e-05, 19.9998
34.07, 9.9999, 3.07233e-05, 19.9998
34.08, 9.9999, 3.0626e-05, 19.9998
34.09, 9.9999, 3.0529e-05, 19.9998
34.1, 9.9999, 3.04323e-05, 19.9998
34.11, 9.9999, 3.03359e-05, 19.9998
34.12, 9.9999, 3.02398e-05, 19.9998
34.13, 9.99991, 3.0144e-05, 19.9998
34.14, 9.99991, 3.00486e-05, 19.9998
34.15, 9.99991, 2.99534e-05, 19.9998
34.16, 9.99991, 2.98585e-05, 19.9998
34.17, 9.99991, 2.9764e-05, 19.9998
34.18, 9.99991, 2.96697e-05, 19.9998
34.19, 9.99991, 2.95757e-05, 19.9998
34.2, 9.99991, 2.94821e-05, 19.9998
34.21, 9.99991, 2.93887e-05, 19.9998
34.22, 9.99991, 2.92956e-05, 19.9998
34.23, 9.99991, 2.92028e-05, 19.9998
34.24, 9.99991, 2.91104e-05, 19.9998
34.25, 9.99991, 2.90182e-05, 19.9998
34.26, 9.99991, 2.89263e-05, 19.9998
34.27, 9.99991, 2.88346e-05, 19.9998
34.28, 9.99991, 2.87433e-05, 19.9998
34.29, 9.99991, 2.86523e-05, 19.9998
34.3, 9.99991, 2.85616e-05, 19.9998
34.31, 9.99991, 2.84711e-05, 19.9998
34.32, 9.99991, 2.83809e-05, 19.9998
34.33, 9.99991, 2.8291e-05, 19.9998
34.34, 9.99991, 2.82014e-05, 19.9998
34.35, 9.99991, 2.81121e-05, 19.9998
34.36, 9.99991, 2.80231e-05, 19.9998
34.37, 9.99991, 2.79343e-05, 19.9998
34.38, 9.99991, 2.78459e-05, 19.9998
34.39, 9.99991, 2.77577e-05, 19.9998
34.4, 9.99991, 2.76698e-05, 19.9998
34.41, 9.99991, 2.75821e-05, 19.9998
34.42, 9.99991, 2.74948e-05, 19.9998
34.43, 9.99991, 2.74077e-05, 19.9998
34.44, 9.99991, 2.73209e-05, 19.9998
34.45, 9.99991, 2.72344e-05, 19.9998
34.46, 9.99991, 2.71481e-05, 19.9998
34.47, 9.99991, 2.70621e-05, 19.9998
34.48, 9.99992, 2.69764e-05, 19.9998
34.49, 9.99992, 2.6891e-05, 19.9998
34.5, 9.99992, 2.68058e-05, 19.9998
34.51, 9.99992, 2.67209e-05, 19.9999
34.52, 9.99992, 2.66363e-05, 19.9999
34.53, 9.99992, 2.65519e-05, 19.9999
34.54, 9.99992, 2.64679e-05, 19.9999
34.55, 9.99992, 2.6384e-05, 19.9999
34.56, 9.99992, 2.63005e-05, 19.9999
34.57, 9.99992, 2.62172e-05, 19.9999
34.58, 9.99992, 2.61341e-05, 19.9999
34.59, 9.99992, 2.60514e-05, 19.9999
34.6, 9.99992, 2.59689e-05, 19.9999
34.61, 9.99992, 2.58866e-05, 19.9999
34.62, 9.99992, 2.58046e-05, 19.9999
34.63, 9.99992, 2.57229e-05, 19.9999
34.64, 9.99992, 2.56414e-05, 19.9999
34.65, 9.99992, 2.55602e-05, 19.9999
34.66, 9.99992, 2.54793e-05, 19.9999
34.67, 9.99992, 2.53986e-05, 19.9999
34.68, 9.99992, 2.53181e-05, 19.9999
34.69, 9.99992, 2.5238e-05, 19.9999
34.7, 9.99992, 2.5158e-05, 19.9999
34.71, 9.99992, 2.50784e-05, 19.9999
34.72, 9.99992, 2.49989e-05, 19.9999
34.73, 9.99992, 2.49198e-05, 19.9999
34.74, 9.99992, 2.48408e-05, 19.9999
34.75, 9.99992, 2.47622e-05, 19.9999
34.76, 9.99992, 2.46837e-05, 19.9999
34.77, 9.99992, 2.46056e-05, 19.9999
34.78, 9.99992, 2.45276e-05, 19.9999
34.79, 9.99992, 2.44499e-05, 19.9999
34.8, 9.99992, 2.43725e-05, 19.9999
34.81, 9.99992, 2.42953e-05, 19.9999
34.82, 9.99992, 2.42184e-05, 19.9999
34.83, 9.99992, 2.41417e-05, 19.9999
34.84, 9.99992, 2.40652e-05, 19.9999
34.85, 9.99992, 2.3989e-05, 19.9999
34.86, 9.99992, 2.3913e-05, 19.9999
34.87, 9.99992, 2.38373e-05, 19.9999
34.88, 9.99993, 2.37618e-05, 19.9999
34.89, 9.99993, 2.36865e-05, 19.9999
34.9, 9.99993, 2.36115e-05, 19.9999
34.91, 9.99993, 2.35367e-05, 19.9999
34.92, 9.99993, 2.34622e-05, 19.9999
34.93, 9.99993, 2.33879e-05, 19.9999
34.94, 9.99993, 2.33138e-05, 19.9999
34.95, 9.99993, 2.324e-05, 19.9999
34.96, 9.99993, 2.31664e-05, 19.9999
34.97, 9.99993, 2.3093e-05, 19.9999
34.98, 9.99993, 2.30199e-05, 19.9999
34.99, 9.99993, 2.2947e-05, 19.9999
35, 9.99993, 2.28743e-05, 19.9999
35.01, 9.99993, 2.28018e-05, 19.9999
35.02, 9.99993, 2.27296e-05, 19.9999
35.03, 9.99993, 2.26576e-05, 19.9999
35.04, 9.99993, 2.25859e-05, 19.9999
35.05, 9.99993, 2.25144e-05, 19.9999
35.06, 9.99993, 2.24431e-05, 19.9999
35.07, 9.99993, 2.2372e-05, 19.9999
35.08, 9.99993, 2.23011e-05, 19.9999
35.09, 9.99993, 2.22305e-05, 19.9999
35.1, 9.99993, 2.21601e-05, 19.9999
35.11, 9.99993, 2.20899e-05, 19.9999
35.12, 9.99993, 2.20199e-05, 19.9999
35.13, 9.99993, 2.19502e-05, 19.9999
35.14, 9.99993, 2.18807e-05, 19.9999
35.15, 9.99993, 2.18114e-05, 19.9999
35.16, 9.99993, 2.17423e-05, 19.9999
35.17, 9.99993, 2.16734e-05, 19.9999
35.18, 9.99993, 2.16048e-05, 19.9999
35.19, 9.99993, 2.15364e-05, 19.9999
35.2, 9.99993, 2.14682e-05, 19.9999
35.21, 9.99993, 2.14002e-05, 19.9999
35.22, 9.99993, 2.13324e-05, 19.9999
35.23, 9.99993, 2.12648e-05, 19.9999
35.24, 9.99993, 2.11975e-05, 19.9999
35.25, 9.99993, 2.11304e-05, 19.9999
35.26, 9.99993, 2.10634e-05, 19.9999
35.27, 9.99993, 2.09967e-05, 19.9999
35.28, 9.99993, 2.09302e-05, 19.9999
35.29, 9.99993, 2.08639e-05, 19.9999
35.3, 9.99993, 2.07979e-05, 19.9999
35.31, 9.99993, 2.0732e-05, 19.9999
35.32, 9.99993, 2.06663e-05, 19.9999
35.33, 9.99994, 2.06009e-05, 19.9999
35.34, 9.99994, 2.05356e-05, 19.9999
35.35, 9.99994, 2.04706e-05, 19.9999
35.36, 9.99994, 2.04058e-05, 19.9999
35.37, 9.99994, 2.03411e-05, 19.9999
35.38, 9.99994, 2.02767e-05, 19.9999
35.39, 9.99994, 2.02125e-05, 19.9999
35.4, 9.99994, 2.01485e-05, 19.9999
35.41, 9.99994, 2.00847e-05, 19.9999
35.42, 9.99994, 2.00211e-05, 19.9999
35.43, 9.99994, 1.99577e-05, 19.9999
35.44, 9.99994, 1.98945e-05, 19.9999
35.45, 9.99994, 1.98314e-05, 19.9999
35.46, 9.99994, 1.97686e-05, 19.9999
35.47, 9.99994, 1.9706e-05, 19.9999
35.48, 9.99994, 1.96436e-05, 19.9999
35.49, 9.99994, 1.95814e-05, 19.9999
35.5, 9.99994, 1.95194e-05, 19.9999
35.51, 9.99994, 1.94576e-05, 19.9999
35.52, 9.99994, 1.93959e-05, 19.9999
35.53, 9.99994, 1.93345e-05, 19.9999
35.54, 9.99994, 1.92733e-05, 19.9999
35.55, 9.99994, 1.92122e-05, 19.9999
35.56, 9.99994, 1.91514e-05, 19.9999
35.57, 9.99994, 1.90907e-05, 19.9999
35.58, 9.99994, 1.90303e-05, 19.9999
35.59, 9.99994, 1.897e-05, 19.9999
35.6, 9.99994, 1.89099e-05, 19.9999
35.61, 9.99994, 1.885e-05, 19.9999
35.62, 9.99994, 1.87903e-05, 19.9999
35.63, 9.99994, 1.87308e-05, 19.9999
35.64, 9.99994, 1.86715e-05, 19.9999
35.65, 9.99994, 1.86124e-05, 19.9999
35.66, 9.99994, 1.85534e-05, 19.9999
35.67, 9.99994, 1.84947e-05, 19.9999
35.68, 9.99994, 1.84361e-05, 19.9999
35.69, 9.99994, 1.83777e-05, 19.9999
35.7, 9.99994, 1.83195e-05, 19.9999
35.71, 9.99994, 1.82615e-05, 19.9999
35.72, 9.99994, 1.82036e-05, 19.9999
35.73, 9.99994, 1.8146e-05, 19.9999
35.74, 9.99994, 1.80885e-05, 19.9999
35.75, 9.99994, 1.80312e-05, 19.9999
35.76, 9.99994, 1.79741e-05, 19.9999
35.77, 9.99994, 1.79172e-05, 19.9999
35.78, 9.99994, 1.78605e-05, 19.9999
35.79, 9.99994, 1.78039e-05, 19.9999
35.8, 9.99994, 1.77475e-05, 19.9999
35.81, 9.99994, 1.76913e-05, 19.9999
35.82, 9.99994, 1.76353e-05, 19.9999
35.83, 9.99994, 1.75794e-05, 19.9999
35.84, 9.99994, 1.75237e-05, 19.9999
35.85, 9.99995, 1.74682e-05, 19.9999
35.86, 9.99995, 1.74129e-05, 19.9999
35.87, 9.99995, 1.73578e-05, 19.9999
35.88, 9.99995, 1.73028e-05, 19.9999
35.89, 9.99995, 1.7248e-05, 19.9999
35.9, 9.99995, 1.71934e-05, 19.9999
35.91, 9.99995, 1.71389e-05, 19.9999
35.92, 9.99995, 1.70846e-05, 19.9999
35.93, 9.99995, 1.70305e-05, 19.9999
35.94, 9.99995, 1.69766e-05, 19.9999
35.95, 9.99995, 1.69228e-05, 19.9999
35.96, 9.99995, 1.68692e-05, 19.9999
35.97, 9.99995, 1.68158e-05, 19.9999
35.98, 9.99995, 1.67625e-05, 19.9999
35.99, 9.99995, 1.67095e-05, 19.9999
36, 9.99995, 1.66565e-05, 19.9999
36.01, 9.99995, 1.66038e-05, 19.9999
36.02, 9.99995, 1.65512e-05, 19.9999
36.03, 9.99995, 1.64988e-05, 19.9999
36.04, 9.99995, 1.64465e-05, 19.9999
36.05, 9.99995, 1.63944e-05, 19.9999
36.06, 9.99995, 1.63425e-05, 19.9999
36.07, 9.99995, 1.62908e-05, 19.9999
36.08, 9.99995, 1.62392e-05, 19.9999
36.09, 9.99995, 1.61877e-05, 19.9999
36.1, 9.99995, 1.61365e-05, 19.9999
36.11, 9.99995, 1.60854e-05, 19.9999
36.12, 9.99995, 1.60344e-05, 19.9999
36.13, 9.99995, 1.59836e-05, 19.9999
36.14, 9.99995, 1.5933e-05, 19.9999
36.15, 9.99995, 1.58826e-05, 19.9999
36.16, 9.99995, 1.58323e-05, 19.9999
36.17, 9.99995, 1.57821e-05, 19.9999
36.18, 9.99995, 1.57321e-05, 19.9999
36.19, 9.99995, 1.56823e-05, 19.9999
36.2, 9.99995, 1.56326e-05, 19.9999
36.21, 9.99995, 1.55831e-05, 19.9999
36.22, 9.99995, 1.55338e-05, 19.9999
36.23, 9.99995, 1.54846e-05, 19.9999
36.24, 9.99995, 1.54355e-05, 19.9999
36.25, 9.99995, 1.53866e-05, 19.9999
36.26, 9.99995, 1.53379e-05, 19.9999
36.27, 9.99995, 1.52893e-05, 19.9999
36.28, 9.99995, 1.52409e-05, 19.9999
36.29, 9.99995, 1.51926e-05, 19.9999
36.3, 9.99995, 1.51445e-05, 19.9999
36.31, 9.99995, 1.50966e-05, 19.9999
36.32, 9.99995, 1.50488e-05, 19.9999
36.33, 9.99995, 1.50011e-05, 19.9999
36.34, 9.99995, 1.49536e-05, 19.9999
36.35, 9.99995, 1.49062e-05, 19.9999
36.36, 9.99995, 1.4859e-05, 19.9999
36.37, 9.99995, 1.4812e-05, 19.9999
36.38, 9.99995, 1.4765e-05, 19.9999
36.39, 9.99995, 1.47183e-05, 19.9999
36.4, 9.99995, 1.46717e-05, 19.9999
36.41, 9.99995, 1.46252e-05, 19.9999
36.42, 9.99995, 1.45789e-05, 19.9999
36.43, 9.99995, 1.45327e-05, 19.9999
36.44, 9.99995, 1.44867e-05, 19.9999
36.45, 9.99995, 1.44408e-05, 19.9999
36.46, 9.99995, 1.43951e-05, 19.9999
36.47, 9.99995, 1.43495e-05, 19.9999
36.48, 9.99995, 1.4304e-05, 19.9999
36.49, 9.99996, 1.42587e-05, 19.9999
36.5, 9.99996, 1.42136e-05, 19.9999
36.51, 9.99996, 1.41686e-05, 19.9999
36.52, 9.99996, 1.41237e-05, 19.9999
36.53, 9.99996, 1.4079e-05, 19.9999
36.54, 9.99996, 1.40344e-05, 19.9999
36.55, 9.99996, 1.39899e-05, 19.9999
36.56, 9.99996, 1.39456e-05, 19.9999
36.57, 9.99996, 1.39014e-05, 19.9999
36.58, 9.99996, 1.38574e-05, 19.9999
36.59, 9.99996, 1.38135e-05, 19.9999
36.6, 9.99996, 1.37698e-05, 19.9999
36.61, 9.99996, 1.37262e-05, 19.9999
36.62, 9.99996, 1.36827e-05, 19.9999
36.63, 9.99996, 1.36394e-05, 19.9999
36.64, 9.99996, 1.35962e-05, 19.9999
36.65, 9.99996, 1.35531e-05, 19.9999
36.66, 9.99996, 1.35102e-05, 19.9999
36.67, 9.99996, 1.34674e-05, 19.9999
36.68, 9.99996, 1.34247e-05, 19.9999
36.69, 9.99996, 1.33822e-05, 19.9999
36.7, 9.99996, 1.33398e-05, 19.9999
36.71, 9.99996, 1.32976e-05, 19.9999
36.72, 9.99996, 1.32555e-05, 19.9999
36.73, 9.99996, 1.32135e-05, 19.9999
36.74, 9.99996, 1.31716e-05, 19.9999
36.75, 9.99996, 1.31299e-05, 19.9999
36.76, 9.99996, 1.30884e-05, 19.9999
36.77, 9.99996, 1.30469e-05, 19.9999
36.78, 9.99996, 1.30056e-05, 19.9999
36.79, 9.99996, 1.29644e-05, 19.9999
36.8, 9.99996, 1.29233e-05, 19.9999
36.81, 9.99996, 1.28824e-05, 19.9999
36.82, 9.99996, 1.28416e-05, 19.9999
36.83, 9.99996, 1.28009e-05, 19.9999
36.84, 9.99996, 1.27604e-05, 19.9999
36.85, 9.99996, 1.272e-05, 19.9999
36.86, 9.99996, 1.26797e-05, 19.9999
36.87, 9.99996, 1.26395e-05, 19.9999
36.88, 9.99996, 1.25995e-05, 19.9999
36.89, 9.99996, 1.25596e-05, 19.9999
36.9, 9.99996, 1.25198e-05, 19.9999
36.91, 9.99996, 1.24802e-05, 19.9999
36.92, 9.99996, 1.24406e-05, 19.9999
36.93, 9.99996, 1.24012e-05, 19.9999
36.94, 9.99996, 1.2362e-05, 19.9999
36.95, 9.99996, 1.23228e-05, 19.9999
36.96, 9.99996, 1.22838e-05, 19.9999
36.97, 9.99996, 1.22449e-05, 19.9999
36.98, 9.99996, 1.22061e-05, 19.9999
36.99, 9.99996, 1.21674e-05, 19.9999
37, 9.99996, 1.21289e-05, 19.9999
37.01, 9.99996, 1.20905e-05, 19.9999
37.02, 9.99996, 1.20522e-05, 19.9999
37.03, 9.99996, 1.2014e-05, 19.9999
37.04, 9.99996, 1.1976e-05, 19.9999
37.05, 9.99996, 1.19381e-05, 19.9999
37.06, 9.99996, 1.19002e-05, 19.9999
37.07, 9.99996, 1.18626e-05, 19.9999
37.08, 9.99996, 1.1825e-05, 19.9999
37.09, 9.99996, 1.17875e-05, 19.9999
37.1, 9.99996, 1.17502e-05, 19.9999
37.11, 9.99996, 1.1713e-05, 19.9999
37.12, 9.99996, 1.16759e-05, 19.9999
37.13, 9.99996, 1.16389e-05, 19.9999
37.14, 9.99996, 1.16021e-05, 19.9999
37.15, 9.99996, 1.15653e-05, 19.9999
37.16, 9.99996, 1.15287e-05, 19.9999
37.17, 9.99996, 1.14922e-05, 19.9999
37.18, 9.99996, 1.14558e-05, 19.9999
37.19, 9.99996, 1.14195e-05, 19.9999
37.2, 9.99996, 1.13833e-05, 19.9999
37.21, 9.99996, 1.13473e-05, 19.9999
37.22, 9.99996, 1.13113e-05, 19.9999
37.23, 9.99996, 1.12755e-05, 19.9999
37.24, 9.99996, 1.12398e-05, 19.9999
37.25, 9.99996, 1.12042e-05, 19.9999
37.26, 9.99996, 1.11687e-05, 19.9999
37.27, 9.99996, 1.11333e-05, 19.9999
37.28, 9.99997, 1.10981e-05, 19.9999
37.29, 9.99997, 1.10629e-05, 19.9999
37.3, 9.99997, 1.10279e-05, 19.9999
37.31, 9.99997, 1.0993e-05, 19.9999
37.32, 9.99997, 1.09582e-05, 19.9999
37.33, 9.99997, 1.09235e-05, 19.9999
37.34, 9.99997, 1.08889e-05, 19.9999
37.35, 9.99997, 1.08544e-05, 19.9999
37.36, 9.99997, 1.082e-05, 19.9999
37.37, 9.99997, 1.07857e-05, 19.9999
37.38, 9.99997, 1.07516e-05, 19.9999
37.39, 9.99997, 1.07175e-05, 19.9999
37.4, 9.99997, 1.06836e-05, 19.9999
37.41, 9.99997, 1.06497e-05, 19.9999
37.42, 9.99997, 1.0616e-05, 19.9999
37.43, 9.99997, 1.05824e-05, 19.9999
37.44, 9.99997, 1.05489e-05, 19.9999
37.45, 9.99997, 1.05155e-05, 19.9999
37.46, 9.99997, 1.04822e-05, 19.9999
37.47, 9.99997, 1.0449e-05, 19.9999
37.48, 9.99997, 1.04159e-05, 19.9999
37.49, 9.99997, 1.03829e-05, 19.9999
37.5, 9.99997, 1.035e-05, 19.9999
37.51, 9.99997, 1.03172e-05, 19.9999
37.52, 9.99997, 1.02845e-05, 19.9999
37.53, 9.99997, 1.0252e-05, 19.9999
37.54, 9.99997, 1.02195e-05, 19.9999
37.55, 9.99997, 1.01871e-05, 19.9999
37.56, 9.99997, 1.01549e-05, 19.9999
37.57, 9.99997, 1.01227e-05, 19.9999
37.58, 9.99997, 1.00907e-05, 19.9999
37.59, 9.99997, 1.00587e-05, 19.9999
37.6, 9.99997, 1.00268e-05, 19.9999
37.61, 9.99997, 9.99508e-06, 19.9999
37.62, 9.99997, 9.96343e-06, 19.9999
37.63, 9.99997, 9.93187e-06, 19.9999
37.64, 9.99997, 9.90042e-06, 19.9999
37.65, 9.99997, 9.86906e-06, 19.9999
37.66, 9.99997, 9.83781e-06, 19.9999
37.67, 9.99997, 9.80665e-06, 19.9999
37.68, 9.99997, 9.77559e-06, 19.9999
37.69, 9.99997, 9.74463e-06, 19.9999
37.7, 9.99997, 9.71377e-06, 19.9999
37.71, 9.99997, 9.683e-06, 19.9999
37.72, 9.99997, 9.65234e-06, 19.9999
37.73, 9.99997, 9.62177e-06, 19.9999
37.74, 9.99997, 9.59129e-06, 19.9999
37.75, 9.99997, 9.56092e-06, 19.9999
37.76, 9.99997, 9.53064e-06, 19.9999
37.77, 9.99997, 9.50045e-06, 19.9999
37.78, 9.99997, 9.47036e-06, 19.9999
37.79, 9.99997, 9.44037e-06, 19.9999
37.8, 9.99997, 9.41047e-06, 19.9999
37.81, 9.99997, 9.38067e-06, 19.9999
37.82, 9.99997, 9.35096e-06, 19.9999
37.83, 9.99997, 9.32134e-06, 19.9999
37.84, 9.99997, 9.29182e-06, 19.9999
37.85, 9.99997, 9.26239e-06, 19.9999
37.86, 9.99997, 9.23306e-06, 19.9999
37.87, 9.99997, 9.20382e-06, 19.9999
37.88, 9.99997, 9.17467e-06, 19.9999
37.89, 9.99997, 9.14561e-06, 19.9999
37.9, 9.99997, 9.11665e-06, 19.9999
37.91, 9.99997, 9.08777e-06, 19.9999
37.92, 9.99997, 9.05899e-06, 19.9999
37.93, 9.99997, 9.0303e-06, 19.9999
37.94, 9.99997, 9.0017e-06, 19.9999
37.95, 9.99997, 8.97319e-06, 19.9999
37.96, 9.99997, 8.94477e-06, 19.9999
37.97, 9.99997, 8.91644e-06, 19.9999
37.98, 9.99997, 8.88821e-06, 20
37.99, 9.99997, 8.86006e-06, 20
38, 9.99997, 8.832e-06, 20
38.01, 9.99997, 8.80402e-06, 20
38.02, 9.99997, 8.77614e-06, 20
38.03, 9.99997, 8.74835e-06, 20
38.04, 9.99997, 8.72064e-06, 20
38.05, 9.99997, 8.69302e-06, 20
38.06, 9.99997, 8.66549e-06, 20
38.07, 9.99997, 8.63804e-06, 20
38.08, 9.99997, 8.61069e-06, 20
38.09, 9.99997, 8.58342e-06, 20
38.1, 9.99997, 8.55623e-06, 20
38.11, 9.99997, 8.52913e-06, 20
38.12, 9.99997, 8.50212e-06, 20
38.13, 9.99997, 8.47519e-06, 20
38.14, 9.99997, 8.44835e-06, 20
38.15, 9.99997, 8.4216e-06, 20
38.16, 9.99997, 8.39492e-06, 20
38.17, 9.99997, 8.36834e-06, 20
38.18, 9.99997, 8.34183e-06, 20
38.19, 9.99997, 8.31541e-06, 20
38.2, 9.99997, 8.28908e-06, 20
38.21, 9.99997, 8.26283e-06, 20
38.22, 9.99997, 8.23666e-06, 20
38.23, 9.99997, 8.21057e-06, 20
38.24, 9.99997, 8.18457e-06, 20
38.25, 9.99997, 8.15865e-06, 20
38.26, 9.99997, 8.13281e-06, 20
38.27, 9.99997, 8.10705e-06, 20
38.28, 9.99997, 8.08137e-06, 20
38.29, 9.99997, 8.05578e-06, 20
38.3, 9.99997, 8.03027e-06, 20
38.31, 9.99997, 8.00483e-06, 20
38.32, 9.99997, 7.97948e-06, 20
38.33, 9.99997, 7.95421e-06, 20
38.34, 9.99998, 7.92902e-06, 20
38.35, 9.99998, 7.90391e-06, 20
38.36, 9.99998, 7.87887e-06, 20
38.37, 9.99998, 7.85392e-06, 20
38.38, 9.99998, 7.82905e-06, 20
38.39, 9.99998, 7.80425e-06, 20
38.4, 9.99998, 7.77954e-06, 20
38.41, 9.99998, 7.7549e-06, 20
38.42, 9.99998, 7.73034e-06, 20
38.43, 9.99998, 7.70585e-06, 20
38.44, 9.99998, 7.68145e-06, 20
38.45, 9.99998, 7.65712e-06, 20
38.46, 9.99998, 7.63287e-06, 20
38.47, 9.99998, 7.6087e-06, 20
38.48, 9.99998, 7.5846e-06, 20
38.49, 9.99998, 7.56058e-06, 20
38.5, 9.99998, 7.53663e-06, 20
38.51, 9.99998, 7.51276e-06, 20
38.52, 9.99998, 7.48897e-06, 20
38.53, 9.99998, 7.46525e-06, 20
38.54, 9.99998, 7.44161e-06, 20
38.55, 9.99998, 7.41804e-06, 20
38.56, 9.99998, 7.39455e-06, 20
38.57, 9.99998, 7.37113e-06, 20
38.58, 9.99998, 7.34778e-06, 20
38.59, 9.99998, 7.32451e-06, 20
38.6, 9.99998, 7.30131e-06, 20
38.61, 9.99998, 7.27819e-06, 20
38.62, 9.99998, 7.25514e-06, 20
38.63, 9.99998, 7.23216e-06, 20
38.64, 9.99998, 7.20926e-06, 20
38.65, 9.99998, 7.18643e-06, 20
38.66, 9.99998, 7.16367e-06, 20
38.67, 9.99998, 7.14098e-06, 20
38.68, 9.99998, 7.11836e-06, 20
38.69, 9.99998, 7.09582e-06, 20
38.7, 9.99998, 7.07334e-06, 20
38.71, 9.99998, 7.05094e-06, 20
38.72, 9.99998, 7.02861e-06, 20
38.73, 9.99998, 7.00635e-06, 20
38.74, 9.99998, 6.98416e-06, 20
38.75, 9.99998, 6.96204e-06, 20
38.76, 9.99998, 6.93999e-06, 20
38.77, 9.99998, 6.91801e-06, 20
38.78, 9.99998, 6.8961e-06, 20
38.79, 9.99998, 6.87426e-06, 20
38.8, 9.99998, 6.85249e-06, 20
38.81, 9.99998, 6.83079e-06, 20
38.82, 9.99998, 6.80915e-06, 20
38.83, 9.99998, 6.78759e-06, 20
38.84, 9.99998, 6.76609e-06, 20
38.85, 9.99998, 6.74466e-06, 20
38.86, 9.99998, 6.7233e-06, 20
38.87, 9.99998, 6.70201e-06, 20
38.88, 9.99998, 6.68078e-06, 20
38.89, 9.99998, 6.65963e-06, 20
38.9, 9.99998, 6.63853e-06, 20
38.91, 9.99998, 6.61751e-06, 20
38.92, 9.99998, 6.59655e-06, 20
38.93, 9.99998, 6.57566e-06, 20
38.94, 9.99998, 6.55483e-06, 20
38.95, 9.99998, 6.53407e-06, 20
38.96, 9.99998, 6.51338e-06, 20
38.97, 9.99998, 6.49275e-06, 20
38.98, 9.99998, 6.47219e-06, 20
38.99, 9.99998, 6.45169e-06, 20
39, 9.99998, 6.43126e-06, 20
39.01, 9.99998, 6.41089e-06, 20
39.02, 9.99998, 6.39059e-06, 20
39.03, 9.99998, 6.37035e-06, 20
39.04, 9.99998, 6.35017e-06, 20
39.05, 9.99998, 6.33006e-06, 20
39.06, 9.99998, 6.31001e-06, 20
39.07, 9.99998, 6.29003e-06, 20
39.08, 9.99998, 6.27011e-06, 20
39.09, 9.99998, 6.25025e-06, 20
39.1, 9.99998, 6.23045e-06, 20
39.11, 9.99998, 6.21072e-06, 20
39.12, 9.99998, 6.19105e-06, 20
39.13, 9.99998, 6.17144e-06, 20
39.14, 9.99998, 6.1519e-06, 20
39.15, 9.99998, 6.13241e-06, 20
39.16, 9.99998, 6.11299e-06, 20
39.17, 9.99998, 6.09363e-06, 20
39.18, 9.99998, 6.07433e-06, 20
39.19, 9.99998, 6.05509e-06, 20
39.2, 9.99998, 6.03592e-06, 20
39.21, 9.99998, 6.0168e-06, 20
39.22, 9.99998, 5.99775e-06, 20
39.23, 9.99998, 5.97875e-06, 20
39.24, 9.99998, 5.95981e-06, 20
39.25, 9.99998, 5.94094e-06, 20
39.26, 9.99998, 5.92212e-06, 20
39.27, 9.99998, 5.90337e-06, 20
39.28, 9.99998, 5.88467e-06, 20
39.29, 9.99998, 5.86603e-06, 20
39.3, 9.99998, 5.84746e-06, 20
39.31, 9.99998, 5.82894e-06, 20
39.32, 9.99998, 5.81048e-06, 20
39.33, 9.99998, 5.79207e-06, 20
39.34, 9.99998, 5.77373e-06, 20
39.35, 9.99998, 5.75544e-06, 20
39.36, 9.99998, 5.73722e-06, 20
39.37, 9.99998, 5.71905e-06, 20
39.38, 9.99998, 5.70093e-06, 20
39.39, 9.99998, 5.68288e-06, 20
39.4, 9.99998, 5.66488e-06, 20
39.41, 9.99998, 5.64694e-06, 20
39.42, 9.99998, 5.62905e-06, 20
39.43, 9.99998, 5.61123e-06, 20
39.44, 9.99998, 5.59346e-06, 20
39.45, 9.99998, 5.57574e-06, 20
39.46, 9.99998, 5.55808e-06, 20
39.47, 9.99998, 5.54048e-06, 20
39.48, 9.99998, 5.52293e-06, 20
39.49, 9.99998, 5.50544e-06, 20
39.5, 9.99998, 5.488e-06, 20
39.51, 9.99998, 5.47062e-06, 20
39.52, 9.99998, 5.4533e-06, 20
39.53, 9.99998, 5.43603e-06, 20
39.54, 9.99998, 5.41881e-06, 20
39.55, 9.99998, 5.40165e-06, 20
39.56, 9.99998, 5.38454e-06, 20
39.57, 9.99998, 5.36749e-06, 20
39.58, 9.99998, 5.35049e-06, 20
39.59, 9.99998, 5.33354e-06, 20
39.6, 9.99998, 5.31665e-06, 20
39.61, 9.99998, 5.29981e-06, 20
39.62, 9.99998, 5.28303e-06, 20
39.63, 9.99998, 5.2663e-06, 20
39.64, 9.99998, 5.24962e-06, 20
39.65, 9.99998, 5.23299e-06, 20
39.66, 9.99998, 5.21642e-06, 20
39.67, 9.99998, 5.1999e-06, 20
39.68, 9.99998, 5.18343e-06, 20
39.69, 9.99998, 5.16701e-06, 20
39.7, 9.99998, 5.15065e-06, 20
39.71, 9.99998, 5.13433e-06, 20
39.72, 9.99998, 5.11807e-06, 20
39.73, 9.99998, 5.10186e-06, 20
39.74, 9.99998, 5.08571e-06, 20
39.75, 9.99998, 5.0696e-06, 20
39.76, 9.99998, 5.05354e-06, 20
39.77, 9.99998, 5.03754e-06, 20
39.78, 9.99998, 5.02158e-06, 20
39.79, 9.99998, 5.00568e-06, 20
39.8, 9.99998, 4.98983e-06, 20
39.81, 9.99998, 4.97402e-06, 20
39.82, 9.99998, 4.95827e-06, 20
39.83, 9.99998, 4.94257e-06, 20
39.84, 9.99998, 4.92691e-06, 20
39.85, 9.99998, 4.91131e-06, 20
39.86, 9.99998, 4.89576e-06, 20
39.87, 9.99998, 4.88025e-06, 20
39.88, 9.99998, 4.86479e-06, 20
39.89, 9.99998, 4.84939e-06, 20
39.9, 9.99998, 4.83403e-06, 20
39.91, 9.99998, 4.81872e-06, 20
39.92, 9.99998, 4.80346e-06, 20
39.93, 9.99998, 4.78824e-06, 20
39.94, 9.99998, 4.77308e-06, 20
39.95, 9.99999, 4.75796e-06, 20
39.96, 9.99999, 4.74289e-06, 20
39.97, 9.99999, 4.72787e-06, 20
39.98, 9.99999, 4.7129e-06, 20
39.99, 9.99999, 4.69797e-06, 20
40, 9.99999, 4.68309e-06, 20
40.01, 9.99999, 4.66826e-06, 20
40.02, 9.99999, 4.65348e-06, 20
40.03, 9.99999, 4.63874e-06, 20
40.04, 9.99999, 4.62405e-06, 20
40.05, 9.99999, 4.6094e-06, 20
40.06, 9.99999, 4.59481e-06, 20
40.07, 9.99999, 4.58025e-06, 20
40.08, 9.99999, 4.56575e-06, 20
40.09, 9.99999, 4.55129e-06, 20
40.1, 9.99999, 4.53687e-06, 20
40.11, 9.99999, 4.5225e-06, 20
40.12, 9.99999, 4.50818e-06, 20
40.13, 9.99999, 4.4939e-06, 20
40.14, 9.99999, 4.47967e-06, 20
40.15, 9.99999, 4.46548e-06, 20
40.16, 9.99999, 4.45134e-06, 20
40.17, 9.99999, 4.43724e-06, 20
40.18, 9.99999, 4.42319e-06, 20
40.19, 9.99999, 4.40918e-06, 20
40.2, 9.99999, 4.39522e-06, 20
40.21, 9.99999, 4.3813e-06, 20
40.22, 9.99999, 4.36742e-06, 20
40.23, 9.99999, 4.35359e-06, 20
40.24, 9.99999, 4.3398e-06, 20
40.25, 9.99999, 4.32606e-06, 20
40.26, 9.99999, 4.31236e-06, 20
40.27, 9.99999, 4.2987e-06, 20
40.28, 9.99999, 4.28508e-06, 20
40.29, 9.99999, 4.27151e-06, 20
40.3, 9.99999, 4.25798e-06, 20
40.31, 9.99999, 4.2445e-06, 20
40.32, 9.99999, 4.23106e-06, 20
40.33, 9.99999, 4.21766e-06, 20
40.34, 9.99999, 4.2043e-06, 20
40.35, 9.99999, 4.19098e-06, 20
40.36, 9.99999, 4.17771e-06, 20
40.37, 9.99999, 4.16448e-06, 20
40.38, 9.99999, 4.15129e-06, 20
40.39, 9.99999, 4.13814e-06, 20
40.4, 9.99999, 4.12504e-06, 20
40.41, 9.99999, 4.11197e-06, 20
40.42, 9.99999, 4.09895e-06, 20
40.43, 9.99999, 4.08597e-06, 20
40.44, 9.99999, 4.07303e-06, 20
40.45, 9.99999, 4.06013e-06, 20
40.46, 9.99999, 4.04727e-06, 20
40.47, 9.99999, 4.03445e-06, 20
40.48, 9.99999, 4.02167e-06, 20
40.49, 9.99999, 4.00894e-06, 20
40.5, 9.99999, 3.99624e-06, 20
40.51, 9.99999, 3.98358e-06, 20
40.52, 9.99999, 3.97097e-06, 20
40.53, 9.99999, 3.95839e-06, 20
40.54, 9.99999, 3.94585e-06, 20
40.55, 9.99999, 3.93336e-06, 20
40.56, 9.99999, 3.9209e-06, 20
40.57, 9.99999, 3.90848e-06, 20
40.58, 9.99999, 3.8961e-06, 20
40.59, 9.99999, 3.88376e-06, 20
40.6, 9.99999, 3.87146e-06, 20
40.61, 9.99999, 3.8592e-06, 20
40.62, 9.99999, 3.84698e-06, 20
40.63, 9.99999, 3.8348e-06, 20
40.64, 9.99999, 3.82265e-06, 20
40.65, 9.99999, 3.81054e-06, 20
40.66, 9.99999, 3.79848e-06, 20
40.67, 9.99999, 3.78645e-06, 20
40.68, 9.99999, 3.77445e-06, 20
40.69, 9.99999, 3.7625e-06, 20
40.7, 9.99999, 3.75058e-06, 20
40.71, 9.99999, 3.73871e-06, 20
40.72, 9.99999, 3.72686e-06, 20
40.73, 9.99999, 3.71506e-06, 20
40.74, 9.99999, 3.7033e-06, 20
40.75, 9.99999, 3.69157e-06, 20
40.76, 9.99999, 3.67988e-06, 20
40.77, 9.99999, 3.66822e-06, 20
40.78, 9.99999, 3.6566e-06, 20
40.79, 9.99999, 3.64502e-06, 20
40.8, 9.99999, 3.63348e-06, 20
40.81, 9.99999, 3.62197e-06, 20
40.82, 9.99999, 3.6105e-06, 20
40.83, 9.99999, 3.59906e-06, 20
40.84, 9.99999, 3.58767e-06, 20
40.85, 9.99999, 3.5763e-06, 20
40.86, 9.99999, 3.56498e-06, 20
40.87, 9.99999, 3.55369e-06, 20
40.88, 9.99999, 3.54243e-06, 20
40.89, 9.99999, 3.53121e-06, 20
40.9, 9.99999, 3.52003e-06, 20
40.91, 9.99999, 3.50888e-06, 20
40.92, 9.99999, 3.49777e-06, 20
40.93, 9.99999, 3.48669e-06, 20
40.94, 9.99999, 3.47565e-06, 20
40.95, 9.99999, 3.46464e-06, 20
40.96, 9.99999, 3.45367e-06, 20
40.97, 9.99999, 3.44273e-06, 20
40.98, 9.99999, 3.43183e-06, 20
40.99, 9.99999, 3.42096e-06, 20
41, 9.99999, 3.41012e-06, 20
41.01, 9.99999, 3.39932e-06, 20
41.02, 9.99999, 3.38856e-06, 20
41.03, 9.99999, 3.37782e-06, 20
41.04, 9.99999, 3.36713e-06, 20
41.05, 9.99999, 3.35646e-06, 20
41.06, 9.99999, 3.34583e-06, 20
41.07, 9.99999, 3.33524e-06, 20
41.08, 9.99999, 3.32467e-06, 20
41.09, 9.99999, 3.31414e-06, 20
41.1, 9.99999, 3.30365e-06, 20
41.11, 9.99999, 3.29318e-06, 20
41.12, 9.99999, 3.28275e-06, 20
41.13, 9.99999, 3.27236e-06, 20
41.14, 9.99999, 3.26199e-06, 20
41.15, 9.99999, 3.25166e-06, 20
41.16, 9.99999, 3.24136e-06, 20
41.17, 9.99999, 3.2311e-06, 20
41.18, 9.99999, 3.22087e-06, 20
41.19, 9.99999, 3.21067e-06, 20
41.2, 9.99999, 3.2005e-06, 20
41.21, 9.99999, 3.19036e-06, 20
41.22, 9.99999, 3.18026e-06, 20
41.23, 9.99999, 3.17018e-06, 20
41.24, 9.99999, 3.16014e-06, 20
41.25, 9.99999, 3.15014e-06, 20
41.26, 9.99999, 3.14016e-06, 20
41.27, 9.99999, 3.13021e-06, 20
41.28, 9.99999, 3.1203e-06, 20
41.29, 9.99999, 3.11042e-06, 20
41.3, 9.99999, 3.10057e-06, 20
41.31, 9.99999, 3.09075e-06, 20
41.32, 9.99999, 3.08096e-06, 20
41.33, 9.99999, 3.0712e-06, 20
41.34, 9.99999, 3.06147e-06, 20
41.35, 9.99999, 3.05178e-06, 20
41.36, 9.99999, 3.04211e-06, 20
41.37, 9.99999, 3.03248e-06, 20
41.38, 9.99999, 3.02287e-06, 20
41.39, 9.99999, 3.0133e-06, 20
41.4, 9.99999, 3.00376e-06, 20
41.41, 9.99999, 2.99424e-06, 20
41.42, 9.99999, 2.98476e-06, 20
41.43, 9.99999, 2.97531e-06, 20
41.44, 9.99999, 2.96588e-06, 20
41.45, 9.99999, 2.95649e-06, 20
41.46, 9.99999, 2.94713e-06, 20
41.47, 9.99999, 2.93779e-06, 20
41.48, 9.99999, 2.92849e-06, 20
41.49, 9.99999, 2.91922e-06, 20
41.5, 9.99999, 2.90997e-06, 20
41.51, 9.99999, 2.90075e-06, 20
41.52, 9.99999, 2.89157e-06, 20
41.53, 9.99999, 2.88241e-06, 20
41.54, 9.99999, 2.87328e-06, 20
41.55, 9.99999, 2.86418e-06, 20
41.56, 9.99999, 2.85511e-06, 20
41.57, 9.99999, 2.84607e-06, 20
41.58, 9.99999, 2.83705e-06, 20
41.59, 9.99999, 2.82807e-06, 20
41.6, 9.99999, 2.81911e-06, 20
41.61, 9.99999, 2.81018e-06, 20
41.62, 9.99999, 2.80128e-06, 20
41.63, 9.99999, 2.79241e-06, 20
41.64, 9.99999, 2.78357e-06, 20
41.65, 9.99999, 2.77475e-06, 20
41.66, 9.99999, 2.76596e-06, 20
41.67, 9.99999, 2.7572e-06, 20
41.68, 9.99999, 2.74847e-06, 20
41.69, 9.99999, 2.73977e-06, 20
41.7, 9.99999, 2.73109e-06, 20
41.71, 9.99999, 2.72244e-06, 20
41.72, 9.99999, 2.71382e-06, 20
41.73, 9.99999, 2.70522e-06, 20
41.74, 9.99999, 2.69665e-06, 20
41.75, 9.99999, 2.68811e-06, 20
41.76, 9.99999, 2.6796e-06, 20
41.77, 9.99999, 2.67111e-06, 20
41.78, 9.99999, 2.66265e-06, 20
41.79, 9.99999, 2.65422e-06, 20
41.8, 9.99999, 2.64582e-06, 20
41.81, 9.99999, 2.63744e-06, 20
41.82, 9.99999, 2.62908e-06, 20
41.83, 9.99999, 2.62076e-06, 20
41.84, 9.99999, 2.61246e-06, 20
41.85, 9.99999, 2.60418e-06, 20
41.86, 9.99999, 2.59594e-06, 20
41.87, 9.99999, 2.58771e-06, 20
41.88, 9.99999, 2.57952e-06, 20
41.89, 9.99999, 2.57135e-06, 20
41.9, 9.99999, 2.5632e-06, 20
41.91, 9.99999, 2.55509e-06, 20
41.92, 9.99999, 2.54699e-06, 20
41.93, 9.99999, 2.53893e-06, 20
41.94, 9.99999, 2.53089e-06, 20
41.95, 9.99999, 2.52287e-06, 20
41.96, 9.99999, 2.51488e-06, 20
41.97, 9.99999, 2.50692e-06, 20
41.98, 9.99999, 2.49898e-06, 20
41.99, 9.99999, 2.49106e-06, 20
42, 9.99999, 2.48317e-06, 20
42.01, 9.99999, 2.47531e-06, 20
42.02, 9.99999, 2.46747e-06, 20
42.03, 9.99999, 2.45965e-06, 20
42.04, 9.99999, 2.45186e-06, 20
42.05, 9.99999, 2.4441e-06, 20
42.06, 9.99999, 2.43636e-06, 20
42.07, 9.99999, 2.42864e-06, 20
42.08, 9.99999, 2.42095e-06, 20
42.09, 9.99999, 2.41328e-06, 20
42.1, 9.99999, 2.40564e-06, 20
42.11, 9.99999, 2.39802e-06, 20
42.12, 9.99999, 2.39043e-06, 20
42.13, 9.99999, 2.38286e-06, 20
42.14, 9.99999, 2.37531e-06, 20
42.15, 9.99999, 2.36779e-06, 20
42.16, 9.99999, 2.36029e-06, 20
42.17, 9.99999, 2.35281e-06, 20
42.18, 9.99999, 2.34536e-06, 20
42.19, 9.99999, 2.33793e-06, 20
42.2, 9.99999, 2.33053e-06, 20
42.21, 9.99999, 2.32315e-06, 20
42.22, 9.99999, 2.31579e-06, 20
42.23, 9.99999, 2.30846e-06, 20
42.24, 9.99999, 2.30114e-06, 20
42.25, 9.99999, 2.29386e-06, 20
42.26, 9.99999, 2.28659e-06, 20
42.27, 9.99999, 2.27935e-06, 20
42.28, 9.99999, 2.27213e-06, 20
42.29, 9.99999, 2.26494e-06, 20
42.3, 9.99999, 2.25776e-06, 20
42.31, 9.99999, 2.25061e-06, 20
42.32, 9.99999, 2.24348e-06, 20
42.33, 9.99999, 2.23638e-06, 20
42.34, 9.99999, 2.2293e-06, 20
42.35, 9.99999, 2.22223e-06, 20
42.36, 9.99999, 2.2152e-06, 20
42.37, 9.99999, 2.20818e-06, 20
42.38, 9.99999, 2.20119e-06, 20
42.39, 9.99999, 2.19422e-06, 20
42.4, 9.99999, 2.18727e-06, 20
42.41, 9.99999, 2.18034e-06, 20
42.42, 9.99999, 2.17343e-06, 20
42.43, 9.99999, 2.16655e-06, 20
42.44, 9.99999, 2.15969e-06, 20
42.45, 9.99999, 2.15285e-06, 20
42.46, 9.99999, 2.14603e-06, 20
42.47, 9.99999, 2.13923e-06, 20
42.48, 9.99999, 2.13246e-06, 20
42.49, 9.99999, 2.12571e-06, 20
42.5, 9.99999, 2.11897e-06, 20
42.51, 9.99999, 2.11226e-06, 20
42.52, 9.99999, 2.10557e-06, 20
42.53, 9.99999, 2.0989e-06, 20
42.54, 9.99999, 2.09226e-06, 20
42.55, 9.99999, 2.08563e-06, 20
42.56, 9.99999, 2.07903e-06, 20
42.57, 9.99999, 2.07244e-06, 20
42.58, 9.99999, 2.06588e-06, 20
42.59, 9.99999, 2.05933e-06, 20
42.6, 9.99999, 2.05281e-06, 20
42.61, 9.99999, 2.04631e-06, 20
42.62, 9.99999, 2.03983e-06, 20
42.63, 9.99999, 2.03337e-06, 20
42.64, 9.99999, 2.02693e-06, 20
42.65, 9.99999, 2.02051e-06, 20
42.66, 9.99999, 2.01411e-06, 20
42.67, 9.99999, 2.00773e-06, 20
42.68, 9.99999, 2.00137e-06, 20
42.69, 9.99999, 1.99504e-06, 20
42.7, 9.99999, 1.98872e-06, 20
42.71, 9.99999, 1.98242e-06, 20
42.72, 9.99999, 1.97614e-06, 20
42.73, 9.99999, 1.96988e-06, 20
42.74, 9.99999, 1.96364e-06, 20
42.75, 9.99999, 1.95742e-06, 20
42.76, 9.99999, 1.95122e-06, 20
42.77, 9.99999, 1.94504e-06, 20
42.78, 9.99999, 1.93888e-06, 20
42.79, 9.99999, 1.93274e-06, 20
42.8, 9.99999, 1.92662e-06, 20
42.81, 9.99999, 1.92052e-06, 20
42.82, 9.99999, 1.91444e-06, 20
42.83, 9.99999, 1.90838e-06, 20
42.84, 9.99999, 1.90233e-06, 20
42.85, 9.99999, 1.89631e-06, 20
42.86, 9.99999, 1.8903e-06, 20
42.87, 9.99999, 1.88431e-06, 20
42.88, 9.99999, 1.87835e-06, 20
42.89, 9.99999, 1.8724e-06, 20
42.9, 9.99999, 1.86647e-06, 20
42.91, 9.99999, 1.86056e-06, 20
42.92, 9.99999, 1.85466e-06, 20
42.93, 9.99999, 1.84879e-06, 20
42.94, 9.99999, 1.84293e-06, 20
42.95, 9.99999, 1.8371e-06, 20
42.96, 9.99999, 1.83128e-06, 20
42.97, 9.99999, 1.82548e-06, 20
42.98, 9.99999, 1.8197e-06, 20
42.99, 9.99999, 1.81393e-06, 20
43, 9.99999, 1.80819e-06, 20
43.01, 9.99999, 1.80246e-06, 20
43.02, 9.99999, 1.79675e-06, 20
43.03, 9.99999, 1.79106e-06, 20
43.04, 9.99999, 1.78539e-06, 20
43.05, 9.99999, 1.77974e-06, 20
43.06, 9.99999, 1.7741e-06, 20
43.07, 9.99999, 1.76848e-06, 20
43.08, 9.99999, 1.76288e-06, 20
43.09, 9.99999, 1.7573e-06, 20
43.1, 9.99999, 1.75173e-06, 20
43.11, 9.99999, 1.74618e-06, 20
43.12, 9.99999, 1.74065e-06, 20
43.13, 9.99999, 1.73514e-06, 20
43.14, 9.99999, 1.72965e-06, 20
43.15, 9.99999, 1.72417e-06, 20
43.16, 9.99999, 1.71871e-06, 20
43.17, 9.99999, 1.71326e-06, 20
43.18, 9.99999, 1.70784e-06, 20
43.19, 9.99999, 1.70243e-06, 20
43.2, 9.99999, 1.69704e-06, 20
43.21, 9.99999, 1.69166e-06, 20
43.22, 9.99999, 1.68631e-06, 20
43.23, 9.99999, 1.68096e-06, 20
43.24, 9.99999, 1.67564e-06, 20
43.25, 9.99999, 1.67033e-06, 20
43.26, 9.99999, 1.66504e-06, 20
43.27, 9.99999, 1.65977e-06, 20
43.28, 9.99999, 1.65451e-06, 20
43.29, 9.99999, 1.64927e-06, 20
43.3, 9.99999, 1.64405e-06, 20
43.31, 9.99999, 1.63884e-06, 20
43.32, 9.99999, 1.63365e-06, 20
43.33, 9.99999, 1.62848e-06, 20
43.34, 9.99999, 1.62332e-06, 20
43.35, 9.99999, 1.61818e-06, 20
43.36, 9.99999, 1.61306e-06, 20
43.37, 9.99999, 1.60795e-06, 20
43.38, 9.99999, 1.60285e-06, 20
43.39, 9.99999, 1.59778e-06, 20
43.4, 9.99999, 1.59272e-06, 20
43.41, 10, 1.58767e-06, 20
43.42, 10, 1.58265e-06, 20
43.43, 10, 1.57763e-06, 20
43.44, 10, 1.57264e-06, 20
43.45, 10, 1.56766e-06, 20
43.46, 10, 1.56269e-06, 20
43.47, 10, 1.55774e-06, 20
43.48, 10, 1.55281e-06, 20
43.49, 10, 1.54789e-06, 20
43.5, 10, 1.54299e-06, 20
43.51, 10, 1.5381e-06, 20
43.52, 10, 1.53323e-06, 20
43.53, 10, 1.52837e-06, 20
43.54, 10, 1.52353e-06, 20
43.55, 10, 1.51871e-06, 20
43.56, 10, 1.5139e-06, 20
43.57, 10, 1.5091e-06, 20
43.58, 10, 1.50432e-06, 20
43.59, 10, 1.49956e-06, 20
43.6, 10, 1.49481e-06, 20
43.61, 10, 1.49008e-06, 20
43.62, 10, 1.48536e-06, 20
43.63, 10, 1.48065e-06, 20
43.64, 10, 1.47596e-06, 20
43.65, 10, 1.47129e-06, 20
43.66, 10, 1.46663e-06, 20
43.67, 10, 1.46198e-06, 20
43.68, 10, 1.45735e-06, 20
43.69, 10, 1.45274e-06, 20
43.7, 10, 1.44814e-06, 20
43.71, 10, 1.44355e-06, 20
43.72, 10, 1.43898e-06, 20
43.73, 10, 1.43442e-06, 20
43.74, 10, 1.42988e-06, 20
43.75, 10, 1.42535e-06, 20
43.76, 10, 1.42084e-06, 20
43.77, 10, 1.41634e-06, 20
43.78, 10, 1.41185e-06, 20
43.79, 10, 1.40738e-06, 20
43.8, 10, 1.40292e-06, 20
43.81, 10, 1.39848e-06, 20
43.82, 10, 1.39405e-06, 20
43.83, 10, 1.38964e-06, 20
43.84, 10, 1.38523e-06, 20
43.85, 10, 1.38085e-06, 20
43.86, 10, 1.37647e-06, 20
43.87, 10, 1.37211e-06, 20
43.88, 10, 1.36777e-06, 20
43.89, 10, 1.36344e-06, 20
43.9, 10, 1.35912e-06, 20
43.91, 10, 1.35481e-06, 20
43.92, 10, 1.35052e-06, 20
43.93, 10, 1.34625e-06, 20
43.94, 10, 1.34198e-06, 20
43.95, 10, 1.33773e-06, 20
43.96, 10, 1.3335e-06, 20
43.97, 10, 1.32927e-06, 20
43.98, 10, 1.32506e-06, 20
43.99, 10, 1.32087e-06, 20
44, 10, 1.31668e-06, 20
44.01, 10, 1.31251e-06, 20
44.02, 10, 1.30836e-06, 20
44.03, 10, 1.30421e-06, 20
44.04, 10, 1.30008e-06, 20
44.05, 10, 1.29596e-06, 20
44.06, 10, 1.29186e-06, 20
44.07, 10, 1.28777e-06, 20
44.08, 10, 1.28369e-06, 20
44.09, 10, 1.27962e-06, 20
44.1, 10, 1.27557e-06, 20
44.11, 10, 1.27153e-06, 20
44.12, 10, 1.2675e-06, 20
44.13, 10, 1.26349e-06, 20
44.14, 10, 1.25949e-06, 20
44.15, 10, 1.2555e-06, 20
44.16, 10, 1.25152e-06, 20
44.17, 10, 1.24756e-06, 20
44.18, 10, 1.24361e-06, 20
44.19, 10, 1.23967e-06, 20
44.2, 10, 1.23574e-06, 20
44.21, 10, 1.23183e-06, 20
44.22, 10, 1.22793e-06, 20
44.23, 10, 1.22404e-06, 20
44.24, 10, 1.22016e-06, 20
44.25, 10, 1.2163e-06, 20
44.26, 10, 1.21245e-06, 20
44.27, 10, 1.20861e-06, 20
44.28, 10, 1.20478e-06, 20
44.29, 10, 1.20096e-06, 20
44.3, 10, 1.19716e-06, 20
44.31, 10, 1.19337e-06, 20
44.32, 10, 1.18959e-06, 20
44.33, 10, 1.18582e-06, 20
44.34, 10, 1.18207e-06, 20
44.35, 10, 1.17832e-06, 20
44.36, 10, 1.17459e-06, 20
44.37, 10, 1.17087e-06, 20
44.38, 10, 1.16716e-06, 20
44.39, 10, 1.16347e-06, 20
44.4, 10, 1.15978e-06, 20
44.41, 10, 1.15611e-06, 20
44.42, 10, 1.15245e-06, 20
44.43, 10, 1.1488e-06, 20
44.44, 10, 1.14516e-06, 20
44.45, 10, 1.14153e-06, 20
44.46, 10, 1.13792e-06, 20
44.47, 10, 1.13431e-06, 20
44.48, 10, 1.13072e-06, 20
44.49, 10, 1.12714e-06, 20
44.5, 10, 1.12357e-06, 20
44.51, 10, 1.12001e-06, 20
44.52, 10, 1.11646e-06, 20
44.53, 10, 1.11293e-06, 20
44.54, 10, 1.1094e-06, 20
44.55, 10, 1.10589e-06, 20
44.56, 10, 1.10239e-06, 20
44.57, 10, 1.0989e-06, 20
44.58, 10, 1.09541e-06, 20
44.59, 10, 1.09195e-06, 20
44.6, 10, 1.08849e-06, 20
44.61, 10, 1.08504e-06, 20
44.62, 10, 1.0816e-06, 20
44.63, 10, 1.07818e-06, 20
44.64, 10, 1.07476e-06, 20
44.65, 10, 1.07136e-06, 20
44.66, 10, 1.06797e-06, 20
44.67, 10, 1.06458e-06, 20
44.68, 10, 1.06121e-06, 20
44.69, 10, 1.05785e-06, 20
44.7, 10, 1.0545e-06, 20
44.71, 10, 1.05116e-06, 20
44.72, 10, 1.04783e-06, 20
44.73, 10, 1.04451e-06, 20
44.74, 10, 1.04121e-06, 20
44.75, 10, 1.03791e-06, 20
44.76, 10, 1.03462e-06, 20
44.77, 10, 1.03134e-06, 20
44.78, 10, 1.02808e-06, 20
44.79, 10, 1.02482e-06, 20
44.8, 10, 1.02158e-06, 20
44.81, 10, 1.01834e-06, 20
44.82, 10, 1.01512e-06, 20
44.83, 10, 1.0119e-06, 20
44.84, 10, 1.0087e-06, 20
44.85, 10, 1.0055e-06, 20
44.86, 10, 1.00232e-06, 20
44.87, 10, 9.99142e-07, 20
44.88, 10, 9.95978e-07, 20
44.89, 10, 9.92824e-07, 20
44.9, 10, 9.89679e-07, 20
44.91, 10, 9.86545e-07, 20
44.92, 10, 9.8342e-07, 20
44.93, 10, 9.80306e-07, 20
44.94, 10, 9.77201e-07, 20
44.95, 10, 9.74106e-07, 20
44.96, 10, 9.71021e-07, 20
44.97, 10, 9.67946e-07, 20
44.98, 10, 9.6488e-07, 20
44.99, 10, 9.61824e-07, 20
45, 10, 9.58778e-07, 20
45.01, 10, 9.55742e-07, 20
45.02, 10, 9.52715e-07, 20
45.03, 10, 9.49697e-07, 20
45.04, 10, 9.4669e-07, 20
45.05, 10, 9.43691e-07, 20
45.06, 10, 9.40703e-07, 20
45.07, 10, 9.37723e-07, 20
45.08, 10, 9.34754e-07, 20
45.09, 10, 9.31793e-07, 20
45.1, 10, 9.28842e-07, 20
45.11, 10, 9.259e-07, 20
45.12, 10, 9.22968e-07, 20
45.13, 10, 9.20045e-07, 20
45.14, 10, 9.17131e-07, 20
45.15, 10, 9.14226e-07, 20
45.16, 10, 9.11331e-07, 20
45.17, 10, 9.08445e-07, 20
45.18, 10, 9.05567e-07, 20
45.19, 10, 9.02699e-07, 20
45.2, 10, 8.99841e-07, 20
45.21, 10, 8.96991e-07, 20
45.22, 10, 8.9415e-07, 20
45.23, 10, 8.91318e-07, 20
45.24, 10, 8.88495e-07, 20
45.25, 10, 8.85681e-07, 20
45.26, 10, 8.82876e-07, 20
45.27, 10, 8.8008e-07, 20
45.28, 10, 8.77293e-07, 20
45.29, 10, 8.74514e-07, 20
45.3, 10, 8.71745e-07, 20
45.31, 10, 8.68984e-07, 20
45.32, 10, 8.66232e-07, 20
45.33, 10, 8.63488e-07, 20
45.34, 10, 8.60753e-07, 20
45.35, 10, 8.58027e-07, 20
45.36, 10, 8.5531e-07, 20
45.37, 10, 8.52601e-07, 20
45.38, 10, 8.49901e-07, 20
45.39, 10, 8.47209e-07, 20
45.4, 10, 8.44526e-07, 20
45.41, 10, 8.41851e-07, 20
45.42, 10, 8.39185e-07, 20
45.43, 10, 8.36527e-07, 20
45.44, 10, 8.33878e-07, 20
45.45, 10, 8.31237e-07, 20
45.46, 10, 8.28604e-07, 20
45.47, 10, 8.2598e-07, 20
45.48, 10, 8.23364e-07, 20
45.49, 10, 8.20756e-07, 20
45.5, 10, 8.18157e-07, 20
45.51, 10, 8.15566e-07, 20
45.52, 10, 8.12983e-07, 20
45.53, 10, 8.10408e-07, 20
45.54, 10, 8.07841e-07, 20
45.55, 10, 8.05283e-07, 20
45.56, 10, 8.02733e-07, 20
45.57, 10, 8.0019e-07, 20
45.58, 10, 7.97656e-07, 20
45.59, 10, 7.9513e-07, 20
45.6, 10, 7.92611e-07, 20
45.61, 10, 7.90101e-07, 20
45.62, 10, 7.87599e-07, 20
45.63, 10, 7.85105e-07, 20
45.64, 10, 7.82618e-07, 20
45.65, 10, 7.80139e-07, 20
45.66, 10, 7.77669e-07, 20
45.67, 10, 7.75206e-07, 20
45.68, 10, 7.72751e-07, 20
45.69, 10, 7.70303e-07, 20
45.7, 10, 7.67864e-07, 20
45.71, 10, 7.65432e-07, 20
45.72, 10, 7.63008e-07, 20
45.73, 10, 7.60591e-07, 20
45.74, 10, 7.58182e-07, 20
45.75, 10, 7.55781e-07, 20
45.76, 10, 7.53387e-07, 20
45.77, 10, 7.51001e-07, 20
45.78, 10, 7.48623e-07, 20
45.79, 10, 7.46252e-07, 20
45.8, 10, 7.43888e-07, 20
45.81, 10, 7.41532e-07, 20
45.82, 10, 7.39184e-07, 20
45.83, 10, 7.36843e-07, 20
45.84, 10, 7.34509e-07, 20
45.85, 10, 7.32183e-07, 20
45.86, 10, 7.29864e-07, 20
45.87, 10, 7.27553e-07, 20
45.88, 10, 7.25248e-07, 20
45.89, 10, 7.22951e-07, 20
45.9, 10, 7.20662e-07, 20
45.91, 10, 7.18379e-07, 20
45.92, 10, 7.16104e-07, 20
45.93, 10, 7.13836e-07, 20
45.94, 10, 7.11575e-07, 20
45.95, 10, 7.09322e-07, 20
45.96, 10, 7.07075e-07, 20
45.97, 10, 7.04836e-07, 20
45.98, 10, 7.02604e-07, 20
45.99, 10, 7.00379e-07, 20
46, 10, 6.9816e-07, 20
46.01, 10, 6.95949e-07, 20
46.02, 10, 6.93745e-07, 20
46.03, 10, 6.91548e-07, 20
46.04, 10, 6.89358e-07, 20
46.05, 10, 6.87175e-07, 20
46.06, 10, 6.84998e-07, 20
46.07, 10, 6.82829e-07, 20
46.08, 10, 6.80666e-07, 20
46.09, 10, 6.7851e-07, 20
46.1, 10, 6.76362e-07, 20
46.11, 10, 6.74219e-07, 20
46.12, 10, 6.72084e-07, 20
46.13, 10, 6.69956e-07, 20
46.14, 10, 6.67834e-07, 20
46.15, 10, 6.65719e-07, 20
46.16, 10, 6.6361e-07, 20
46.17, 10, 6.61509e-07, 20
46.18, 10, 6.59414e-07, 20
46.19, 10, 6.57325e-07, 20
46.2, 10, 6.55243e-07, 20
46.21, 10, 6.53168e-07, 20
46.22, 10, 6.51099e-07, 20
46.23, 10, 6.49037e-07, 20
46.24, 10, 6.46982e-07, 20
46.25, 10, 6.44933e-07, 20
46.26, 10, 6.4289e-07, 20
46.27, 10, 6.40854e-07, 20
46.28, 10, 6.38824e-07, 20
46.29, 10, 6.36801e-07, 20
46.3, 10, 6.34784e-07, 20
46.31, 10, 6.32774e-07, 20
46.32, 10, 6.3077e-07, 20
46.33, 10, 6.28772e-07, 20
46.34, 10, 6.26781e-07, 20
46.35, 10, 6.24796e-07, 20
46.36, 10, 6.22817e-07, 20
46.37, 10, 6.20845e-07, 20
46.38, 10, 6.18878e-07, 20
46.39, 10, 6.16918e-07, 20
46.4, 10, 6.14964e-07, 20
46.41, 10, 6.13017e-07, 20
46.42, 10, 6.11075e-07, 20
46.43, 10, 6.0914e-07, 20
46.44, 10, 6.07211e-07, 20
46.45, 10, 6.05288e-07, 20
46.46, 10, 6.03371e-07, 20
46.47, 10, 6.0146e-07, 20
46.48, 10, 5.99555e-07, 20
46.49, 10, 5.97656e-07, 20
46.5, 10, 5.95763e-07, 20
46.51, 10, 5.93876e-07, 20
46.52, 10, 5.91996e-07, 20
46.53, 10, 5.90121e-07, 20
46.54, 10, 5.88252e-07, 20
46.55, 10, 5.86389e-07, 20
46.56, 10, 5.84532e-07, 20
46.57, 10, 5.8268e-07, 20
46.58, 10, 5.80835e-07, 20
46.59, 10, 5.78995e-07, 20
46.6, 10, 5.77162e-07, 20
46.61, 10, 5.75334e-07, 20
46.62, 10, 5.73512e-07, 20
46.63, 10, 5.71695e-07, 20
46.64, 10, 5.69885e-07, 20
46.65, 10, 5.6808e-07, 20
46.66, 10, 5.66281e-07, 20
46.67, 10, 5.64487e-07, 20
46.68, 10, 5.62699e-07, 20
46.69, 10, 5.60917e-07, 20
46.7, 10, 5.59141e-07, 20
46.71, 10, 5.5737e-07, 20
46.72, 10, 5.55605e-07, 20
46.73, 10, 5.53845e-07, 20
46.74, 10, 5.52091e-07, 20
46.75, 10, 5.50342e-07, 20
46.76, 10, 5.48599e-07, 20
46.77, 10, 5.46862e-07, 20
46.78, 10, 5.4513e-07, 20
46.79, 10, 5.43404e-07, 20
46.8, 10, 5.41683e-07, 20
46.81, 10, 5.39967e-07, 20
46.82, 10, 5.38257e-07, 20
46.83, 10, 5.36552e-07, 20
46.84, 10, 5.34853e-07, 20
46.85, 10, 5.33159e-07, 20
46.86, 10, 5.3147e-07, 20
46.87, 10, 5.29787e-07, 20
46.88, 10, 5.28109e-07, 20
46.89, 10, 5.26437e-07, 20
46.9, 10, 5.24769e-07, 20
46.91, 10, 5.23107e-07, 20
46.92, 10, 5.21451e-07, 20
46.93, 10, 5.19799e-07, 20
46.94, 10, 5.18153e-07, 20
46.95, 10, 5.16512e-07, 20
46.96, 10, 5.14876e-07, 20
46.97, 10, 5.13245e-07, 20
46.98, 10, 5.1162e-07, 20
46.99, 10, 5.1e-07, 20
47, 10, 5.08384e-07, 20
47.01, 10, 5.06774e-07, 20
47.02, 10, 5.05169e-07, 20
47.03, 10, 5.03569e-07, 20
47.04, 10, 5.01975e-07, 20
47.05, 10, 5.00385e-07, 20
47.06, 10, 4.988e-07, 20
47.07, 10, 4.9722e-07, 20
47.08, 10, 4.95646e-07, 20
47.09, 10, 4.94076e-07, 20
47.1, 10, 4.92511e-07, 20
47.11, 10, 4.90951e-07, 20
47.12, 10, 4.89396e-07, 20
47.13, 10, 4.87846e-07, 20
47.14, 10, 4.86301e-07, 20
47.15, 10, 4.84761e-07, 20
47.16, 10, 4.83226e-07, 20
47.17, 10, 4.81695e-07, 20
47.18, 10, 4.8017e-07, 20
47.19, 10, 4.78649e-07, 20
47.2, 10, 4.77133e-07, 20
47.21, 10, 4.75622e-07, 20
47.22, 10, 4.74116e-07, 20
47.23, 10, 4.72614e-07, 20
47.24, 10, 4.71117e-07, 20
47.25, 10, 4.69625e-07, 20
47.26, 10, 4.68138e-07, 20
47.27, 10, 4.66655e-07, 20
47.28, 10, 4.65177e-07, 20
47.29, 10, 4.63704e-07, 20
47.3, 10, 4.62236e-07, 20
47.31, 10, 4.60772e-07, 20
47.32, 10, 4.59312e-07, 20
47.33, 10, 4.57858e-07, 20
47.34, 10, 4.56408e-07, 20
47.35, 10, 4.54962e-07, 20
47.36, 10, 4.53521e-07, 20
47.37, 10, 4.52085e-07, 20
47.38, 10, 4.50653e-07, 20
47.39, 10, 4.49226e-07, 20
47.4, 10, 4.47803e-07, 20
47.41, 10, 4.46385e-07, 20
47.42, 10, 4.44971e-07, 20
47.43, 10, 4.43562e-07, 20
47.44, 10, 4.42157e-07, 20
47.45, 10, 4.40757e-07, 20
47.46, 10, 4.39361e-07, 20
47.47, 10, 4.37969e-07, 20
47.48, 10, 4.36582e-07, 20
47.49, 10, 4.352e-07, 20
47.5, 10, 4.33821e-07, 20
47.51, 10, 4.32447e-07, 20
47.52, 10, 4.31078e-07, 20
47.53, 10, 4.29712e-07, 20
47.54, 10, 4.28351e-07, 20
47.55, 10, 4.26995e-07, 20
47.56, 10, 4.25643e-07, 20
47.57, 10, 4.24294e-07, 20
47.58, 10, 4.22951e-07, 20
47.59, 10, 4.21611e-07, 20
47.6, 10, 4.20276e-07, 20
47.61, 10, 4.18945e-07, 20
47.62, 10, 4.17618e-07, 20
47.63, 10, 4.16295e-07, 20
47.64, 10, 4.14977e-07, 20
47.65, 10, 4.13663e-07, 20
47.66, 10, 4.12353e-07, 20
47.67, 10, 4.11047e-07, 20
47.68, 10, 4.09745e-07, 20
47.69, 10, 4.08447e-07, 20
47.7, 10, 4.07153e-07, 20
47.71, 10, 4.05864e-07, 20
47.72, 10, 4.04579e-07, 20
47.73, 10, 4.03297e-07, 20
47.74, 10, 4.0202e-07, 20
47.75, 10, 4.00747e-07, 20
47.76, 10, 3.99478e-07, 20
47.77, 10, 3.98212e-07, 20
47.78, 10, 3.96951e-07, 20
47.79, 10, 3.95694e-07, 20
47.8, 10, 3.94441e-07, 20
47.81, 10, 3.93192e-07, 20
47.82, 10, 3.91946e-07, 20
47.83, 10, 3.90705e-07, 20
47.84, 10, 3.89468e-07, 20
47.85, 10, 3.88234e-07, 20
47.86, 10, 3.87005e-07, 20
47.87, 10, 3.85779e-07, 20
47.88, 10, 3.84557e-07, 20
47.89, 10, 3.83339e-07, 20
47.9, 10, 3.82125e-07, 20
47.91, 10, 3.80915e-07, 20
47.92, 10, 3.79708e-07, 20
47.93, 10, 3.78506e-07, 20
47.94, 10, 3.77307e-07, 20
47.95, 10, 3.76112e-07, 20
47.96, 10, 3.74921e-07, 20
47.97, 10, 3.73734e-07, 20
47.98, 10, 3.7255e-07, 20
47.99, 10, 3.7137e-07, 20
48, 10, 3.70194e-07, 20
48.01, 10, 3.69021e-07, 20
48.02, 10, 3.67853e-07, 20
48.03, 10, 3.66688e-07, 20
48.04, 10, 3.65526e-07, 20
48.05, 10, 3.64369e-07, 20
48.06, 10, 3.63215e-07, 20
48.07, 10, 3.62064e-07, 20
48.08, 10, 3.60918e-07, 20
48.09, 10, 3.59775e-07, 20
48.1, 10, 3.58635e-07, 20
48.11, 10, 3.57499e-07, 20
48.12, 10, 3.56367e-07, 20
48.13, 10, 3.55239e-07, 20
48.14, 10, 3.54113e-07, 20
48.15, 10, 3.52992e-07, 20
48.16, 10, 3.51874e-07, 20
48.17, 10, 3.5076e-07, 20
48.18, 10, 3.49649e-07, 20
48.19, 10, 3.48541e-07, 20
48.2, 10, 3.47437e-07, 20
48.21, 10, 3.46337e-07, 20
48.22, 10, 3.4524e-07, 20
48.23, 10, 3.44147e-07, 20
48.24, 10, 3.43057e-07, 20
48.25, 10, 3.4197e-07, 20
48.26, 10, 3.40887e-07, 20
48.27, 10, 3.39808e-07, 20
48.28, 10, 3.38732e-07, 20
48.29, 10, 3.37659e-07, 20
48.3, 10, 3.36589e-07, 20
48.31, 10, 3.35523e-07, 20
48.32, 10, 3.34461e-07, 20
48.33, 10, 3.33401e-07, 20
48.34, 10, 3.32346e-07, 20
48.35, 10, 3.31293e-07, 20
48.36, 10, 3.30244e-07, 20
48.37, 10, 3.29198e-07, 20
48.38, 10, 3.28155e-07, 20
48.39, 10, 3.27116e-07, 20
48.4, 10, 3.2608e-07, 20
48.41, 10, 3.25047e-07, 20
48.42, 10, 3.24018e-07, 20
48.43, 10, 3.22992e-07, 20
48.44, 10, 3.21969e-07, 20
48.45, 10, 3.20949e-07, 20
48.46, 10, 3.19932e-07, 20
48.47, 10, 3.18919e-07, 20
48.48, 10, 3.17909e-07, 20
48.49, 10, 3.16902e-07, 20
48.5, 10, 3.15899e-07, 20
48.51, 10, 3.14898e-07, 20
48.52, 10, 3.13901e-07, 20
48.53, 10, 3.12907e-07, 20
48.54, 10, 3.11916e-07, 20
48.55, 10, 3.10928e-07, 20
48.56, 10, 3.09943e-07, 20
48.57, 10, 3.08962e-07, 20
48.58, 10, 3.07983e-07, 20
48.59, 10, 3.07008e-07, 20
48.6, 10, 3.06035e-07, 20
48.61, 10, 3.05066e-07, 20
48.62, 10, 3.041e-07, 20
48.63, 10, 3.03137e-07, 20
48.64, 10, 3.02177e-07, 20
48.65, 10, 3.0122e-07, 20
48.66, 10, 3.00266e-07, 20
48.67, 10, 2.99315e-07, 20
48.68, 10, 2.98367e-07, 20
48.69, 10, 2.97422e-07, 20
48.7, 10, 2.9648e-07, 20
48.71, 10, 2.95541e-07, 20
48.72, 10, 2.94605e-07, 20
48.73, 10, 2.93672e-07, 20
48.74, 10, 2.92742e-07, 20
48.75, 10, 2.91815e-07, 20
48.76, 10, 2.9089e-07, 20
48.77, 10, 2.89969e-07, 20
48.78, 10, 2.89051e-07, 20
48.79, 10, 2.88135e-07, 20
48.8, 10, 2.87223e-07, 20
48.81, 10, 2.86313e-07, 20
48.82, 10, 2.85406e-07, 20
48.83, 10, 2.84502e-07, 20
48.84, 10, 2.83601e-07, 20
48.85, 10, 2.82703e-07, 20
48.86, 10, 2.81808e-07, 20
48.87, 10, 2.80915e-07, 20
48.88, 10, 2.80026e-07, 20
48.89, 10, 2.79139e-07, 20
48.9, 10, 2.78255e-07, 20
48.91, 10, 2.77374e-07, 20
48.92, 10, 2.76495e-07, 20
48.93, 10, 2.75619e-07, 20
48.94, 10, 2.74746e-07, 20
48.95, 10, 2.73876e-07, 20
48.96, 10, 2.73009e-07, 20
48.97, 10, 2.72144e-07, 20
48.98, 10, 2.71282e-07, 20
48.99, 10, 2.70423e-07, 20
49, 10, 2.69567e-07, 20
49.01, 10, 2.68713e-07, 20
49.02, 10, 2.67862e-07, 20
49.03, 10, 2.67014e-07, 20
49.04, 10, 2.66168e-07, 20
49.05, 10, 2.65325e-07, 20
49.06, 10, 2.64485e-07, 20
49.07, 10, 2.63647e-07, 20
49.08, 10, 2.62812e-07, 20
49.09, 10, 2.6198e-07, 20
49.1, 10, 2.6115e-07, 20
49.11, 10, 2.60323e-07, 20
49.12, 10, 2.59498e-07, 20
49.13, 10, 2.58677e-07, 20
49.14, 10, 2.57857e-07, 20
49.15, 10, 2.57041e-07, 20
49.16, 10, 2.56227e-07, 20
49.17, 10, 2.55415e-07, 20
49.18, 10, 2.54606e-07, 20
49.19, 10, 2.538e-07, 20
49.2, 10, 2.52996e-07, 20
49.21, 10, 2.52195e-07, 20
49.22, 10, 2.51396e-07, 20
49.23, 10, 2.506e-07, 20
49.24, 10, 2.49806e-07, 20
49.25, 10, 2.49015e-07, 20
49.26, 10, 2.48226e-07, 20
49.27, 10, 2.4744e-07, 20
49.28, 10, 2.46657e-07, 20
49.29, 10, 2.45875e-07, 20
49.3, 10, 2.45097e-07, 20
49.31, 10, 2.4432e-07, 20
49.32, 10, 2.43547e-07, 20
49.33, 10, 2.42775e-07, 20
49.34, 10, 2.42006e-07, 20
49.35, 10, 2.4124e-07, 20
49.36, 10, 2.40476e-07, 20
49.37, 10, 2.39714e-07, 20
49.38, 10, 2.38955e-07, 20
49.39, 10, 2.38198e-07, 20
49.4, 10, 2.37444e-07, 20
49.41, 10, 2.36692e-07, 20
49.42, 10, 2.35942e-07, 20
49.43, 10, 2.35195e-07, 20
49.44, 10, 2.3445e-07, 20
49.45, 10, 2.33708e-07, 20
49.46, 10, 2.32968e-07, 20
49.47, 10, 2.3223e-07, 20
49.48, 10, 2.31494e-07, 20
49.49, 10, 2.30761e-07, 20
49.5, 10, 2.3003e-07, 20
49.51, 10, 2.29302e-07, 20
49.52, 10, 2.28575e-07, 20
49.53, 10, 2.27852e-07, 20
49.54, 10, 2.2713e-07, 20
49.55, 10, 2.26411e-07, 20
49.56, 10, 2.25694e-07, 20
49.57, 10, 2.24979e-07, 20
49.58, 10, 2.24266e-07, 20
49.59, 10, 2.23556e-07, 20
49.6, 10, 2.22848e-07, 20
49.61, 10, 2.22142e-07, 20
49.62, 10, 2.21439e-07, 20
49.63, 10, 2.20737e-07, 20
49.64, 10, 2.20038e-07, 20
49.65, 10, 2.19341e-07, 20
49.66, 10, 2.18647e-07, 20
49.67, 10, 2.17954e-07, 20
49.68, 10, 2.17264e-07, 20
49.69, 10, 2.16576e-07, 20
49.7, 10, 2.1589e-07, 20
49.71, 10, 2.15206e-07, 20
49.72, 10, 2.14525e-07, 20
49.73, 10, 2.13845e-07, 20
49.74, 10, 2.13168e-07, 20
49.75, 10, 2.12493e-07, 20
49.76, 10, 2.1182e-07, 20
49.77, 10, 2.11149e-07, 20
49.78, 10, 2.1048e-07, 20
49.79, 10, 2.09814e-07, 20
49.8, 10, 2.09149e-07, 20
49.81, 10, 2.08487e-07, 20
49.82, 10, 2.07826e-07, 20
49.83, 10, 2.07168e-07, 20
49.84, 10, 2.06512e-07, 20
49.85, 10, 2.05858e-07, 20
49.86, 10, 2.05206e-07, 20
49.87, 10, 2.04556e-07, 20
49.88, 10, 2.03908e-07, 20
49.89, 10, 2.03263e-07, 20
49.9, 10, 2.02619e-07, 20
49.91, 10, 2.01977e-07, 20
49.92, 10, 2.01337e-07, 20
49.93, 10, 2.007e-07, 20
49.94, 10, 2.00064e-07, 20
49.95, 10, 1.9943e-07, 20
49.96, 10, 1.98799e-07, 20
49.97, 10, 1.98169e-07, 20
49.98, 10, 1.97542e-07, 20
49.99, 10, 1.96916e-07, 20
50, 10, 1.96292e-07, 20